case:concept:name,concept:name,time:timestamp,org:resource,lifecycle:transition,case:applicant_type,case:priority,cost:amount
case_0001,submitted,2024-01-02 09:00:00-05:00,,complete,new_business,normal,0.0
case_0001,intake_validation,2024-01-03 15:36:02.533107-05:00,clerk_002,complete,new_business,normal,35.93
case_0001,rejected,2024-01-05 09:00:00-05:00,,complete,new_business,normal,0.0
case_0002,submitted,2024-01-02 09:00:00-05:00,,complete,new_business,normal,0.0
case_0002,intake_validation,2024-01-03 13:46:19.573019-05:00,clerk_002,complete,new_business,normal,21.64
case_0002,assigned_to_reviewer,2024-01-05 09:00:00-05:00,,complete,new_business,normal,0.0
case_0002,review_in_progress,2024-01-05 09:06:09.358214-05:00,reviewer_003,complete,new_business,normal,45.32
case_0002,health_inspection,2024-01-10 09:00:00-05:00,inspector_001,complete,new_business,normal,57.36
case_0002,approved,2024-01-16 09:00:00-05:00,,complete,new_business,normal,0.0
case_0003,submitted,2024-01-02 09:00:00-05:00,,complete,renewal,normal,0.0
case_0003,intake_validation,2024-01-04 09:00:00-05:00,clerk_003,complete,renewal,normal,28.06
case_0003,assigned_to_reviewer,2024-01-08 09:00:00-05:00,,complete,renewal,normal,0.0
case_0003,review_in_progress,2024-01-08 09:11:28.173517-05:00,reviewer_001,complete,renewal,normal,29.78
case_0003,health_inspection,2024-01-10 09:00:00-05:00,inspector_002,complete,renewal,normal,40.47
case_0003,rejected,2024-01-16 09:00:00-05:00,,complete,renewal,normal,0.0
case_0004,submitted,2024-01-02 09:00:00-05:00,,complete,new_business,normal,0.0
case_0004,intake_validation,2024-01-04 09:00:00-05:00,clerk_002,complete,new_business,normal,60.83
case_0004,assigned_to_reviewer,2024-01-08 09:00:00-05:00,,complete,new_business,normal,0.0
case_0004,review_in_progress,2024-01-08 09:22:25.844521-05:00,reviewer_004,complete,new_business,normal,50.5
case_0004,health_inspection,2024-01-11 11:32:40.285949-05:00,inspector_003,complete,new_business,normal,53.8
case_0004,approved,2024-01-18 09:00:00-05:00,,complete,new_business,normal,0.0
case_0005,submitted,2024-01-02 09:00:00-05:00,,complete,existing_business,high,0.0
case_0005,intake_validation,2024-01-03 15:21:25.646385-05:00,clerk_002,complete,existing_business,high,48.41
case_0005,assigned_to_reviewer,2024-01-08 09:00:00-05:00,,complete,existing_business,high,0.0
case_0005,review_in_progress,2024-01-08 09:29:56.454153-05:00,reviewer_001,complete,existing_business,high,69.82
case_0005,request_additional_info,2024-01-10 09:00:00-05:00,,complete,existing_business,high,0.0
case_0005,applicant_provided_info,2024-01-16 09:00:00-05:00,,complete,existing_business,high,0.0
case_0005,review_in_progress,2024-01-18 10:31:28.793812-05:00,reviewer_004,complete,existing_business,high,10.74
case_0005,request_additional_info,2024-01-23 09:00:00-05:00,,complete,existing_business,high,0.0
case_0005,applicant_provided_info,2024-01-29 09:00:00-05:00,,complete,existing_business,high,0.0
case_0005,review_in_progress,2024-01-31 15:24:13.696412-05:00,reviewer_001,complete,existing_business,high,42.74
case_0005,request_additional_info,2024-02-05 09:00:00-05:00,,complete,existing_business,high,0.0
case_0005,applicant_provided_info,2024-02-12 09:00:00-05:00,,complete,existing_business,high,0.0
case_0005,review_in_progress,2024-02-15 09:00:00-05:00,reviewer_004,complete,existing_business,high,58.68
case_0005,health_inspection,2024-02-20 09:00:00-05:00,inspector_003,complete,existing_business,high,40.82
case_0005,approved,2024-02-26 09:00:00-05:00,,complete,existing_business,high,0.0
case_0006,submitted,2024-01-02 09:00:00-05:00,,complete,new_business,normal,0.0
case_0006,intake_validation,2024-01-04 09:00:00-05:00,clerk_003,complete,new_business,normal,48.17
case_0006,assigned_to_reviewer,2024-01-08 09:00:00-05:00,,complete,new_business,normal,0.0
case_0006,review_in_progress,2024-01-08 09:17:39.826267-05:00,reviewer_004,complete,new_business,normal,54.85
case_0006,health_inspection,2024-01-16 09:00:00-05:00,inspector_002,complete,new_business,normal,47.12
case_0006,approved,2024-01-22 09:00:00-05:00,,complete,new_business,normal,0.0
case_0007,submitted,2024-01-02 09:00:00-05:00,,complete,new_business,normal,0.0
case_0007,intake_validation,2024-01-04 09:00:00-05:00,clerk_002,complete,new_business,normal,80.3
case_0007,assigned_to_reviewer,2024-01-08 09:00:00-05:00,,complete,new_business,normal,0.0
case_0007,review_in_progress,2024-01-08 09:14:06.843209-05:00,reviewer_002,complete,new_business,normal,51.07
case_0007,request_additional_info,2024-01-16 09:00:00-05:00,,complete,new_business,normal,0.0
case_0007,applicant_provided_info,2024-01-22 12:47:14.991492-05:00,,complete,new_business,normal,0.0
case_0007,review_in_progress,2024-01-25 09:00:00-05:00,reviewer_002,complete,new_business,normal,55.66
case_0007,health_inspection,2024-01-29 09:00:00-05:00,inspector_002,complete,new_business,normal,55.88
case_0007,approved,2024-02-01 09:00:00-05:00,,complete,new_business,normal,0.0
case_0008,submitted,2024-01-02 09:00:00-05:00,,complete,renewal,normal,0.0
case_0008,intake_validation,2024-01-04 09:00:00-05:00,clerk_001,complete,renewal,normal,23.41
case_0008,assigned_to_reviewer,2024-01-08 09:00:00-05:00,,complete,renewal,normal,0.0
case_0008,review_in_progress,2024-01-08 09:11:58.065121-05:00,reviewer_002,complete,renewal,normal,39.31
case_0008,health_inspection,2024-01-16 09:00:00-05:00,inspector_003,complete,renewal,normal,55.71
case_0008,rejected,2024-01-22 09:00:00-05:00,,complete,renewal,normal,0.0
case_0009,submitted,2024-01-02 09:00:00-05:00,,complete,renewal,high,0.0
case_0009,intake_validation,2024-01-04 09:00:00-05:00,clerk_002,complete,renewal,high,53.43
case_0009,assigned_to_reviewer,2024-01-05 16:00:32.759874-05:00,,complete,renewal,high,0.0
case_0009,review_in_progress,2024-01-05 16:12:54.652278-05:00,reviewer_002,complete,renewal,high,64.79
case_0009,health_inspection,2024-01-11 09:00:00-05:00,inspector_002,complete,renewal,high,48.28
case_0009,approved,2024-01-16 09:00:00-05:00,,complete,renewal,high,0.0
case_0010,submitted,2024-01-02 09:00:00-05:00,,complete,new_business,normal,0.0
case_0010,intake_validation,2024-01-04 09:00:00-05:00,clerk_003,complete,new_business,normal,41.47
case_0010,assigned_to_reviewer,2024-01-05 16:33:24.375388-05:00,,complete,new_business,normal,0.0
case_0010,review_in_progress,2024-01-05 16:43:51.963332-05:00,reviewer_003,complete,new_business,normal,50.7
case_0010,request_additional_info,2024-01-10 09:00:00-05:00,,complete,new_business,normal,0.0
case_0010,applicant_provided_info,2024-01-16 09:00:00-05:00,,complete,new_business,normal,0.0
case_0010,review_in_progress,2024-01-19 09:00:00-05:00,reviewer_004,complete,new_business,normal,57.55
case_0010,health_inspection,2024-01-22 09:00:00-05:00,inspector_002,complete,new_business,normal,44.01
case_0010,approved,2024-01-26 09:00:00-05:00,,complete,new_business,normal,0.0
case_0011,submitted,2024-01-02 09:00:00-05:00,,complete,renewal,high,0.0
case_0011,intake_validation,2024-01-03 10:45:29.726303-05:00,clerk_001,complete,renewal,high,38.83
case_0011,assigned_to_reviewer,2024-01-08 09:00:00-05:00,,complete,renewal,high,0.0
case_0011,review_in_progress,2024-01-08 09:14:52.119008-05:00,reviewer_004,complete,renewal,high,44.06
case_0011,health_inspection,2024-01-16 09:00:00-05:00,inspector_003,complete,renewal,high,30.24
case_0011,rejected,2024-01-19 09:00:00-05:00,,complete,renewal,high,0.0
case_0012,submitted,2024-01-02 09:00:00-05:00,,complete,new_business,low,0.0
case_0012,intake_validation,2024-01-04 09:00:00-05:00,clerk_002,complete,new_business,low,47.95
case_0012,assigned_to_reviewer,2024-01-08 09:00:00-05:00,,complete,new_business,low,0.0
case_0012,review_in_progress,2024-01-08 09:27:43.684547-05:00,reviewer_001,complete,new_business,low,40.09
case_0012,health_inspection,2024-01-10 15:10:59.704100-05:00,inspector_003,complete,new_business,low,42.39
case_0012,approved,2024-01-16 09:00:00-05:00,,complete,new_business,low,0.0
case_0013,submitted,2024-01-02 09:00:00-05:00,,complete,renewal,low,0.0
case_0013,intake_validation,2024-01-04 09:00:00-05:00,clerk_003,complete,renewal,low,41.13
case_0013,assigned_to_reviewer,2024-01-08 09:00:00-05:00,,complete,renewal,low,0.0
case_0013,review_in_progress,2024-01-08 09:13:23.892024-05:00,reviewer_004,complete,renewal,low,70.58
case_0013,health_inspection,2024-01-11 09:00:00-05:00,inspector_003,complete,renewal,low,25.35
case_0013,approved,2024-01-17 16:18:55.429232-05:00,,complete,renewal,low,0.0
case_0014,submitted,2024-01-02 09:00:00-05:00,,complete,renewal,high,0.0
case_0014,intake_validation,2024-01-04 09:00:00-05:00,clerk_003,complete,renewal,high,74.2
case_0014,assigned_to_reviewer,2024-01-08 09:00:00-05:00,,complete,renewal,high,0.0
case_0014,review_in_progress,2024-01-08 09:26:44.252201-05:00,reviewer_002,complete,renewal,high,53.8
case_0014,request_additional_info,2024-01-16 09:00:00-05:00,,complete,renewal,high,0.0
case_0014,applicant_provided_info,2024-01-22 12:38:14.741494-05:00,,complete,renewal,high,0.0
case_0014,review_in_progress,2024-01-25 09:00:00-05:00,reviewer_002,complete,renewal,high,53.03
case_0014,health_inspection,2024-01-29 09:00:00-05:00,inspector_003,complete,renewal,high,39.65
case_0014,approved,2024-02-05 09:00:00-05:00,,complete,renewal,high,0.0
case_0015,submitted,2024-01-02 09:00:00-05:00,,complete,existing_business,high,0.0
case_0015,intake_validation,2024-01-04 09:00:00-05:00,clerk_003,complete,existing_business,high,66.68
case_0015,assigned_to_reviewer,2024-01-08 09:00:00-05:00,,complete,existing_business,high,0.0
case_0015,review_in_progress,2024-01-08 09:23:29.104887-05:00,reviewer_003,complete,existing_business,high,84.64
case_0015,health_inspection,2024-01-12 09:00:00-05:00,inspector_001,complete,existing_business,high,49.78
case_0015,approved,2024-01-18 09:00:00-05:00,,complete,existing_business,high,0.0
case_0016,submitted,2024-01-02 09:00:00-05:00,,complete,new_business,normal,0.0
case_0016,intake_validation,2024-01-03 10:40:45.737281-05:00,clerk_002,complete,new_business,normal,49.16
case_0016,assigned_to_reviewer,2024-01-05 14:27:20.017501-05:00,,complete,new_business,normal,0.0
case_0016,review_in_progress,2024-01-05 14:40:32.481567-05:00,reviewer_002,complete,new_business,normal,39.73
case_0016,request_additional_info,2024-01-09 09:00:00-05:00,,complete,new_business,normal,0.0
case_0016,withdrawn,2024-01-16 09:00:00-05:00,,complete,new_business,normal,0.0
case_0017,submitted,2024-01-02 09:00:00-05:00,,complete,existing_business,normal,0.0
case_0017,intake_validation,2024-01-03 09:00:35.073190-05:00,clerk_002,complete,existing_business,normal,57.23
case_0017,assigned_to_reviewer,2024-01-08 09:00:00-05:00,,complete,existing_business,normal,0.0
case_0017,review_in_progress,2024-01-08 09:16:36.710111-05:00,reviewer_002,complete,existing_business,normal,71.75
case_0017,health_inspection,2024-01-11 09:00:00-05:00,inspector_002,complete,existing_business,normal,34.44
case_0017,approved,2024-01-16 09:00:00-05:00,,complete,existing_business,normal,0.0
case_0018,submitted,2024-01-02 09:00:00-05:00,,complete,new_business,normal,0.0
case_0018,intake_validation,2024-01-03 09:35:10.353500-05:00,clerk_002,complete,new_business,normal,53.42
case_0018,assigned_to_reviewer,2024-01-05 16:18:30.616129-05:00,,complete,new_business,normal,0.0
case_0018,review_in_progress,2024-01-05 16:41:13.366250-05:00,reviewer_002,complete,new_business,normal,45.28
case_0018,request_additional_info,2024-01-10 09:00:00-05:00,,complete,new_business,normal,0.0
case_0018,applicant_provided_info,2024-01-16 09:00:00-05:00,,complete,new_business,normal,0.0
case_0018,review_in_progress,2024-01-19 09:00:00-05:00,reviewer_004,complete,new_business,normal,45.22
case_0018,health_inspection,2024-01-22 14:35:23.726048-05:00,inspector_003,complete,new_business,normal,49.46
case_0018,approved,2024-01-29 09:00:00-05:00,,complete,new_business,normal,0.0
case_0019,submitted,2024-01-02 09:00:00-05:00,,complete,existing_business,high,0.0
case_0019,intake_validation,2024-01-04 09:00:00-05:00,clerk_003,complete,existing_business,high,19.44
case_0019,assigned_to_reviewer,2024-01-08 09:00:00-05:00,,complete,existing_business,high,0.0
case_0019,review_in_progress,2024-01-08 09:11:56.025222-05:00,reviewer_004,complete,existing_business,high,40.52
case_0019,health_inspection,2024-01-12 09:40:15.296589-05:00,inspector_001,complete,existing_business,high,47.34
case_0019,approved,2024-01-16 09:00:00-05:00,,complete,existing_business,high,0.0
case_0020,submitted,2024-01-02 09:00:00-05:00,,complete,renewal,normal,0.0
case_0020,intake_validation,2024-01-03 10:32:29.372702-05:00,clerk_002,complete,renewal,normal,61.65
case_0020,assigned_to_reviewer,2024-01-05 10:39:03.117626-05:00,,complete,renewal,normal,0.0
case_0020,review_in_progress,2024-01-05 11:06:46.085035-05:00,reviewer_003,complete,renewal,normal,65.88
case_0020,health_inspection,2024-01-08 14:30:00.847733-05:00,inspector_003,complete,renewal,normal,29.98
case_0020,approved,2024-01-16 09:00:00-05:00,,complete,renewal,normal,0.0
case_0021,submitted,2024-01-02 09:00:00-05:00,,complete,existing_business,normal,0.0
case_0021,intake_validation,2024-01-03 14:17:34.543190-05:00,clerk_002,complete,existing_business,normal,63.35
case_0021,assigned_to_reviewer,2024-01-08 09:00:00-05:00,,complete,existing_business,normal,0.0
case_0021,review_in_progress,2024-01-08 09:17:13.041815-05:00,reviewer_003,complete,existing_business,normal,52.46
case_0021,health_inspection,2024-01-10 11:13:42.746149-05:00,inspector_001,complete,existing_business,normal,44.94
case_0021,approved,2024-01-16 09:00:00-05:00,,complete,existing_business,normal,0.0
case_0022,submitted,2024-01-02 09:00:00-05:00,,complete,renewal,normal,0.0
case_0022,intake_validation,2024-01-04 09:00:00-05:00,clerk_003,complete,renewal,normal,43.67
case_0022,rejected,2024-01-08 09:00:00-05:00,,complete,renewal,normal,0.0
case_0023,submitted,2024-01-02 09:00:00-05:00,,complete,new_business,high,0.0
case_0023,intake_validation,2024-01-04 09:00:00-05:00,clerk_002,complete,new_business,high,50.98
case_0023,assigned_to_reviewer,2024-01-08 09:00:00-05:00,,complete,new_business,high,0.0
case_0023,review_in_progress,2024-01-08 09:09:01.758204-05:00,reviewer_003,complete,new_business,high,13.34
case_0023,request_additional_info,2024-01-11 09:00:00-05:00,,complete,new_business,high,0.0
case_0023,applicant_provided_info,2024-01-16 09:00:00-05:00,,complete,new_business,high,0.0
case_0023,review_in_progress,2024-01-19 09:00:00-05:00,reviewer_004,complete,new_business,high,57.0
case_0023,request_additional_info,2024-01-22 09:00:00-05:00,,complete,new_business,high,0.0
case_0023,applicant_provided_info,2024-01-29 09:00:00-05:00,,complete,new_business,high,0.0
case_0023,review_in_progress,2024-02-01 09:00:00-05:00,reviewer_003,complete,new_business,high,48.42
case_0023,request_additional_info,2024-02-05 09:00:00-05:00,,complete,new_business,high,0.0
case_0023,applicant_provided_info,2024-02-12 09:00:00-05:00,,complete,new_business,high,0.0
case_0023,review_in_progress,2024-02-14 11:54:19.157622-05:00,reviewer_004,complete,new_business,high,40.9
case_0023,health_inspection,2024-02-20 09:00:00-05:00,inspector_003,complete,new_business,high,63.0
case_0023,rejected,2024-02-26 09:00:00-05:00,,complete,new_business,high,0.0
case_0024,submitted,2024-01-02 09:00:00-05:00,,complete,renewal,high,0.0
case_0024,intake_validation,2024-01-04 09:00:00-05:00,clerk_003,complete,renewal,high,46.57
case_0024,assigned_to_reviewer,2024-01-08 09:00:00-05:00,,complete,renewal,high,0.0
case_0024,review_in_progress,2024-01-08 09:23:32.677749-05:00,reviewer_004,complete,renewal,high,77.04
case_0024,request_additional_info,2024-01-16 09:00:00-05:00,,complete,renewal,high,0.0
case_0024,applicant_provided_info,2024-01-19 09:00:00-05:00,,complete,renewal,high,0.0
case_0024,review_in_progress,2024-01-22 09:00:00-05:00,reviewer_001,complete,renewal,high,55.63
case_0024,health_inspection,2024-01-24 09:00:00-05:00,inspector_003,complete,renewal,high,42.35
case_0024,approved,2024-01-29 13:58:13.656172-05:00,,complete,renewal,high,0.0
case_0025,submitted,2024-01-02 09:00:00-05:00,,complete,renewal,low,0.0
case_0025,intake_validation,2024-01-04 09:00:00-05:00,clerk_002,complete,renewal,low,39.4
case_0025,assigned_to_reviewer,2024-01-08 09:00:00-05:00,,complete,renewal,low,0.0
case_0025,review_in_progress,2024-01-08 09:22:36.173504-05:00,reviewer_003,complete,renewal,low,36.17
case_0025,health_inspection,2024-01-12 09:00:00-05:00,inspector_003,complete,renewal,low,38.64
case_0025,approved,2024-01-16 09:00:00-05:00,,complete,renewal,low,0.0
case_0026,submitted,2024-01-02 09:00:00-05:00,,complete,existing_business,low,0.0
case_0026,intake_validation,2024-01-04 09:00:00-05:00,clerk_001,complete,existing_business,low,70.42
case_0026,assigned_to_reviewer,2024-01-08 09:00:00-05:00,,complete,existing_business,low,0.0
case_0026,review_in_progress,2024-01-08 09:18:35.477092-05:00,reviewer_001,complete,existing_business,low,53.71
case_0026,health_inspection,2024-01-10 09:00:00-05:00,inspector_001,complete,existing_business,low,60.12
case_0026,approved,2024-01-16 14:26:47.927259-05:00,,complete,existing_business,low,0.0
case_0027,submitted,2024-01-02 09:00:00-05:00,,complete,existing_business,high,0.0
case_0027,intake_validation,2024-01-04 09:00:00-05:00,clerk_002,complete,existing_business,high,41.09
case_0027,assigned_to_reviewer,2024-01-08 09:00:00-05:00,,complete,existing_business,high,0.0
case_0027,review_in_progress,2024-01-08 09:25:43.846529-05:00,reviewer_001,complete,existing_business,high,53.5
case_0027,health_inspection,2024-01-11 09:00:00-05:00,inspector_002,complete,existing_business,high,34.1
case_0027,approved,2024-01-16 09:00:00-05:00,,complete,existing_business,high,0.0
case_0028,submitted,2024-01-02 09:00:00-05:00,,complete,existing_business,normal,0.0
case_0028,intake_validation,2024-01-04 09:00:00-05:00,clerk_003,complete,existing_business,normal,95.2
case_0028,assigned_to_reviewer,2024-01-08 09:00:00-05:00,,complete,existing_business,normal,0.0
case_0028,review_in_progress,2024-01-08 09:20:37.868514-05:00,reviewer_004,complete,existing_business,normal,52.71
case_0028,health_inspection,2024-01-12 11:14:26.504449-05:00,inspector_001,complete,existing_business,normal,59.97
case_0028,approved,2024-01-16 09:00:00-05:00,,complete,existing_business,normal,0.0
case_0029,submitted,2024-01-02 09:00:00-05:00,,complete,renewal,normal,0.0
case_0029,intake_validation,2024-01-04 09:00:00-05:00,clerk_002,complete,renewal,normal,73.45
case_0029,assigned_to_reviewer,2024-01-08 09:00:00-05:00,,complete,renewal,normal,0.0
case_0029,review_in_progress,2024-01-08 09:16:12.200111-05:00,reviewer_003,complete,renewal,normal,37.85
case_0029,health_inspection,2024-01-16 09:00:00-05:00,inspector_001,complete,renewal,normal,41.17
case_0029,approved,2024-01-22 09:00:00-05:00,,complete,renewal,normal,0.0
case_0030,submitted,2024-01-02 09:00:00-05:00,,complete,renewal,normal,0.0
case_0030,intake_validation,2024-01-04 09:00:00-05:00,clerk_001,complete,renewal,normal,73.32
case_0030,assigned_to_reviewer,2024-01-05 09:00:00-05:00,,complete,renewal,normal,0.0
case_0030,review_in_progress,2024-01-05 09:12:00.529779-05:00,reviewer_004,complete,renewal,normal,60.09
case_0030,request_additional_info,2024-01-11 09:00:00-05:00,,complete,renewal,normal,0.0
case_0030,applicant_provided_info,2024-01-16 09:00:00-05:00,,complete,renewal,normal,0.0
case_0030,review_in_progress,2024-01-19 09:00:00-05:00,reviewer_003,complete,renewal,normal,33.17
case_0030,request_additional_info,2024-01-24 09:00:00-05:00,,complete,renewal,normal,0.0
case_0030,applicant_provided_info,2024-01-29 09:00:00-05:00,,complete,renewal,normal,0.0
case_0030,review_in_progress,2024-01-31 11:11:23.343904-05:00,reviewer_002,complete,renewal,normal,35.75
case_0030,health_inspection,2024-02-05 09:00:00-05:00,inspector_003,complete,renewal,normal,24.03
case_0030,approved,2024-02-12 09:00:00-05:00,,complete,renewal,normal,0.0
case_0031,submitted,2024-01-02 09:00:00-05:00,,complete,renewal,normal,0.0
case_0031,intake_validation,2024-01-04 09:00:00-05:00,clerk_003,complete,renewal,normal,39.72
case_0031,assigned_to_reviewer,2024-01-08 09:00:00-05:00,,complete,renewal,normal,0.0
case_0031,review_in_progress,2024-01-08 09:24:09.278142-05:00,reviewer_004,complete,renewal,normal,34.31
case_0031,request_additional_info,2024-01-11 09:00:00-05:00,,complete,renewal,normal,0.0
case_0031,applicant_provided_info,2024-01-16 09:00:00-05:00,,complete,renewal,normal,0.0
case_0031,review_in_progress,2024-01-18 11:54:51.213603-05:00,reviewer_003,complete,renewal,normal,50.59
case_0031,health_inspection,2024-01-22 09:00:00-05:00,inspector_003,complete,renewal,normal,58.79
case_0031,approved,2024-01-29 09:00:00-05:00,,complete,renewal,normal,0.0
case_0032,submitted,2024-01-02 09:00:00-05:00,,complete,renewal,normal,0.0
case_0032,intake_validation,2024-01-04 09:00:00-05:00,clerk_003,complete,renewal,normal,61.13
case_0032,assigned_to_reviewer,2024-01-08 09:00:00-05:00,,complete,renewal,normal,0.0
case_0032,review_in_progress,2024-01-08 09:18:11.866884-05:00,reviewer_004,complete,renewal,normal,48.61
case_0032,health_inspection,2024-01-11 16:18:48.791026-05:00,inspector_003,complete,renewal,normal,22.23
case_0032,approved,2024-01-16 09:00:00-05:00,,complete,renewal,normal,0.0
case_0033,submitted,2024-01-02 09:00:00-05:00,,complete,new_business,normal,0.0
case_0033,intake_validation,2024-01-04 09:00:00-05:00,clerk_002,complete,new_business,normal,48.65
case_0033,assigned_to_reviewer,2024-01-08 09:00:00-05:00,,complete,new_business,normal,0.0
case_0033,review_in_progress,2024-01-08 09:10:31.659418-05:00,reviewer_003,complete,new_business,normal,52.67
case_0033,request_additional_info,2024-01-10 12:19:05.039344-05:00,,complete,new_business,normal,0.0
case_0033,applicant_provided_info,2024-01-16 09:09:39.414434-05:00,,complete,new_business,normal,0.0
case_0033,review_in_progress,2024-01-19 09:00:00-05:00,reviewer_004,complete,new_business,normal,75.79
case_0033,health_inspection,2024-01-23 09:00:00-05:00,inspector_002,complete,new_business,normal,70.87
case_0033,approved,2024-01-29 09:00:00-05:00,,complete,new_business,normal,0.0
case_0034,submitted,2024-01-02 09:00:00-05:00,,complete,existing_business,normal,0.0
case_0034,intake_validation,2024-01-03 12:42:16.809302-05:00,clerk_003,complete,existing_business,normal,27.7
case_0034,assigned_to_reviewer,2024-01-05 09:00:00-05:00,,complete,existing_business,normal,0.0
case_0034,review_in_progress,2024-01-05 09:26:26.542021-05:00,reviewer_004,complete,existing_business,normal,40.46
case_0034,request_additional_info,2024-01-10 09:00:00-05:00,,complete,existing_business,normal,0.0
case_0034,applicant_provided_info,2024-01-11 14:10:10.093356-05:00,,complete,existing_business,normal,0.0
case_0034,review_in_progress,2024-01-16 09:00:00-05:00,reviewer_004,complete,existing_business,normal,58.96
case_0034,health_inspection,2024-01-22 09:00:00-05:00,inspector_002,complete,existing_business,normal,61.31
case_0034,approved,2024-01-29 09:00:00-05:00,,complete,existing_business,normal,0.0
case_0035,submitted,2024-01-02 09:00:00-05:00,,complete,new_business,normal,0.0
case_0035,intake_validation,2024-01-03 12:29:37.230348-05:00,clerk_002,complete,new_business,normal,38.34
case_0035,assigned_to_reviewer,2024-01-08 09:00:00-05:00,,complete,new_business,normal,0.0
case_0035,review_in_progress,2024-01-08 09:26:54.009022-05:00,reviewer_002,complete,new_business,normal,57.12
case_0035,health_inspection,2024-01-12 15:56:40.991206-05:00,inspector_001,complete,new_business,normal,45.66
case_0035,approved,2024-01-18 09:00:00-05:00,,complete,new_business,normal,0.0
case_0036,submitted,2024-01-02 09:00:00-05:00,,complete,new_business,normal,0.0
case_0036,intake_validation,2024-01-04 09:00:00-05:00,clerk_002,complete,new_business,normal,49.98
case_0036,assigned_to_reviewer,2024-01-08 09:00:00-05:00,,complete,new_business,normal,0.0
case_0036,review_in_progress,2024-01-08 09:11:41.576211-05:00,reviewer_003,complete,new_business,normal,78.98
case_0036,health_inspection,2024-01-16 09:00:00-05:00,inspector_002,complete,new_business,normal,47.03
case_0036,approved,2024-01-23 09:00:00-05:00,,complete,new_business,normal,0.0
case_0037,submitted,2024-01-02 09:00:00-05:00,,complete,renewal,normal,0.0
case_0037,intake_validation,2024-01-03 15:52:07.174686-05:00,clerk_002,complete,renewal,normal,69.15
case_0037,assigned_to_reviewer,2024-01-08 09:00:00-05:00,,complete,renewal,normal,0.0
case_0037,review_in_progress,2024-01-08 09:22:15.980820-05:00,reviewer_003,complete,renewal,normal,61.12
case_0037,health_inspection,2024-01-16 09:00:00-05:00,inspector_002,complete,renewal,normal,32.07
case_0037,approved,2024-01-22 09:00:00-05:00,,complete,renewal,normal,0.0
case_0038,submitted,2024-01-02 09:00:00-05:00,,complete,new_business,normal,0.0
case_0038,intake_validation,2024-01-03 12:10:18.606525-05:00,clerk_003,complete,new_business,normal,17.43
case_0038,assigned_to_reviewer,2024-01-08 09:00:00-05:00,,complete,new_business,normal,0.0
case_0038,review_in_progress,2024-01-08 09:17:33.860875-05:00,reviewer_004,complete,new_business,normal,43.61
case_0038,request_additional_info,2024-01-11 10:47:25.687546-05:00,,complete,new_business,normal,0.0
case_0038,withdrawn,2024-01-16 09:00:00-05:00,,complete,new_business,normal,0.0
case_0039,submitted,2024-01-02 09:00:00-05:00,,complete,renewal,normal,0.0
case_0039,intake_validation,2024-01-04 09:00:00-05:00,clerk_002,complete,renewal,normal,50.63
case_0039,assigned_to_reviewer,2024-01-08 09:00:00-05:00,,complete,renewal,normal,0.0
case_0039,review_in_progress,2024-01-08 09:22:08.170748-05:00,reviewer_004,complete,renewal,normal,47.57
case_0039,health_inspection,2024-01-16 09:00:00-05:00,inspector_001,complete,renewal,normal,64.38
case_0039,approved,2024-01-22 09:00:00-05:00,,complete,renewal,normal,0.0
case_0040,submitted,2024-01-02 09:00:00-05:00,,complete,new_business,high,0.0
case_0040,intake_validation,2024-01-04 09:00:00-05:00,clerk_003,complete,new_business,high,37.19
case_0040,assigned_to_reviewer,2024-01-08 09:00:00-05:00,,complete,new_business,high,0.0
case_0040,review_in_progress,2024-01-08 09:27:17.653404-05:00,reviewer_002,complete,new_business,high,38.15
case_0040,request_additional_info,2024-01-16 09:00:00-05:00,,complete,new_business,high,0.0
case_0040,applicant_provided_info,2024-01-18 09:00:00-05:00,,complete,new_business,high,0.0
case_0040,review_in_progress,2024-01-22 09:00:00-05:00,reviewer_002,complete,new_business,high,28.29
case_0040,health_inspection,2024-01-29 09:00:00-05:00,inspector_002,complete,new_business,high,78.09
case_0040,approved,2024-01-31 11:43:25.889984-05:00,,complete,new_business,high,0.0
case_0041,submitted,2024-01-02 09:00:00-05:00,,complete,new_business,normal,0.0
case_0041,intake_validation,2024-01-03 13:33:19.459771-05:00,clerk_003,complete,new_business,normal,40.98
case_0041,assigned_to_reviewer,2024-01-05 11:22:54.621060-05:00,,complete,new_business,normal,0.0
case_0041,review_in_progress,2024-01-05 11:43:14.511242-05:00,reviewer_004,complete,new_business,normal,50.31
case_0041,request_additional_info,2024-01-09 09:00:00-05:00,,complete,new_business,normal,0.0
case_0041,applicant_provided_info,2024-01-11 14:49:50.380788-05:00,,complete,new_business,normal,0.0
case_0041,review_in_progress,2024-01-16 09:00:00-05:00,reviewer_001,complete,new_business,normal,57.78
case_0041,request_additional_info,2024-01-19 12:03:35.363123-05:00,,complete,new_business,normal,0.0
case_0041,applicant_provided_info,2024-01-22 09:00:00-05:00,,complete,new_business,normal,0.0
case_0041,review_in_progress,2024-01-24 15:00:56.522597-05:00,reviewer_003,complete,new_business,normal,52.56
case_0041,health_inspection,2024-01-29 09:00:00-05:00,inspector_001,complete,new_business,normal,50.42
case_0041,approved,2024-01-30 14:45:48.355078-05:00,,complete,new_business,normal,0.0
case_0042,submitted,2024-01-02 09:00:00-05:00,,complete,renewal,normal,0.0
case_0042,intake_validation,2024-01-04 09:00:00-05:00,clerk_002,complete,renewal,normal,54.21
case_0042,assigned_to_reviewer,2024-01-08 09:00:00-05:00,,complete,renewal,normal,0.0
case_0042,review_in_progress,2024-01-08 09:16:59.581232-05:00,reviewer_001,complete,renewal,normal,48.5
case_0042,request_additional_info,2024-01-11 09:00:00-05:00,,complete,renewal,normal,0.0
case_0042,withdrawn,2024-01-16 09:00:00-05:00,,complete,renewal,normal,0.0
case_0043,submitted,2024-01-02 09:00:00-05:00,,complete,existing_business,low,0.0
case_0043,intake_validation,2024-01-03 10:34:34.944959-05:00,clerk_002,complete,existing_business,low,37.31
case_0043,assigned_to_reviewer,2024-01-08 09:00:00-05:00,,complete,existing_business,low,0.0
case_0043,review_in_progress,2024-01-08 09:20:31.814580-05:00,reviewer_003,complete,existing_business,low,46.02
case_0043,request_additional_info,2024-01-16 09:00:00-05:00,,complete,existing_business,low,0.0
case_0043,applicant_provided_info,2024-01-22 09:00:00-05:00,,complete,existing_business,low,0.0
case_0043,review_in_progress,2024-01-25 09:00:00-05:00,reviewer_002,complete,existing_business,low,35.1
case_0043,request_additional_info,2024-01-29 09:00:00-05:00,,complete,existing_business,low,0.0
case_0043,applicant_provided_info,2024-02-01 14:53:57.650549-05:00,,complete,existing_business,low,0.0
case_0043,review_in_progress,2024-02-05 09:00:00-05:00,reviewer_004,complete,existing_business,low,54.48
case_0043,request_additional_info,2024-02-07 16:19:39.954048-05:00,,complete,existing_business,low,0.0
case_0043,applicant_provided_info,2024-02-13 13:13:21.151536-05:00,,complete,existing_business,low,0.0
case_0043,review_in_progress,2024-02-16 09:00:00-05:00,reviewer_002,complete,existing_business,low,60.08
case_0043,request_additional_info,2024-02-22 12:42:29.602629-05:00,,complete,existing_business,low,0.0
case_0043,withdrawn,2024-02-28 09:00:00-05:00,,complete,existing_business,low,0.0
case_0044,submitted,2024-01-02 09:00:00-05:00,,complete,existing_business,normal,0.0
case_0044,intake_validation,2024-01-03 14:06:20.632810-05:00,clerk_001,complete,existing_business,normal,59.73
case_0044,assigned_to_reviewer,2024-01-04 14:16:04.645400-05:00,,complete,existing_business,normal,0.0
case_0044,review_in_progress,2024-01-04 14:40:22.797510-05:00,reviewer_004,complete,existing_business,normal,72.88
case_0044,request_additional_info,2024-01-09 14:57:50.727498-05:00,,complete,existing_business,normal,0.0
case_0044,withdrawn,2024-01-11 09:00:00-05:00,,complete,existing_business,normal,0.0
case_0045,submitted,2024-01-02 09:00:00-05:00,,complete,new_business,normal,0.0
case_0045,intake_validation,2024-01-04 09:00:00-05:00,clerk_002,complete,new_business,normal,16.41
case_0045,assigned_to_reviewer,2024-01-08 09:00:00-05:00,,complete,new_business,normal,0.0
case_0045,review_in_progress,2024-01-08 09:15:37.129455-05:00,reviewer_003,complete,new_business,normal,74.38
case_0045,health_inspection,2024-01-11 09:00:00-05:00,inspector_002,complete,new_business,normal,54.75
case_0045,approved,2024-01-18 11:53:09.831839-05:00,,complete,new_business,normal,0.0
case_0046,submitted,2024-01-02 09:00:00-05:00,,complete,new_business,low,0.0
case_0046,intake_validation,2024-01-04 09:00:00-05:00,clerk_001,complete,new_business,low,40.91
case_0046,assigned_to_reviewer,2024-01-08 09:00:00-05:00,,complete,new_business,low,0.0
case_0046,review_in_progress,2024-01-08 09:08:43.897212-05:00,reviewer_002,complete,new_business,low,35.28
case_0046,request_additional_info,2024-01-16 09:00:00-05:00,,complete,new_business,low,0.0
case_0046,applicant_provided_info,2024-01-17 15:32:24.360774-05:00,,complete,new_business,low,0.0
case_0046,review_in_progress,2024-01-22 09:00:00-05:00,reviewer_002,complete,new_business,low,51.97
case_0046,health_inspection,2024-01-26 09:00:00-05:00,inspector_003,complete,new_business,low,57.91
case_0046,approved,2024-01-29 09:00:00-05:00,,complete,new_business,low,0.0
case_0047,submitted,2024-01-02 09:00:00-05:00,,complete,renewal,high,0.0
case_0047,intake_validation,2024-01-03 10:43:47.322906-05:00,clerk_001,complete,renewal,high,83.58
case_0047,assigned_to_reviewer,2024-01-05 15:25:51.941701-05:00,,complete,renewal,high,0.0
case_0047,review_in_progress,2024-01-05 15:48:53.620206-05:00,reviewer_001,complete,renewal,high,53.97
case_0047,request_additional_info,2024-01-08 09:00:00-05:00,,complete,renewal,high,0.0
case_0047,applicant_provided_info,2024-01-16 09:00:00-05:00,,complete,renewal,high,0.0
case_0047,review_in_progress,2024-01-19 09:00:00-05:00,reviewer_004,complete,renewal,high,50.84
case_0047,health_inspection,2024-01-23 09:00:00-05:00,inspector_002,complete,renewal,high,69.98
case_0047,approved,2024-01-29 09:00:00-05:00,,complete,renewal,high,0.0
case_0048,submitted,2024-01-02 09:00:00-05:00,,complete,renewal,normal,0.0
case_0048,intake_validation,2024-01-04 09:00:00-05:00,clerk_003,complete,renewal,normal,54.38
case_0048,assigned_to_reviewer,2024-01-05 16:01:45.560918-05:00,,complete,renewal,normal,0.0
case_0048,review_in_progress,2024-01-05 16:26:00.270944-05:00,reviewer_001,complete,renewal,normal,39.89
case_0048,request_additional_info,2024-01-08 16:56:32.173447-05:00,,complete,renewal,normal,0.0
case_0048,applicant_provided_info,2024-01-16 09:00:00-05:00,,complete,renewal,normal,0.0
case_0048,review_in_progress,2024-01-19 09:00:00-05:00,reviewer_003,complete,renewal,normal,28.74
case_0048,health_inspection,2024-01-23 09:00:00-05:00,inspector_002,complete,renewal,normal,28.87
case_0048,approved,2024-01-29 09:00:00-05:00,,complete,renewal,normal,0.0
case_0049,submitted,2024-01-02 09:00:00-05:00,,complete,existing_business,normal,0.0
case_0049,intake_validation,2024-01-03 10:21:55.300392-05:00,clerk_001,complete,existing_business,normal,69.4
case_0049,assigned_to_reviewer,2024-01-05 09:00:00-05:00,,complete,existing_business,normal,0.0
case_0049,review_in_progress,2024-01-05 09:19:18.215575-05:00,reviewer_004,complete,existing_business,normal,27.78
case_0049,request_additional_info,2024-01-09 09:00:00-05:00,,complete,existing_business,normal,0.0
case_0049,applicant_provided_info,2024-01-12 09:00:00-05:00,,complete,existing_business,normal,0.0
case_0049,review_in_progress,2024-01-16 09:00:00-05:00,reviewer_001,complete,existing_business,normal,61.09
case_0049,health_inspection,2024-01-19 09:00:00-05:00,inspector_001,complete,existing_business,normal,41.85
case_0049,approved,2024-01-22 14:23:03.883454-05:00,,complete,existing_business,normal,0.0
case_0050,submitted,2024-01-02 09:00:00-05:00,,complete,new_business,normal,0.0
case_0050,intake_validation,2024-01-04 09:00:00-05:00,clerk_002,complete,new_business,normal,55.28
case_0050,assigned_to_reviewer,2024-01-05 13:37:52.370283-05:00,,complete,new_business,normal,0.0
case_0050,review_in_progress,2024-01-05 13:50:41.541925-05:00,reviewer_003,complete,new_business,normal,29.0
case_0050,health_inspection,2024-01-10 09:00:00-05:00,inspector_002,complete,new_business,normal,58.78
case_0050,approved,2024-01-19 09:34:03.228786-05:00,,complete,new_business,normal,0.0
case_0051,submitted,2024-01-02 09:00:00-05:00,,complete,new_business,high,0.0
case_0051,intake_validation,2024-01-04 09:00:00-05:00,clerk_003,complete,new_business,high,60.8
case_0051,assigned_to_reviewer,2024-01-08 09:00:00-05:00,,complete,new_business,high,0.0
case_0051,review_in_progress,2024-01-08 09:22:26.996794-05:00,reviewer_003,complete,new_business,high,37.4
case_0051,health_inspection,2024-01-11 11:28:52.312594-05:00,inspector_003,complete,new_business,high,56.58
case_0051,approved,2024-01-16 09:00:00-05:00,,complete,new_business,high,0.0
case_0052,submitted,2024-01-02 09:00:00-05:00,,complete,new_business,high,0.0
case_0052,intake_validation,2024-01-04 09:00:00-05:00,clerk_003,complete,new_business,high,63.21
case_0052,assigned_to_reviewer,2024-01-08 09:00:00-05:00,,complete,new_business,high,0.0
case_0052,review_in_progress,2024-01-08 09:09:53.635985-05:00,reviewer_004,complete,new_business,high,53.19
case_0052,health_inspection,2024-01-16 09:00:00-05:00,inspector_002,complete,new_business,high,45.07
case_0052,approved,2024-01-22 09:00:00-05:00,,complete,new_business,high,0.0
case_0053,submitted,2024-01-02 09:00:00-05:00,,complete,new_business,normal,0.0
case_0053,intake_validation,2024-01-04 09:00:00-05:00,clerk_003,complete,new_business,normal,40.11
case_0053,assigned_to_reviewer,2024-01-08 09:00:00-05:00,,complete,new_business,normal,0.0
case_0053,review_in_progress,2024-01-08 09:17:04.819169-05:00,reviewer_002,complete,new_business,normal,11.53
case_0053,health_inspection,2024-01-16 09:00:00-05:00,inspector_001,complete,new_business,normal,43.3
case_0053,approved,2024-01-22 09:00:00-05:00,,complete,new_business,normal,0.0
case_0054,submitted,2024-01-02 09:00:00-05:00,,complete,renewal,high,0.0
case_0054,intake_validation,2024-01-03 15:50:29.444415-05:00,clerk_001,complete,renewal,high,57.01
case_0054,assigned_to_reviewer,2024-01-05 09:00:00-05:00,,complete,renewal,high,0.0
case_0054,review_in_progress,2024-01-05 09:16:49.624306-05:00,reviewer_001,complete,renewal,high,45.25
case_0054,health_inspection,2024-01-08 09:00:00-05:00,inspector_003,complete,renewal,high,47.46
case_0054,approved,2024-01-16 09:00:00-05:00,,complete,renewal,high,0.0
case_0055,submitted,2024-01-02 09:00:00-05:00,,complete,new_business,low,0.0
case_0055,intake_validation,2024-01-04 09:00:00-05:00,clerk_001,complete,new_business,low,52.54
case_0055,rejected,2024-01-08 09:00:00-05:00,,complete,new_business,low,0.0
case_0056,submitted,2024-01-02 09:00:00-05:00,,complete,renewal,normal,0.0
case_0056,intake_validation,2024-01-04 09:00:00-05:00,clerk_002,complete,renewal,normal,59.47
case_0056,assigned_to_reviewer,2024-01-08 09:00:00-05:00,,complete,renewal,normal,0.0
case_0056,review_in_progress,2024-01-08 09:25:03.214716-05:00,reviewer_001,complete,renewal,normal,57.95
case_0056,health_inspection,2024-01-12 09:00:00-05:00,inspector_002,complete,renewal,normal,50.42
case_0056,approved,2024-01-17 09:00:00-05:00,,complete,renewal,normal,0.0
case_0057,submitted,2024-01-02 09:00:00-05:00,,complete,new_business,normal,0.0
case_0057,intake_validation,2024-01-04 09:00:00-05:00,clerk_002,complete,new_business,normal,58.34
case_0057,assigned_to_reviewer,2024-01-08 09:00:00-05:00,,complete,new_business,normal,0.0
case_0057,review_in_progress,2024-01-08 09:15:22.253375-05:00,reviewer_003,complete,new_business,normal,61.39
case_0057,health_inspection,2024-01-10 10:25:32.239678-05:00,inspector_003,complete,new_business,normal,48.64
case_0057,approved,2024-01-16 09:00:00-05:00,,complete,new_business,normal,0.0
case_0058,submitted,2024-01-02 09:00:00-05:00,,complete,existing_business,low,0.0
case_0058,intake_validation,2024-01-04 09:00:00-05:00,clerk_003,complete,existing_business,low,27.44
case_0058,assigned_to_reviewer,2024-01-08 09:00:00-05:00,,complete,existing_business,low,0.0
case_0058,review_in_progress,2024-01-08 09:24:37.714176-05:00,reviewer_002,complete,existing_business,low,55.1
case_0058,health_inspection,2024-01-11 09:00:00-05:00,inspector_003,complete,existing_business,low,10.0
case_0058,approved,2024-01-16 09:00:00-05:00,,complete,existing_business,low,0.0
case_0059,submitted,2024-01-02 09:00:00-05:00,,complete,renewal,normal,0.0
case_0059,intake_validation,2024-01-04 09:00:00-05:00,clerk_001,complete,renewal,normal,45.65
case_0059,assigned_to_reviewer,2024-01-08 09:00:00-05:00,,complete,renewal,normal,0.0
case_0059,review_in_progress,2024-01-08 09:27:28.277993-05:00,reviewer_004,complete,renewal,normal,32.41
case_0059,request_additional_info,2024-01-16 09:00:00-05:00,,complete,renewal,normal,0.0
case_0059,applicant_provided_info,2024-01-22 09:00:00-05:00,,complete,renewal,normal,0.0
case_0059,review_in_progress,2024-01-25 09:00:00-05:00,reviewer_003,complete,renewal,normal,50.42
case_0059,request_additional_info,2024-01-29 09:00:00-05:00,,complete,renewal,normal,0.0
case_0059,applicant_provided_info,2024-02-01 09:00:00-05:00,,complete,renewal,normal,0.0
case_0059,review_in_progress,2024-02-05 09:00:00-05:00,reviewer_002,complete,renewal,normal,79.24
case_0059,health_inspection,2024-02-12 09:00:00-05:00,inspector_003,complete,renewal,normal,57.97
case_0059,approved,2024-02-20 09:00:00-05:00,,complete,renewal,normal,0.0
case_0060,submitted,2024-01-02 09:00:00-05:00,,complete,existing_business,high,0.0
case_0060,intake_validation,2024-01-04 09:00:00-05:00,clerk_002,complete,existing_business,high,50.78
case_0060,assigned_to_reviewer,2024-01-08 09:00:00-05:00,,complete,existing_business,high,0.0
case_0060,review_in_progress,2024-01-08 09:15:11.310338-05:00,reviewer_003,complete,existing_business,high,46.08
case_0060,health_inspection,2024-01-12 10:08:44.195490-05:00,inspector_003,complete,existing_business,high,33.53
case_0060,approved,2024-01-16 09:00:00-05:00,,complete,existing_business,high,0.0
case_0061,submitted,2024-01-02 09:00:00-05:00,,complete,existing_business,normal,0.0
case_0061,intake_validation,2024-01-04 09:00:00-05:00,clerk_001,complete,existing_business,normal,41.75
case_0061,assigned_to_reviewer,2024-01-05 14:02:17.775168-05:00,,complete,existing_business,normal,0.0
case_0061,review_in_progress,2024-01-05 14:15:09.005872-05:00,reviewer_002,complete,existing_business,normal,71.07
case_0061,health_inspection,2024-01-11 09:00:00-05:00,inspector_001,complete,existing_business,normal,70.45
case_0061,approved,2024-01-16 09:00:00-05:00,,complete,existing_business,normal,0.0
case_0062,submitted,2024-01-02 09:00:00-05:00,,complete,existing_business,low,0.0
case_0062,intake_validation,2024-01-04 09:00:00-05:00,clerk_002,complete,existing_business,low,69.18
case_0062,assigned_to_reviewer,2024-01-08 09:00:00-05:00,,complete,existing_business,low,0.0
case_0062,review_in_progress,2024-01-08 09:10:49.411734-05:00,reviewer_004,complete,existing_business,low,40.58
case_0062,health_inspection,2024-01-10 16:39:18.160846-05:00,inspector_003,complete,existing_business,low,30.44
case_0062,rejected,2024-01-12 09:00:00-05:00,,complete,existing_business,low,0.0
case_0063,submitted,2024-01-02 09:00:00-05:00,,complete,renewal,normal,0.0
case_0063,intake_validation,2024-01-04 09:00:00-05:00,clerk_003,complete,renewal,normal,43.42
case_0063,assigned_to_reviewer,2024-01-08 09:00:00-05:00,,complete,renewal,normal,0.0
case_0063,review_in_progress,2024-01-08 09:14:16.101284-05:00,reviewer_004,complete,renewal,normal,43.93
case_0063,request_additional_info,2024-01-16 09:00:00-05:00,,complete,renewal,normal,0.0
case_0063,applicant_provided_info,2024-01-17 16:58:46.021449-05:00,,complete,renewal,normal,0.0
case_0063,review_in_progress,2024-01-22 09:00:00-05:00,reviewer_002,complete,renewal,normal,42.68
case_0063,request_additional_info,2024-01-29 09:00:00-05:00,,complete,renewal,normal,0.0
case_0063,applicant_provided_info,2024-02-05 09:00:00-05:00,,complete,renewal,normal,0.0
case_0063,review_in_progress,2024-02-07 15:00:52.298696-05:00,reviewer_003,complete,renewal,normal,59.0
case_0063,health_inspection,2024-02-12 09:00:00-05:00,inspector_003,complete,renewal,normal,59.02
case_0063,approved,2024-02-14 09:00:00-05:00,,complete,renewal,normal,0.0
case_0064,submitted,2024-01-02 09:00:00-05:00,,complete,existing_business,high,0.0
case_0064,intake_validation,2024-01-04 09:00:00-05:00,clerk_001,complete,existing_business,high,37.6
case_0064,assigned_to_reviewer,2024-01-08 09:00:00-05:00,,complete,existing_business,high,0.0
case_0064,review_in_progress,2024-01-08 09:21:20.147317-05:00,reviewer_003,complete,existing_business,high,34.73
case_0064,health_inspection,2024-01-11 09:00:00-05:00,inspector_003,complete,existing_business,high,44.99
case_0064,approved,2024-01-16 09:00:00-05:00,,complete,existing_business,high,0.0
case_0065,submitted,2024-01-02 09:00:00-05:00,,complete,existing_business,normal,0.0
case_0065,intake_validation,2024-01-03 16:30:07.127935-05:00,clerk_002,complete,existing_business,normal,38.43
case_0065,assigned_to_reviewer,2024-01-08 09:00:00-05:00,,complete,existing_business,normal,0.0
case_0065,review_in_progress,2024-01-08 09:14:53.577885-05:00,reviewer_002,complete,existing_business,normal,38.43
case_0065,health_inspection,2024-01-11 14:34:13.547695-05:00,inspector_002,complete,existing_business,normal,52.47
case_0065,rejected,2024-01-17 13:17:01.673380-05:00,,complete,existing_business,normal,0.0
case_0066,submitted,2024-01-02 09:00:00-05:00,,complete,existing_business,normal,0.0
case_0066,intake_validation,2024-01-03 16:30:18.569163-05:00,clerk_002,complete,existing_business,normal,32.45
case_0066,assigned_to_reviewer,2024-01-05 09:00:00-05:00,,complete,existing_business,normal,0.0
case_0066,review_in_progress,2024-01-05 09:18:07.840027-05:00,reviewer_002,complete,existing_business,normal,48.37
case_0066,health_inspection,2024-01-09 09:00:00-05:00,inspector_003,complete,existing_business,normal,40.43
case_0066,approved,2024-01-16 09:00:00-05:00,,complete,existing_business,normal,0.0
case_0067,submitted,2024-01-02 09:00:00-05:00,,complete,renewal,normal,0.0
case_0067,intake_validation,2024-01-04 09:00:00-05:00,clerk_002,complete,renewal,normal,36.05
case_0067,assigned_to_reviewer,2024-01-08 09:00:00-05:00,,complete,renewal,normal,0.0
case_0067,review_in_progress,2024-01-08 09:18:06.127962-05:00,reviewer_002,complete,renewal,normal,72.6
case_0067,health_inspection,2024-01-12 09:00:00-05:00,inspector_003,complete,renewal,normal,48.45
case_0067,approved,2024-01-16 09:00:00-05:00,,complete,renewal,normal,0.0
case_0068,submitted,2024-01-02 09:00:00-05:00,,complete,existing_business,normal,0.0
case_0068,intake_validation,2024-01-03 10:05:14.209653-05:00,clerk_002,complete,existing_business,normal,33.65
case_0068,assigned_to_reviewer,2024-01-08 09:00:00-05:00,,complete,existing_business,normal,0.0
case_0068,review_in_progress,2024-01-08 09:20:42.818094-05:00,reviewer_004,complete,existing_business,normal,52.72
case_0068,health_inspection,2024-01-16 09:00:00-05:00,inspector_003,complete,existing_business,normal,26.92
case_0068,approved,2024-01-19 09:00:00-05:00,,complete,existing_business,normal,0.0
case_0069,submitted,2024-01-02 09:00:00-05:00,,complete,existing_business,high,0.0
case_0069,intake_validation,2024-01-04 09:00:00-05:00,clerk_002,complete,existing_business,high,45.25
case_0069,assigned_to_reviewer,2024-01-05 15:06:13.087129-05:00,,complete,existing_business,high,0.0
case_0069,review_in_progress,2024-01-05 15:31:00.468877-05:00,reviewer_003,complete,existing_business,high,46.45
case_0069,request_additional_info,2024-01-08 09:00:00-05:00,,complete,existing_business,high,0.0
case_0069,applicant_provided_info,2024-01-16 09:00:00-05:00,,complete,existing_business,high,0.0
case_0069,review_in_progress,2024-01-19 09:00:00-05:00,reviewer_004,complete,existing_business,high,30.47
case_0069,health_inspection,2024-01-22 09:00:00-05:00,inspector_001,complete,existing_business,high,44.37
case_0069,rejected,2024-01-29 09:00:00-05:00,,complete,existing_business,high,0.0
case_0070,submitted,2024-01-02 09:00:00-05:00,,complete,new_business,low,0.0
case_0070,intake_validation,2024-01-03 13:58:34.323310-05:00,clerk_002,complete,new_business,low,35.65
case_0070,assigned_to_reviewer,2024-01-08 09:00:00-05:00,,complete,new_business,low,0.0
case_0070,review_in_progress,2024-01-08 09:27:53.458792-05:00,reviewer_002,complete,new_business,low,53.3
case_0070,request_additional_info,2024-01-16 09:00:00-05:00,,complete,new_business,low,0.0
case_0070,applicant_provided_info,2024-01-18 12:41:09.745280-05:00,,complete,new_business,low,0.0
case_0070,review_in_progress,2024-01-22 09:00:00-05:00,reviewer_004,complete,new_business,low,26.26
case_0070,health_inspection,2024-01-25 10:08:53.798859-05:00,inspector_003,complete,new_business,low,44.32
case_0070,approved,2024-02-01 09:00:00-05:00,,complete,new_business,low,0.0
case_0071,submitted,2024-01-02 09:00:00-05:00,,complete,new_business,normal,0.0
case_0071,intake_validation,2024-01-04 09:00:00-05:00,clerk_003,complete,new_business,normal,62.68
case_0071,assigned_to_reviewer,2024-01-08 09:00:00-05:00,,complete,new_business,normal,0.0
case_0071,review_in_progress,2024-01-08 09:23:08.363454-05:00,reviewer_002,complete,new_business,normal,49.31
case_0071,request_additional_info,2024-01-12 09:00:00-05:00,,complete,new_business,normal,0.0
case_0071,applicant_provided_info,2024-01-17 13:14:55.202255-05:00,,complete,new_business,normal,0.0
case_0071,review_in_progress,2024-01-22 09:00:00-05:00,reviewer_002,complete,new_business,normal,67.12
case_0071,request_additional_info,2024-01-29 09:00:00-05:00,,complete,new_business,normal,0.0
case_0071,applicant_provided_info,2024-01-30 16:33:31.389786-05:00,,complete,new_business,normal,0.0
case_0071,review_in_progress,2024-02-02 09:46:31.125846-05:00,reviewer_004,complete,new_business,normal,68.96
case_0071,request_additional_info,2024-02-07 13:48:24.885871-05:00,,complete,new_business,normal,0.0
case_0071,applicant_provided_info,2024-02-14 09:00:00-05:00,,complete,new_business,normal,0.0
case_0071,review_in_progress,2024-02-16 13:47:12.996211-05:00,reviewer_002,complete,new_business,normal,50.62
case_0071,health_inspection,2024-02-23 09:00:00-05:00,inspector_002,complete,new_business,normal,26.54
case_0071,approved,2024-03-04 09:00:00-05:00,,complete,new_business,normal,0.0
case_0072,submitted,2024-01-02 09:00:00-05:00,,complete,renewal,low,0.0
case_0072,intake_validation,2024-01-04 09:00:00-05:00,clerk_002,complete,renewal,low,44.73
case_0072,assigned_to_reviewer,2024-01-08 09:00:00-05:00,,complete,renewal,low,0.0
case_0072,review_in_progress,2024-01-08 09:27:02.510162-05:00,reviewer_003,complete,renewal,low,83.45
case_0072,health_inspection,2024-01-11 09:00:00-05:00,inspector_002,complete,renewal,low,76.73
case_0072,approved,2024-01-22 09:00:00-05:00,,complete,renewal,low,0.0
case_0073,submitted,2024-01-02 09:00:00-05:00,,complete,new_business,low,0.0
case_0073,intake_validation,2024-01-04 09:00:00-05:00,clerk_001,complete,new_business,low,47.77
case_0073,assigned_to_reviewer,2024-01-08 09:00:00-05:00,,complete,new_business,low,0.0
case_0073,review_in_progress,2024-01-08 09:26:32.850966-05:00,reviewer_004,complete,new_business,low,23.56
case_0073,request_additional_info,2024-01-12 09:00:00-05:00,,complete,new_business,low,0.0
case_0073,applicant_provided_info,2024-01-16 09:00:00-05:00,,complete,new_business,low,0.0
case_0073,review_in_progress,2024-01-18 16:45:59.184295-05:00,reviewer_002,complete,new_business,low,52.28
case_0073,request_additional_info,2024-01-25 09:00:00-05:00,,complete,new_business,low,0.0
case_0073,applicant_provided_info,2024-01-26 10:38:48.284606-05:00,,complete,new_business,low,0.0
case_0073,review_in_progress,2024-01-29 09:00:00-05:00,reviewer_001,complete,new_business,low,75.01
case_0073,health_inspection,2024-01-31 09:35:56.345245-05:00,inspector_003,complete,new_business,low,46.28
case_0073,approved,2024-02-02 09:00:00-05:00,,complete,new_business,low,0.0
case_0074,submitted,2024-01-02 09:00:00-05:00,,complete,new_business,normal,0.0
case_0074,intake_validation,2024-01-03 12:40:35.232789-05:00,clerk_002,complete,new_business,normal,37.6
case_0074,assigned_to_reviewer,2024-01-08 09:00:00-05:00,,complete,new_business,normal,0.0
case_0074,review_in_progress,2024-01-08 09:18:54.025470-05:00,reviewer_002,complete,new_business,normal,50.4
case_0074,health_inspection,2024-01-16 09:00:00-05:00,inspector_003,complete,new_business,normal,75.15
case_0074,approved,2024-01-18 09:00:00-05:00,,complete,new_business,normal,0.0
case_0075,submitted,2024-01-02 09:00:00-05:00,,complete,existing_business,normal,0.0
case_0075,intake_validation,2024-01-03 12:35:47.245751-05:00,clerk_002,complete,existing_business,normal,57.58
case_0075,assigned_to_reviewer,2024-01-08 09:00:00-05:00,,complete,existing_business,normal,0.0
case_0075,review_in_progress,2024-01-08 09:25:24.516600-05:00,reviewer_002,complete,existing_business,normal,56.79
case_0075,health_inspection,2024-01-12 09:00:00-05:00,inspector_003,complete,existing_business,normal,47.48
case_0075,approved,2024-01-18 09:00:00-05:00,,complete,existing_business,normal,0.0
case_0076,submitted,2024-01-02 09:00:00-05:00,,complete,new_business,normal,0.0
case_0076,intake_validation,2024-01-04 09:00:00-05:00,clerk_001,complete,new_business,normal,35.15
case_0076,assigned_to_reviewer,2024-01-08 09:00:00-05:00,,complete,new_business,normal,0.0
case_0076,review_in_progress,2024-01-08 09:24:27.319770-05:00,reviewer_004,complete,new_business,normal,40.47
case_0076,request_additional_info,2024-01-16 09:00:00-05:00,,complete,new_business,normal,0.0
case_0076,applicant_provided_info,2024-01-23 09:00:00-05:00,,complete,new_business,normal,0.0
case_0076,review_in_progress,2024-01-26 09:00:00-05:00,reviewer_003,complete,new_business,normal,37.57
case_0076,health_inspection,2024-01-30 09:00:00-05:00,inspector_002,complete,new_business,normal,26.2
case_0076,approved,2024-02-02 09:00:00-05:00,,complete,new_business,normal,0.0
case_0077,submitted,2024-01-02 09:00:00-05:00,,complete,existing_business,normal,0.0
case_0077,intake_validation,2024-01-04 09:00:00-05:00,clerk_001,complete,existing_business,normal,45.64
case_0077,assigned_to_reviewer,2024-01-05 16:45:48.826594-05:00,,complete,existing_business,normal,0.0
case_0077,review_in_progress,2024-01-08 09:00:00-05:00,reviewer_004,complete,existing_business,normal,27.65
case_0077,health_inspection,2024-01-16 09:00:00-05:00,inspector_001,complete,existing_business,normal,62.42
case_0077,approved,2024-01-17 11:27:32.464802-05:00,,complete,existing_business,normal,0.0
case_0078,submitted,2024-01-02 09:00:00-05:00,,complete,existing_business,normal,0.0
case_0078,intake_validation,2024-01-03 14:37:26.913661-05:00,clerk_003,complete,existing_business,normal,66.66
case_0078,assigned_to_reviewer,2024-01-05 09:00:00-05:00,,complete,existing_business,normal,0.0
case_0078,review_in_progress,2024-01-05 09:13:39.221323-05:00,reviewer_003,complete,existing_business,normal,56.17
case_0078,health_inspection,2024-01-08 09:00:00-05:00,inspector_002,complete,existing_business,normal,52.29
case_0078,rejected,2024-01-10 09:00:00-05:00,,complete,existing_business,normal,0.0
case_0079,submitted,2024-01-02 09:00:00-05:00,,complete,existing_business,normal,0.0
case_0079,intake_validation,2024-01-04 09:00:00-05:00,clerk_003,complete,existing_business,normal,62.47
case_0079,assigned_to_reviewer,2024-01-08 09:00:00-05:00,,complete,existing_business,normal,0.0
case_0079,review_in_progress,2024-01-08 09:15:59.507472-05:00,reviewer_002,complete,existing_business,normal,50.47
case_0079,request_additional_info,2024-01-16 09:00:00-05:00,,complete,existing_business,normal,0.0
case_0079,withdrawn,2024-01-22 09:00:00-05:00,,complete,existing_business,normal,0.0
case_0080,submitted,2024-01-02 09:00:00-05:00,,complete,existing_business,high,0.0
case_0080,intake_validation,2024-01-03 12:13:05.613692-05:00,clerk_001,complete,existing_business,high,33.02
case_0080,assigned_to_reviewer,2024-01-05 10:06:39.384867-05:00,,complete,existing_business,high,0.0
case_0080,review_in_progress,2024-01-05 10:14:52.533022-05:00,reviewer_001,complete,existing_business,high,47.4
case_0080,health_inspection,2024-01-08 09:00:00-05:00,inspector_003,complete,existing_business,high,72.3
case_0080,approved,2024-01-16 09:00:00-05:00,,complete,existing_business,high,0.0
case_0081,submitted,2024-01-02 09:00:00-05:00,,complete,renewal,normal,0.0
case_0081,intake_validation,2024-01-03 09:22:04.832218-05:00,clerk_003,complete,renewal,normal,93.74
case_0081,assigned_to_reviewer,2024-01-05 09:00:00-05:00,,complete,renewal,normal,0.0
case_0081,review_in_progress,2024-01-05 09:10:54.498926-05:00,reviewer_003,complete,renewal,normal,89.71
case_0081,health_inspection,2024-01-10 09:00:00-05:00,inspector_002,complete,renewal,normal,48.69
case_0081,rejected,2024-01-16 09:00:00-05:00,,complete,renewal,normal,0.0
case_0082,submitted,2024-01-02 09:00:00-05:00,,complete,renewal,high,0.0
case_0082,intake_validation,2024-01-04 09:00:00-05:00,clerk_002,complete,renewal,high,67.94
case_0082,assigned_to_reviewer,2024-01-08 09:00:00-05:00,,complete,renewal,high,0.0
case_0082,review_in_progress,2024-01-08 09:28:26.051880-05:00,reviewer_002,complete,renewal,high,57.72
case_0082,health_inspection,2024-01-16 09:00:00-05:00,inspector_002,complete,renewal,high,60.98
case_0082,approved,2024-01-23 09:00:00-05:00,,complete,renewal,high,0.0
case_0083,submitted,2024-01-02 09:00:00-05:00,,complete,existing_business,normal,0.0
case_0083,intake_validation,2024-01-03 13:02:15.387010-05:00,clerk_001,complete,existing_business,normal,46.78
case_0083,assigned_to_reviewer,2024-01-08 09:00:00-05:00,,complete,existing_business,normal,0.0
case_0083,review_in_progress,2024-01-08 09:07:24.574154-05:00,reviewer_004,complete,existing_business,normal,32.94
case_0083,request_additional_info,2024-01-16 09:00:00-05:00,,complete,existing_business,normal,0.0
case_0083,applicant_provided_info,2024-01-22 09:00:00-05:00,,complete,existing_business,normal,0.0
case_0083,review_in_progress,2024-01-24 14:33:15.845075-05:00,reviewer_001,complete,existing_business,normal,35.51
case_0083,request_additional_info,2024-01-29 09:00:00-05:00,,complete,existing_business,normal,0.0
case_0083,applicant_provided_info,2024-02-02 09:00:00-05:00,,complete,existing_business,normal,0.0
case_0083,review_in_progress,2024-02-05 09:00:00-05:00,reviewer_001,complete,existing_business,normal,49.48
case_0083,health_inspection,2024-02-08 09:00:00-05:00,inspector_001,complete,existing_business,normal,58.68
case_0083,approved,2024-02-14 09:00:00-05:00,,complete,existing_business,normal,0.0
case_0084,submitted,2024-01-02 09:00:00-05:00,,complete,new_business,low,0.0
case_0084,intake_validation,2024-01-04 09:00:00-05:00,clerk_001,complete,new_business,low,29.29
case_0084,assigned_to_reviewer,2024-01-08 09:00:00-05:00,,complete,new_business,low,0.0
case_0084,review_in_progress,2024-01-08 09:19:33.603143-05:00,reviewer_002,complete,new_business,low,38.28
case_0084,request_additional_info,2024-01-16 09:00:00-05:00,,complete,new_business,low,0.0
case_0084,applicant_provided_info,2024-01-18 09:00:00-05:00,,complete,new_business,low,0.0
case_0084,review_in_progress,2024-01-22 09:00:00-05:00,reviewer_001,complete,new_business,low,23.35
case_0084,health_inspection,2024-01-24 09:00:00-05:00,inspector_003,complete,new_business,low,22.87
case_0084,approved,2024-01-26 09:00:00-05:00,,complete,new_business,low,0.0
case_0085,submitted,2024-01-02 09:00:00-05:00,,complete,renewal,high,0.0
case_0085,intake_validation,2024-01-04 09:00:00-05:00,clerk_001,complete,renewal,high,38.08
case_0085,assigned_to_reviewer,2024-01-08 09:00:00-05:00,,complete,renewal,high,0.0
case_0085,review_in_progress,2024-01-08 09:06:47.378563-05:00,reviewer_002,complete,renewal,high,69.37
case_0085,health_inspection,2024-01-16 09:00:00-05:00,inspector_001,complete,renewal,high,45.22
case_0085,approved,2024-01-18 09:00:00-05:00,,complete,renewal,high,0.0
case_0086,submitted,2024-01-02 09:00:00-05:00,,complete,new_business,high,0.0
case_0086,intake_validation,2024-01-04 09:00:00-05:00,clerk_003,complete,new_business,high,47.14
case_0086,assigned_to_reviewer,2024-01-08 09:00:00-05:00,,complete,new_business,high,0.0
case_0086,review_in_progress,2024-01-08 09:26:07.691507-05:00,reviewer_004,complete,new_business,high,32.55
case_0086,request_additional_info,2024-01-16 09:00:00-05:00,,complete,new_business,high,0.0
case_0086,applicant_provided_info,2024-01-17 13:15:57.941597-05:00,,complete,new_business,high,0.0
case_0086,review_in_progress,2024-01-22 09:00:00-05:00,reviewer_002,complete,new_business,high,64.87
case_0086,health_inspection,2024-01-29 09:00:00-05:00,inspector_002,complete,new_business,high,44.23
case_0086,approved,2024-02-06 09:00:00-05:00,,complete,new_business,high,0.0
case_0087,submitted,2024-01-02 09:00:00-05:00,,complete,existing_business,normal,0.0
case_0087,intake_validation,2024-01-04 09:00:00-05:00,clerk_001,complete,existing_business,normal,62.87
case_0087,assigned_to_reviewer,2024-01-08 09:00:00-05:00,,complete,existing_business,normal,0.0
case_0087,review_in_progress,2024-01-08 09:10:29.844168-05:00,reviewer_003,complete,existing_business,normal,50.42
case_0087,health_inspection,2024-01-11 14:33:14.894350-05:00,inspector_001,complete,existing_business,normal,39.16
case_0087,approved,2024-01-16 09:00:00-05:00,,complete,existing_business,normal,0.0
case_0088,submitted,2024-01-02 09:00:00-05:00,,complete,renewal,high,0.0
case_0088,intake_validation,2024-01-04 09:00:00-05:00,clerk_001,complete,renewal,high,42.32
case_0088,assigned_to_reviewer,2024-01-08 09:00:00-05:00,,complete,renewal,high,0.0
case_0088,review_in_progress,2024-01-08 09:17:50.098477-05:00,reviewer_002,complete,renewal,high,34.82
case_0088,health_inspection,2024-01-11 09:00:00-05:00,inspector_002,complete,renewal,high,58.21
case_0088,approved,2024-01-17 09:00:00-05:00,,complete,renewal,high,0.0
case_0089,submitted,2024-01-02 09:00:00-05:00,,complete,new_business,high,0.0
case_0089,intake_validation,2024-01-04 09:00:00-05:00,clerk_002,complete,new_business,high,36.0
case_0089,assigned_to_reviewer,2024-01-08 09:00:00-05:00,,complete,new_business,high,0.0
case_0089,review_in_progress,2024-01-08 09:13:41.757824-05:00,reviewer_002,complete,new_business,high,73.76
case_0089,request_additional_info,2024-01-16 09:00:00-05:00,,complete,new_business,high,0.0
case_0089,applicant_provided_info,2024-01-19 09:00:00-05:00,,complete,new_business,high,0.0
case_0089,review_in_progress,2024-01-22 09:00:00-05:00,reviewer_002,complete,new_business,high,30.34
case_0089,health_inspection,2024-01-26 09:00:00-05:00,inspector_002,complete,new_business,high,69.4
case_0089,approved,2024-02-01 09:00:00-05:00,,complete,new_business,high,0.0
case_0090,submitted,2024-01-02 09:00:00-05:00,,complete,renewal,normal,0.0
case_0090,intake_validation,2024-01-04 09:00:00-05:00,clerk_002,complete,renewal,normal,61.22
case_0090,assigned_to_reviewer,2024-01-08 09:00:00-05:00,,complete,renewal,normal,0.0
case_0090,review_in_progress,2024-01-08 09:11:48.510481-05:00,reviewer_003,complete,renewal,normal,25.74
case_0090,health_inspection,2024-01-16 09:00:00-05:00,inspector_002,complete,renewal,normal,35.52
case_0090,approved,2024-01-25 09:00:00-05:00,,complete,renewal,normal,0.0
case_0091,submitted,2024-01-02 09:00:00-05:00,,complete,renewal,normal,0.0
case_0091,intake_validation,2024-01-04 09:00:00-05:00,clerk_001,complete,renewal,normal,60.41
case_0091,assigned_to_reviewer,2024-01-08 09:00:00-05:00,,complete,renewal,normal,0.0
case_0091,review_in_progress,2024-01-08 09:21:31.679781-05:00,reviewer_004,complete,renewal,normal,43.33
case_0091,health_inspection,2024-01-16 09:00:00-05:00,inspector_001,complete,renewal,normal,36.39
case_0091,approved,2024-01-18 16:15:00.771678-05:00,,complete,renewal,normal,0.0
case_0092,submitted,2024-01-02 09:00:00-05:00,,complete,existing_business,normal,0.0
case_0092,intake_validation,2024-01-04 09:00:00-05:00,clerk_002,complete,existing_business,normal,36.2
case_0092,assigned_to_reviewer,2024-01-05 11:37:48.968945-05:00,,complete,existing_business,normal,0.0
case_0092,review_in_progress,2024-01-05 12:06:53.857072-05:00,reviewer_004,complete,existing_business,normal,49.96
case_0092,health_inspection,2024-01-08 09:00:00-05:00,inspector_001,complete,existing_business,normal,33.04
case_0092,approved,2024-01-12 09:00:00-05:00,,complete,existing_business,normal,0.0
case_0093,submitted,2024-01-02 09:00:00-05:00,,complete,new_business,high,0.0
case_0093,intake_validation,2024-01-04 09:00:00-05:00,clerk_002,complete,new_business,high,51.83
case_0093,assigned_to_reviewer,2024-01-08 09:00:00-05:00,,complete,new_business,high,0.0
case_0093,review_in_progress,2024-01-08 09:10:11.212655-05:00,reviewer_003,complete,new_business,high,60.53
case_0093,request_additional_info,2024-01-11 14:19:59.508139-05:00,,complete,new_business,high,0.0
case_0093,applicant_provided_info,2024-01-16 09:00:00-05:00,,complete,new_business,high,0.0
case_0093,review_in_progress,2024-01-19 09:00:00-05:00,reviewer_003,complete,new_business,high,47.19
case_0093,health_inspection,2024-01-22 12:59:46.234268-05:00,inspector_003,complete,new_business,high,51.94
case_0093,approved,2024-01-24 09:00:00-05:00,,complete,new_business,high,0.0
case_0094,submitted,2024-01-02 09:00:00-05:00,,complete,new_business,normal,0.0
case_0094,intake_validation,2024-01-04 09:00:00-05:00,clerk_002,complete,new_business,normal,44.97
case_0094,assigned_to_reviewer,2024-01-08 09:00:00-05:00,,complete,new_business,normal,0.0
case_0094,review_in_progress,2024-01-08 09:14:21.011478-05:00,reviewer_003,complete,new_business,normal,59.15
case_0094,health_inspection,2024-01-11 09:00:00-05:00,inspector_001,complete,new_business,normal,28.39
case_0094,approved,2024-01-16 09:00:00-05:00,,complete,new_business,normal,0.0
case_0095,submitted,2024-01-02 09:00:00-05:00,,complete,existing_business,normal,0.0
case_0095,intake_validation,2024-01-03 12:18:31.734593-05:00,clerk_001,complete,existing_business,normal,34.8
case_0095,assigned_to_reviewer,2024-01-05 10:29:06.937623-05:00,,complete,existing_business,normal,0.0
case_0095,review_in_progress,2024-01-05 10:46:52.022141-05:00,reviewer_002,complete,existing_business,normal,32.65
case_0095,health_inspection,2024-01-09 09:00:00-05:00,inspector_001,complete,existing_business,normal,68.03
case_0095,approved,2024-01-16 09:00:00-05:00,,complete,existing_business,normal,0.0
case_0096,submitted,2024-01-02 09:00:00-05:00,,complete,renewal,normal,0.0
case_0096,intake_validation,2024-01-04 09:00:00-05:00,clerk_001,complete,renewal,normal,70.85
case_0096,assigned_to_reviewer,2024-01-08 09:00:00-05:00,,complete,renewal,normal,0.0
case_0096,review_in_progress,2024-01-08 09:18:54.156410-05:00,reviewer_002,complete,renewal,normal,48.8
case_0096,health_inspection,2024-01-12 16:57:26.610037-05:00,inspector_003,complete,renewal,normal,24.47
case_0096,approved,2024-01-18 15:30:36.417703-05:00,,complete,renewal,normal,0.0
case_0097,submitted,2024-01-02 09:00:00-05:00,,complete,existing_business,normal,0.0
case_0097,intake_validation,2024-01-04 09:00:00-05:00,clerk_003,complete,existing_business,normal,50.11
case_0097,assigned_to_reviewer,2024-01-08 09:00:00-05:00,,complete,existing_business,normal,0.0
case_0097,review_in_progress,2024-01-08 09:25:36.089163-05:00,reviewer_004,complete,existing_business,normal,37.39
case_0097,request_additional_info,2024-01-16 09:00:00-05:00,,complete,existing_business,normal,0.0
case_0097,applicant_provided_info,2024-01-22 09:00:00-05:00,,complete,existing_business,normal,0.0
case_0097,review_in_progress,2024-01-25 09:00:00-05:00,reviewer_001,complete,existing_business,normal,56.54
case_0097,health_inspection,2024-01-29 09:00:00-05:00,inspector_001,complete,existing_business,normal,57.83
case_0097,approved,2024-02-02 09:00:00-05:00,,complete,existing_business,normal,0.0
case_0098,submitted,2024-01-02 09:00:00-05:00,,complete,renewal,normal,0.0
case_0098,intake_validation,2024-01-04 09:00:00-05:00,clerk_001,complete,renewal,normal,75.61
case_0098,assigned_to_reviewer,2024-01-08 09:00:00-05:00,,complete,renewal,normal,0.0
case_0098,review_in_progress,2024-01-08 09:09:02.718963-05:00,reviewer_002,complete,renewal,normal,43.9
case_0098,request_additional_info,2024-01-16 09:00:00-05:00,,complete,renewal,normal,0.0
case_0098,applicant_provided_info,2024-01-22 09:00:00-05:00,,complete,renewal,normal,0.0
case_0098,review_in_progress,2024-01-25 09:00:00-05:00,reviewer_002,complete,renewal,normal,29.7
case_0098,health_inspection,2024-01-31 09:00:00-05:00,inspector_001,complete,renewal,normal,56.32
case_0098,rejected,2024-02-06 09:00:00-05:00,,complete,renewal,normal,0.0
case_0099,submitted,2024-01-02 09:00:00-05:00,,complete,renewal,low,0.0
case_0099,intake_validation,2024-01-04 09:00:00-05:00,clerk_002,complete,renewal,low,42.74
case_0099,assigned_to_reviewer,2024-01-08 09:00:00-05:00,,complete,renewal,low,0.0
case_0099,review_in_progress,2024-01-08 09:16:18.686065-05:00,reviewer_002,complete,renewal,low,37.88
case_0099,health_inspection,2024-01-16 09:00:00-05:00,inspector_002,complete,renewal,low,36.29
case_0099,approved,2024-01-22 16:47:40.612459-05:00,,complete,renewal,low,0.0
case_0100,submitted,2024-01-02 09:00:00-05:00,,complete,new_business,normal,0.0
case_0100,intake_validation,2024-01-04 09:00:00-05:00,clerk_001,complete,new_business,normal,51.27
case_0100,assigned_to_reviewer,2024-01-08 09:00:00-05:00,,complete,new_business,normal,0.0
case_0100,review_in_progress,2024-01-08 09:09:09.954846-05:00,reviewer_001,complete,new_business,normal,60.95
case_0100,health_inspection,2024-01-11 09:00:00-05:00,inspector_003,complete,new_business,normal,45.08
case_0100,approved,2024-01-16 09:00:00-05:00,,complete,new_business,normal,0.0
case_0101,submitted,2024-01-02 09:00:00-05:00,,complete,existing_business,normal,0.0
case_0101,intake_validation,2024-01-04 09:00:00-05:00,clerk_002,complete,existing_business,normal,57.22
case_0101,assigned_to_reviewer,2024-01-08 09:00:00-05:00,,complete,existing_business,normal,0.0
case_0101,review_in_progress,2024-01-08 09:25:36.636999-05:00,reviewer_002,complete,existing_business,normal,57.95
case_0101,health_inspection,2024-01-11 09:00:00-05:00,inspector_003,complete,existing_business,normal,60.4
case_0101,approved,2024-01-17 15:51:44.694998-05:00,,complete,existing_business,normal,0.0
case_0102,submitted,2024-01-02 09:00:00-05:00,,complete,renewal,low,0.0
case_0102,intake_validation,2024-01-03 12:25:42.504975-05:00,clerk_001,complete,renewal,low,57.8
case_0102,assigned_to_reviewer,2024-01-05 09:00:00-05:00,,complete,renewal,low,0.0
case_0102,review_in_progress,2024-01-05 09:21:04.435255-05:00,reviewer_002,complete,renewal,low,38.46
case_0102,request_additional_info,2024-01-08 09:00:00-05:00,,complete,renewal,low,0.0
case_0102,applicant_provided_info,2024-01-16 09:00:00-05:00,,complete,renewal,low,0.0
case_0102,review_in_progress,2024-01-19 09:00:00-05:00,reviewer_001,complete,renewal,low,22.59
case_0102,health_inspection,2024-01-22 09:00:00-05:00,inspector_002,complete,renewal,low,29.67
case_0102,approved,2024-01-29 09:00:00-05:00,,complete,renewal,low,0.0
case_0103,submitted,2024-01-02 09:00:00-05:00,,complete,existing_business,normal,0.0
case_0103,intake_validation,2024-01-04 09:00:00-05:00,clerk_001,complete,existing_business,normal,33.69
case_0103,assigned_to_reviewer,2024-01-08 09:00:00-05:00,,complete,existing_business,normal,0.0
case_0103,review_in_progress,2024-01-08 09:08:42.350874-05:00,reviewer_003,complete,existing_business,normal,10.0
case_0103,health_inspection,2024-01-16 09:00:00-05:00,inspector_003,complete,existing_business,normal,42.69
case_0103,approved,2024-01-22 09:00:00-05:00,,complete,existing_business,normal,0.0
case_0104,submitted,2024-01-02 09:00:00-05:00,,complete,renewal,high,0.0
case_0104,intake_validation,2024-01-03 09:24:01.964313-05:00,clerk_001,complete,renewal,high,55.13
case_0104,assigned_to_reviewer,2024-01-05 10:56:31.235532-05:00,,complete,renewal,high,0.0
case_0104,review_in_progress,2024-01-05 11:14:32.746042-05:00,reviewer_003,complete,renewal,high,51.31
case_0104,request_additional_info,2024-01-08 09:00:00-05:00,,complete,renewal,high,0.0
case_0104,applicant_provided_info,2024-01-11 09:00:00-05:00,,complete,renewal,high,0.0
case_0104,review_in_progress,2024-01-16 09:00:00-05:00,reviewer_004,complete,renewal,high,35.46
case_0104,request_additional_info,2024-01-22 09:00:00-05:00,,complete,renewal,high,0.0
case_0104,applicant_provided_info,2024-01-24 09:00:00-05:00,,complete,renewal,high,0.0
case_0104,review_in_progress,2024-01-29 09:00:00-05:00,reviewer_001,complete,renewal,high,46.62
case_0104,health_inspection,2024-01-31 09:00:00-05:00,inspector_002,complete,renewal,high,41.02
case_0104,approved,2024-02-07 09:00:00-05:00,,complete,renewal,high,0.0
case_0105,submitted,2024-01-02 09:00:00-05:00,,complete,renewal,low,0.0
case_0105,intake_validation,2024-01-04 09:00:00-05:00,clerk_002,complete,renewal,low,72.99
case_0105,assigned_to_reviewer,2024-01-08 09:00:00-05:00,,complete,renewal,low,0.0
case_0105,review_in_progress,2024-01-08 09:12:27.020860-05:00,reviewer_004,complete,renewal,low,76.75
case_0105,request_additional_info,2024-01-11 09:00:00-05:00,,complete,renewal,low,0.0
case_0105,applicant_provided_info,2024-01-16 09:00:00-05:00,,complete,renewal,low,0.0
case_0105,review_in_progress,2024-01-19 09:00:00-05:00,reviewer_002,complete,renewal,low,54.99
case_0105,health_inspection,2024-01-24 09:00:00-05:00,inspector_001,complete,renewal,low,28.52
case_0105,approved,2024-01-26 12:17:29.695933-05:00,,complete,renewal,low,0.0
case_0106,submitted,2024-01-02 09:00:00-05:00,,complete,existing_business,normal,0.0
case_0106,intake_validation,2024-01-04 09:00:00-05:00,clerk_003,complete,existing_business,normal,39.24
case_0106,assigned_to_reviewer,2024-01-08 09:00:00-05:00,,complete,existing_business,normal,0.0
case_0106,review_in_progress,2024-01-08 09:23:46.558792-05:00,reviewer_002,complete,existing_business,normal,29.3
case_0106,health_inspection,2024-01-11 15:58:33.502094-05:00,inspector_002,complete,existing_business,normal,62.03
case_0106,approved,2024-01-22 09:00:00-05:00,,complete,existing_business,normal,0.0
case_0107,submitted,2024-01-02 09:00:00-05:00,,complete,new_business,high,0.0
case_0107,intake_validation,2024-01-04 09:00:00-05:00,clerk_003,complete,new_business,high,41.11
case_0107,assigned_to_reviewer,2024-01-05 09:22:57.073191-05:00,,complete,new_business,high,0.0
case_0107,review_in_progress,2024-01-05 09:36:14.702593-05:00,reviewer_002,complete,new_business,high,66.84
case_0107,request_additional_info,2024-01-10 16:06:34.815793-05:00,,complete,new_business,high,0.0
case_0107,withdrawn,2024-01-16 09:00:00-05:00,,complete,new_business,high,0.0
case_0108,submitted,2024-01-02 09:00:00-05:00,,complete,new_business,normal,0.0
case_0108,intake_validation,2024-01-04 09:00:00-05:00,clerk_002,complete,new_business,normal,66.39
case_0108,assigned_to_reviewer,2024-01-08 09:00:00-05:00,,complete,new_business,normal,0.0
case_0108,review_in_progress,2024-01-08 09:26:22.568622-05:00,reviewer_001,complete,new_business,normal,24.02
case_0108,health_inspection,2024-01-11 09:00:00-05:00,inspector_001,complete,new_business,normal,73.65
case_0108,rejected,2024-01-16 09:00:00-05:00,,complete,new_business,normal,0.0
case_0109,submitted,2024-01-02 09:00:00-05:00,,complete,new_business,normal,0.0
case_0109,intake_validation,2024-01-04 09:00:00-05:00,clerk_001,complete,new_business,normal,49.55
case_0109,assigned_to_reviewer,2024-01-05 10:06:19.092226-05:00,,complete,new_business,normal,0.0
case_0109,review_in_progress,2024-01-05 10:25:56.754075-05:00,reviewer_004,complete,new_business,normal,50.97
case_0109,request_additional_info,2024-01-09 09:00:00-05:00,,complete,new_business,normal,0.0
case_0109,applicant_provided_info,2024-01-16 09:00:00-05:00,,complete,new_business,normal,0.0
case_0109,review_in_progress,2024-01-18 15:31:36.987326-05:00,reviewer_002,complete,new_business,normal,61.63
case_0109,health_inspection,2024-01-25 09:00:00-05:00,inspector_001,complete,new_business,normal,35.02
case_0109,approved,2024-01-29 12:31:02.499003-05:00,,complete,new_business,normal,0.0
case_0110,submitted,2024-01-02 09:00:00-05:00,,complete,new_business,normal,0.0
case_0110,intake_validation,2024-01-03 12:46:57.968578-05:00,clerk_003,complete,new_business,normal,53.24
case_0110,assigned_to_reviewer,2024-01-08 09:00:00-05:00,,complete,new_business,normal,0.0
case_0110,review_in_progress,2024-01-08 09:13:52.022869-05:00,reviewer_002,complete,new_business,normal,38.9
case_0110,health_inspection,2024-01-16 09:00:00-05:00,inspector_001,complete,new_business,normal,64.18
case_0110,approved,2024-01-19 10:18:06.197737-05:00,,complete,new_business,normal,0.0
case_0111,submitted,2024-01-02 09:00:00-05:00,,complete,renewal,normal,0.0
case_0111,intake_validation,2024-01-03 12:21:18.118593-05:00,clerk_003,complete,renewal,normal,57.89
case_0111,assigned_to_reviewer,2024-01-08 09:00:00-05:00,,complete,renewal,normal,0.0
case_0111,review_in_progress,2024-01-08 09:21:28.346423-05:00,reviewer_002,complete,renewal,normal,49.13
case_0111,health_inspection,2024-01-16 09:00:00-05:00,inspector_003,complete,renewal,normal,42.62
case_0111,approved,2024-01-23 09:00:00-05:00,,complete,renewal,normal,0.0
case_0112,submitted,2024-01-02 09:00:00-05:00,,complete,new_business,normal,0.0
case_0112,intake_validation,2024-01-04 09:00:00-05:00,clerk_002,complete,new_business,normal,52.74
case_0112,assigned_to_reviewer,2024-01-08 09:00:00-05:00,,complete,new_business,normal,0.0
case_0112,review_in_progress,2024-01-08 09:11:09.191193-05:00,reviewer_002,complete,new_business,normal,52.96
case_0112,health_inspection,2024-01-16 09:00:00-05:00,inspector_002,complete,new_business,normal,47.34
case_0112,approved,2024-01-22 09:00:00-05:00,,complete,new_business,normal,0.0
case_0113,submitted,2024-01-02 09:00:00-05:00,,complete,renewal,low,0.0
case_0113,intake_validation,2024-01-04 09:00:00-05:00,clerk_003,complete,renewal,low,62.58
case_0113,assigned_to_reviewer,2024-01-08 09:00:00-05:00,,complete,renewal,low,0.0
case_0113,review_in_progress,2024-01-08 09:17:37.938459-05:00,reviewer_002,complete,renewal,low,10.0
case_0113,health_inspection,2024-01-12 09:00:00-05:00,inspector_001,complete,renewal,low,70.66
case_0113,approved,2024-01-16 09:00:00-05:00,,complete,renewal,low,0.0
case_0114,submitted,2024-01-02 09:00:00-05:00,,complete,renewal,high,0.0
case_0114,intake_validation,2024-01-03 11:24:11.606743-05:00,clerk_001,complete,renewal,high,34.14
case_0114,assigned_to_reviewer,2024-01-05 16:03:27.457086-05:00,,complete,renewal,high,0.0
case_0114,review_in_progress,2024-01-05 16:33:22.261636-05:00,reviewer_004,complete,renewal,high,54.12
case_0114,health_inspection,2024-01-11 09:00:00-05:00,inspector_002,complete,renewal,high,36.58
case_0114,rejected,2024-01-19 09:00:00-05:00,,complete,renewal,high,0.0
case_0115,submitted,2024-01-02 09:00:00-05:00,,complete,renewal,normal,0.0
case_0115,intake_validation,2024-01-04 09:00:00-05:00,clerk_001,complete,renewal,normal,80.9
case_0115,assigned_to_reviewer,2024-01-08 09:00:00-05:00,,complete,renewal,normal,0.0
case_0115,review_in_progress,2024-01-08 09:08:09.970623-05:00,reviewer_002,complete,renewal,normal,47.67
case_0115,request_additional_info,2024-01-12 09:22:54.450066-05:00,,complete,renewal,normal,0.0
case_0115,applicant_provided_info,2024-01-16 09:00:00-05:00,,complete,renewal,normal,0.0
case_0115,review_in_progress,2024-01-19 09:00:00-05:00,reviewer_004,complete,renewal,normal,48.59
case_0115,request_additional_info,2024-01-24 09:00:00-05:00,,complete,renewal,normal,0.0
case_0115,withdrawn,2024-01-30 10:53:35.692121-05:00,,complete,renewal,normal,0.0
case_0116,submitted,2024-01-02 09:00:00-05:00,,complete,renewal,normal,0.0
case_0116,intake_validation,2024-01-04 09:00:00-05:00,clerk_001,complete,renewal,normal,52.83
case_0116,assigned_to_reviewer,2024-01-05 09:00:00-05:00,,complete,renewal,normal,0.0
case_0116,review_in_progress,2024-01-05 09:25:00.253236-05:00,reviewer_003,complete,renewal,normal,68.1
case_0116,request_additional_info,2024-01-09 11:21:11.108473-05:00,,complete,renewal,normal,0.0
case_0116,applicant_provided_info,2024-01-12 09:00:00-05:00,,complete,renewal,normal,0.0
case_0116,review_in_progress,2024-01-16 09:00:00-05:00,reviewer_003,complete,renewal,normal,85.1
case_0116,request_additional_info,2024-01-19 09:00:00-05:00,,complete,renewal,normal,0.0
case_0116,applicant_provided_info,2024-01-26 09:00:00-05:00,,complete,renewal,normal,0.0
case_0116,review_in_progress,2024-01-29 09:00:00-05:00,reviewer_001,complete,renewal,normal,22.96
case_0116,health_inspection,2024-02-02 09:00:00-05:00,inspector_003,complete,renewal,normal,29.72
case_0116,approved,2024-02-05 09:00:00-05:00,,complete,renewal,normal,0.0
case_0117,submitted,2024-01-02 09:00:00-05:00,,complete,renewal,low,0.0
case_0117,intake_validation,2024-01-03 11:07:45.927486-05:00,clerk_002,complete,renewal,low,62.35
case_0117,assigned_to_reviewer,2024-01-05 09:00:00-05:00,,complete,renewal,low,0.0
case_0117,review_in_progress,2024-01-05 09:12:09.587436-05:00,reviewer_001,complete,renewal,low,39.34
case_0117,request_additional_info,2024-01-08 09:00:00-05:00,,complete,renewal,low,0.0
case_0117,applicant_provided_info,2024-01-16 09:00:00-05:00,,complete,renewal,low,0.0
case_0117,review_in_progress,2024-01-19 09:00:00-05:00,reviewer_001,complete,renewal,low,20.28
case_0117,health_inspection,2024-01-22 09:00:00-05:00,inspector_001,complete,renewal,low,53.85
case_0117,approved,2024-01-29 09:00:00-05:00,,complete,renewal,low,0.0
case_0118,submitted,2024-01-02 09:00:00-05:00,,complete,new_business,low,0.0
case_0118,intake_validation,2024-01-04 09:00:00-05:00,clerk_002,complete,new_business,low,55.32
case_0118,assigned_to_reviewer,2024-01-08 09:00:00-05:00,,complete,new_business,low,0.0
case_0118,review_in_progress,2024-01-08 09:06:44.630214-05:00,reviewer_001,complete,new_business,low,46.04
case_0118,health_inspection,2024-01-11 12:51:58.182850-05:00,inspector_001,complete,new_business,low,58.54
case_0118,approved,2024-01-16 13:20:23.293805-05:00,,complete,new_business,low,0.0
case_0119,submitted,2024-01-02 09:00:00-05:00,,complete,new_business,normal,0.0
case_0119,intake_validation,2024-01-04 09:00:00-05:00,clerk_001,complete,new_business,normal,71.56
case_0119,assigned_to_reviewer,2024-01-08 09:00:00-05:00,,complete,new_business,normal,0.0
case_0119,review_in_progress,2024-01-08 09:21:53.309125-05:00,reviewer_002,complete,new_business,normal,59.06
case_0119,request_additional_info,2024-01-12 09:00:00-05:00,,complete,new_business,normal,0.0
case_0119,applicant_provided_info,2024-01-16 09:00:00-05:00,,complete,new_business,normal,0.0
case_0119,review_in_progress,2024-01-19 09:00:00-05:00,reviewer_001,complete,new_business,normal,51.48
case_0119,request_additional_info,2024-01-22 09:00:00-05:00,,complete,new_business,normal,0.0
case_0119,applicant_provided_info,2024-01-25 14:11:37.823101-05:00,,complete,new_business,normal,0.0
case_0119,review_in_progress,2024-01-29 09:00:00-05:00,reviewer_002,complete,new_business,normal,49.38
case_0119,health_inspection,2024-02-05 09:00:00-05:00,inspector_002,complete,new_business,normal,55.31
case_0119,approved,2024-02-12 09:00:00-05:00,,complete,new_business,normal,0.0
case_0120,submitted,2024-01-02 09:00:00-05:00,,complete,renewal,high,0.0
case_0120,intake_validation,2024-01-04 09:00:00-05:00,clerk_003,complete,renewal,high,19.4
case_0120,assigned_to_reviewer,2024-01-08 09:00:00-05:00,,complete,renewal,high,0.0
case_0120,review_in_progress,2024-01-08 09:23:08.600207-05:00,reviewer_004,complete,renewal,high,54.88
case_0120,request_additional_info,2024-01-16 09:00:00-05:00,,complete,renewal,high,0.0
case_0120,applicant_provided_info,2024-01-18 09:00:00-05:00,,complete,renewal,high,0.0
case_0120,review_in_progress,2024-01-22 09:00:00-05:00,reviewer_004,complete,renewal,high,52.8
case_0120,health_inspection,2024-01-26 09:00:00-05:00,inspector_003,complete,renewal,high,42.73
case_0120,approved,2024-01-31 09:00:00-05:00,,complete,renewal,high,0.0
case_0121,submitted,2024-01-02 09:00:00-05:00,,complete,new_business,high,0.0
case_0121,intake_validation,2024-01-04 09:00:00-05:00,clerk_002,complete,new_business,high,47.28
case_0121,assigned_to_reviewer,2024-01-08 09:00:00-05:00,,complete,new_business,high,0.0
case_0121,review_in_progress,2024-01-08 09:18:32.489295-05:00,reviewer_002,complete,new_business,high,66.38
case_0121,request_additional_info,2024-01-12 09:00:00-05:00,,complete,new_business,high,0.0
case_0121,withdrawn,2024-01-19 09:00:00-05:00,,complete,new_business,high,0.0
case_0122,submitted,2024-01-02 09:00:00-05:00,,complete,new_business,low,0.0
case_0122,intake_validation,2024-01-04 09:00:00-05:00,clerk_002,complete,new_business,low,37.17
case_0122,assigned_to_reviewer,2024-01-08 09:00:00-05:00,,complete,new_business,low,0.0
case_0122,review_in_progress,2024-01-08 09:09:27.147846-05:00,reviewer_003,complete,new_business,low,61.6
case_0122,health_inspection,2024-01-10 11:56:59.580265-05:00,inspector_001,complete,new_business,low,49.1
case_0122,approved,2024-01-16 09:00:00-05:00,,complete,new_business,low,0.0
case_0123,submitted,2024-01-02 09:00:00-05:00,,complete,existing_business,normal,0.0
case_0123,intake_validation,2024-01-04 09:00:00-05:00,clerk_003,complete,existing_business,normal,16.23
case_0123,assigned_to_reviewer,2024-01-05 15:27:01.818023-05:00,,complete,existing_business,normal,0.0
case_0123,review_in_progress,2024-01-05 15:52:51.003621-05:00,reviewer_002,complete,existing_business,normal,44.09
case_0123,request_additional_info,2024-01-10 09:00:00-05:00,,complete,existing_business,normal,0.0
case_0123,withdrawn,2024-01-16 09:00:00-05:00,,complete,existing_business,normal,0.0
case_0124,submitted,2024-01-02 09:00:00-05:00,,complete,new_business,normal,0.0
case_0124,intake_validation,2024-01-03 16:28:01.035260-05:00,clerk_001,complete,new_business,normal,42.33
case_0124,rejected,2024-01-08 09:00:00-05:00,,complete,new_business,normal,0.0
case_0125,submitted,2024-01-02 09:00:00-05:00,,complete,renewal,high,0.0
case_0125,intake_validation,2024-01-03 14:59:15.958578-05:00,clerk_003,complete,renewal,high,46.62
case_0125,assigned_to_reviewer,2024-01-08 09:00:00-05:00,,complete,renewal,high,0.0
case_0125,review_in_progress,2024-01-08 09:08:58.376917-05:00,reviewer_002,complete,renewal,high,38.48
case_0125,request_additional_info,2024-01-16 09:00:00-05:00,,complete,renewal,high,0.0
case_0125,applicant_provided_info,2024-01-22 09:00:00-05:00,,complete,renewal,high,0.0
case_0125,review_in_progress,2024-01-24 12:55:27.576294-05:00,reviewer_004,complete,renewal,high,45.39
case_0125,health_inspection,2024-01-29 09:00:00-05:00,inspector_003,complete,renewal,high,38.61
case_0125,approved,2024-02-05 09:00:00-05:00,,complete,renewal,high,0.0
case_0126,submitted,2024-01-02 09:00:00-05:00,,complete,new_business,normal,0.0
case_0126,intake_validation,2024-01-04 09:00:00-05:00,clerk_001,complete,new_business,normal,68.4
case_0126,assigned_to_reviewer,2024-01-08 09:00:00-05:00,,complete,new_business,normal,0.0
case_0126,review_in_progress,2024-01-08 09:25:19.323220-05:00,reviewer_004,complete,new_business,normal,38.57
case_0126,health_inspection,2024-01-12 15:32:48.275653-05:00,inspector_002,complete,new_business,normal,49.79
case_0126,approved,2024-01-19 10:38:27.737152-05:00,,complete,new_business,normal,0.0
case_0127,submitted,2024-01-02 09:00:00-05:00,,complete,existing_business,normal,0.0
case_0127,intake_validation,2024-01-04 09:00:00-05:00,clerk_002,complete,existing_business,normal,66.82
case_0127,assigned_to_reviewer,2024-01-08 09:00:00-05:00,,complete,existing_business,normal,0.0
case_0127,review_in_progress,2024-01-08 09:07:31.925358-05:00,reviewer_003,complete,existing_business,normal,57.52
case_0127,health_inspection,2024-01-12 12:19:27.431986-05:00,inspector_001,complete,existing_business,normal,41.08
case_0127,approved,2024-01-18 09:00:00-05:00,,complete,existing_business,normal,0.0
case_0128,submitted,2024-01-02 09:00:00-05:00,,complete,existing_business,normal,0.0
case_0128,intake_validation,2024-01-04 09:00:00-05:00,clerk_002,complete,existing_business,normal,61.62
case_0128,assigned_to_reviewer,2024-01-08 09:00:00-05:00,,complete,existing_business,normal,0.0
case_0128,review_in_progress,2024-01-08 09:22:59.619302-05:00,reviewer_001,complete,existing_business,normal,49.82
case_0128,health_inspection,2024-01-11 09:00:00-05:00,inspector_003,complete,existing_business,normal,68.64
case_0128,approved,2024-01-16 09:00:00-05:00,,complete,existing_business,normal,0.0
case_0129,submitted,2024-01-02 09:00:00-05:00,,complete,new_business,low,0.0
case_0129,intake_validation,2024-01-03 12:04:14.373670-05:00,clerk_003,complete,new_business,low,37.59
case_0129,assigned_to_reviewer,2024-01-08 09:00:00-05:00,,complete,new_business,low,0.0
case_0129,review_in_progress,2024-01-08 09:14:03.310747-05:00,reviewer_002,complete,new_business,low,49.53
case_0129,health_inspection,2024-01-16 09:00:00-05:00,inspector_001,complete,new_business,low,37.16
case_0129,rejected,2024-01-22 09:00:00-05:00,,complete,new_business,low,0.0
case_0130,submitted,2024-01-02 09:00:00-05:00,,complete,new_business,high,0.0
case_0130,intake_validation,2024-01-04 09:00:00-05:00,clerk_003,complete,new_business,high,40.7
case_0130,assigned_to_reviewer,2024-01-05 11:35:41.908527-05:00,,complete,new_business,high,0.0
case_0130,review_in_progress,2024-01-05 11:46:30.335618-05:00,reviewer_003,complete,new_business,high,58.55
case_0130,health_inspection,2024-01-10 09:00:00-05:00,inspector_003,complete,new_business,high,53.14
case_0130,approved,2024-01-16 09:00:00-05:00,,complete,new_business,high,0.0
case_0131,submitted,2024-01-02 09:00:00-05:00,,complete,renewal,normal,0.0
case_0131,intake_validation,2024-01-03 13:02:47.537369-05:00,clerk_002,complete,renewal,normal,32.94
case_0131,assigned_to_reviewer,2024-01-08 09:00:00-05:00,,complete,renewal,normal,0.0
case_0131,review_in_progress,2024-01-08 09:21:12.222059-05:00,reviewer_004,complete,renewal,normal,46.91
case_0131,health_inspection,2024-01-11 09:00:00-05:00,inspector_001,complete,renewal,normal,52.78
case_0131,approved,2024-01-16 10:34:01.282665-05:00,,complete,renewal,normal,0.0
case_0132,submitted,2024-01-02 09:00:00-05:00,,complete,existing_business,normal,0.0
case_0132,intake_validation,2024-01-04 09:00:00-05:00,clerk_002,complete,existing_business,normal,42.3
case_0132,assigned_to_reviewer,2024-01-08 09:00:00-05:00,,complete,existing_business,normal,0.0
case_0132,review_in_progress,2024-01-08 09:23:28.077952-05:00,reviewer_002,complete,existing_business,normal,45.21
case_0132,health_inspection,2024-01-16 09:00:00-05:00,inspector_003,complete,existing_business,normal,43.86
case_0132,approved,2024-01-23 09:00:00-05:00,,complete,existing_business,normal,0.0
case_0133,submitted,2024-01-02 09:00:00-05:00,,complete,new_business,normal,0.0
case_0133,intake_validation,2024-01-04 09:00:00-05:00,clerk_001,complete,new_business,normal,57.5
case_0133,assigned_to_reviewer,2024-01-08 09:00:00-05:00,,complete,new_business,normal,0.0
case_0133,review_in_progress,2024-01-08 09:27:02.223558-05:00,reviewer_003,complete,new_business,normal,96.3
case_0133,health_inspection,2024-01-12 09:06:44.825743-05:00,inspector_002,complete,new_business,normal,64.59
case_0133,approved,2024-01-17 09:00:00-05:00,,complete,new_business,normal,0.0
case_0134,submitted,2024-01-02 09:00:00-05:00,,complete,existing_business,low,0.0
case_0134,intake_validation,2024-01-04 09:00:00-05:00,clerk_002,complete,existing_business,low,43.78
case_0134,assigned_to_reviewer,2024-01-08 09:00:00-05:00,,complete,existing_business,low,0.0
case_0134,review_in_progress,2024-01-08 09:08:31.076501-05:00,reviewer_001,complete,existing_business,low,39.85
case_0134,health_inspection,2024-01-10 09:00:00-05:00,inspector_001,complete,existing_business,low,48.51
case_0134,approved,2024-01-12 10:40:44.872182-05:00,,complete,existing_business,low,0.0
case_0135,submitted,2024-01-02 09:00:00-05:00,,complete,new_business,normal,0.0
case_0135,intake_validation,2024-01-04 09:00:00-05:00,clerk_001,complete,new_business,normal,68.19
case_0135,assigned_to_reviewer,2024-01-08 09:00:00-05:00,,complete,new_business,normal,0.0
case_0135,review_in_progress,2024-01-08 09:22:03.391580-05:00,reviewer_001,complete,new_business,normal,26.01
case_0135,health_inspection,2024-01-10 09:00:00-05:00,inspector_003,complete,new_business,normal,48.23
case_0135,approved,2024-01-16 09:00:00-05:00,,complete,new_business,normal,0.0
case_0136,submitted,2024-01-02 09:00:00-05:00,,complete,new_business,low,0.0
case_0136,intake_validation,2024-01-04 09:00:00-05:00,clerk_002,complete,new_business,low,70.9
case_0136,assigned_to_reviewer,2024-01-08 09:00:00-05:00,,complete,new_business,low,0.0
case_0136,review_in_progress,2024-01-08 09:10:05.537678-05:00,reviewer_002,complete,new_business,low,64.21
case_0136,health_inspection,2024-01-16 09:00:00-05:00,inspector_003,complete,new_business,low,56.21
case_0136,approved,2024-01-23 09:00:00-05:00,,complete,new_business,low,0.0
case_0137,submitted,2024-01-02 09:00:00-05:00,,complete,existing_business,normal,0.0
case_0137,intake_validation,2024-01-04 09:00:00-05:00,clerk_002,complete,existing_business,normal,63.85
case_0137,assigned_to_reviewer,2024-01-08 09:00:00-05:00,,complete,existing_business,normal,0.0
case_0137,review_in_progress,2024-01-08 09:15:59.079912-05:00,reviewer_004,complete,existing_business,normal,45.87
case_0137,health_inspection,2024-01-12 09:00:00-05:00,inspector_002,complete,existing_business,normal,41.46
case_0137,approved,2024-01-22 09:00:00-05:00,,complete,existing_business,normal,0.0
case_0138,submitted,2024-01-02 09:00:00-05:00,,complete,existing_business,low,0.0
case_0138,intake_validation,2024-01-03 10:06:12.008913-05:00,clerk_001,complete,existing_business,low,43.64
case_0138,assigned_to_reviewer,2024-01-05 11:08:58.247148-05:00,,complete,existing_business,low,0.0
case_0138,review_in_progress,2024-01-05 11:38:26.416751-05:00,reviewer_002,complete,existing_business,low,28.33
case_0138,health_inspection,2024-01-11 09:00:00-05:00,inspector_002,complete,existing_business,low,50.12
case_0138,approved,2024-01-18 09:00:00-05:00,,complete,existing_business,low,0.0
case_0139,submitted,2024-01-02 09:00:00-05:00,,complete,new_business,high,0.0
case_0139,intake_validation,2024-01-04 09:00:00-05:00,clerk_003,complete,new_business,high,63.82
case_0139,assigned_to_reviewer,2024-01-08 09:00:00-05:00,,complete,new_business,high,0.0
case_0139,review_in_progress,2024-01-08 09:17:47.973064-05:00,reviewer_004,complete,new_business,high,60.12
case_0139,health_inspection,2024-01-12 15:02:25.346347-05:00,inspector_002,complete,new_business,high,53.31
case_0139,rejected,2024-01-22 09:00:00-05:00,,complete,new_business,high,0.0
case_0140,submitted,2024-01-02 09:00:00-05:00,,complete,existing_business,low,0.0
case_0140,intake_validation,2024-01-04 09:00:00-05:00,clerk_002,complete,existing_business,low,49.74
case_0140,assigned_to_reviewer,2024-01-08 09:00:00-05:00,,complete,existing_business,low,0.0
case_0140,review_in_progress,2024-01-08 09:13:18.621060-05:00,reviewer_002,complete,existing_business,low,49.9
case_0140,health_inspection,2024-01-16 09:00:00-05:00,inspector_001,complete,existing_business,low,52.8
case_0140,approved,2024-01-22 09:00:00-05:00,,complete,existing_business,low,0.0
case_0141,submitted,2024-01-02 09:00:00-05:00,,complete,new_business,normal,0.0
case_0141,intake_validation,2024-01-04 09:00:00-05:00,clerk_002,complete,new_business,normal,66.27
case_0141,assigned_to_reviewer,2024-01-08 09:00:00-05:00,,complete,new_business,normal,0.0
case_0141,review_in_progress,2024-01-08 09:18:31.658525-05:00,reviewer_001,complete,new_business,normal,54.24
case_0141,health_inspection,2024-01-11 09:00:00-05:00,inspector_002,complete,new_business,normal,57.08
case_0141,approved,2024-01-16 09:00:00-05:00,,complete,new_business,normal,0.0
case_0142,submitted,2024-01-02 09:00:00-05:00,,complete,renewal,normal,0.0
case_0142,intake_validation,2024-01-03 11:35:10.960566-05:00,clerk_003,complete,renewal,normal,60.45
case_0142,assigned_to_reviewer,2024-01-08 09:00:00-05:00,,complete,renewal,normal,0.0
case_0142,review_in_progress,2024-01-08 09:28:56.914063-05:00,reviewer_002,complete,renewal,normal,32.95
case_0142,request_additional_info,2024-01-12 12:21:19.192307-05:00,,complete,renewal,normal,0.0
case_0142,applicant_provided_info,2024-01-18 13:08:41.464083-05:00,,complete,renewal,normal,0.0
case_0142,review_in_progress,2024-01-22 09:00:00-05:00,reviewer_001,complete,renewal,normal,28.61
case_0142,request_additional_info,2024-01-24 09:00:00-05:00,,complete,renewal,normal,0.0
case_0142,applicant_provided_info,2024-01-30 16:06:29.535669-05:00,,complete,renewal,normal,0.0
case_0142,review_in_progress,2024-02-02 09:00:00-05:00,reviewer_004,complete,renewal,normal,38.49
case_0142,request_additional_info,2024-02-07 09:00:00-05:00,,complete,renewal,normal,0.0
case_0142,applicant_provided_info,2024-02-14 09:00:00-05:00,,complete,renewal,normal,0.0
case_0142,review_in_progress,2024-02-16 12:12:03.326200-05:00,reviewer_003,complete,renewal,normal,49.88
case_0142,request_additional_info,2024-02-20 14:42:30.651458-05:00,,complete,renewal,normal,0.0
case_0142,applicant_provided_info,2024-02-27 09:00:00-05:00,,complete,renewal,normal,0.0
case_0142,review_in_progress,2024-02-29 13:49:16.816713-05:00,reviewer_002,complete,renewal,normal,37.36
case_0142,health_inspection,2024-03-05 09:00:00-05:00,inspector_002,complete,renewal,normal,67.16
case_0142,approved,2024-03-12 09:00:00-04:00,,complete,renewal,normal,0.0
case_0143,submitted,2024-01-02 09:00:00-05:00,,complete,existing_business,normal,0.0
case_0143,intake_validation,2024-01-04 09:00:00-05:00,clerk_003,complete,existing_business,normal,45.4
case_0143,assigned_to_reviewer,2024-01-08 09:00:00-05:00,,complete,existing_business,normal,0.0
case_0143,review_in_progress,2024-01-08 09:25:23.958882-05:00,reviewer_001,complete,existing_business,normal,63.66
case_0143,health_inspection,2024-01-10 09:00:00-05:00,inspector_001,complete,existing_business,normal,67.68
case_0143,approved,2024-01-16 09:00:00-05:00,,complete,existing_business,normal,0.0
case_0144,submitted,2024-01-02 09:00:00-05:00,,complete,new_business,normal,0.0
case_0144,intake_validation,2024-01-04 09:00:00-05:00,clerk_003,complete,new_business,normal,48.02
case_0144,assigned_to_reviewer,2024-01-08 09:00:00-05:00,,complete,new_business,normal,0.0
case_0144,review_in_progress,2024-01-08 09:24:49.402329-05:00,reviewer_002,complete,new_business,normal,20.06
case_0144,health_inspection,2024-01-16 09:00:00-05:00,inspector_003,complete,new_business,normal,62.84
case_0144,approved,2024-01-22 09:00:00-05:00,,complete,new_business,normal,0.0
case_0145,submitted,2024-01-02 09:00:00-05:00,,complete,renewal,normal,0.0
case_0145,intake_validation,2024-01-04 09:00:00-05:00,clerk_002,complete,renewal,normal,48.03
case_0145,assigned_to_reviewer,2024-01-08 09:00:00-05:00,,complete,renewal,normal,0.0
case_0145,review_in_progress,2024-01-08 09:20:28.877247-05:00,reviewer_004,complete,renewal,normal,47.43
case_0145,health_inspection,2024-01-12 13:31:03.314429-05:00,inspector_002,complete,renewal,normal,59.02
case_0145,approved,2024-01-17 09:00:00-05:00,,complete,renewal,normal,0.0
case_0146,submitted,2024-01-02 09:00:00-05:00,,complete,new_business,normal,0.0
case_0146,intake_validation,2024-01-03 16:56:00.624947-05:00,clerk_001,complete,new_business,normal,57.53
case_0146,assigned_to_reviewer,2024-01-04 15:00:03.480121-05:00,,complete,new_business,normal,0.0
case_0146,review_in_progress,2024-01-04 15:21:56.602025-05:00,reviewer_003,complete,new_business,normal,60.89
case_0146,health_inspection,2024-01-08 09:00:00-05:00,inspector_001,complete,new_business,normal,52.28
case_0146,approved,2024-01-12 09:00:00-05:00,,complete,new_business,normal,0.0
case_0147,submitted,2024-01-02 09:00:00-05:00,,complete,new_business,normal,0.0
case_0147,intake_validation,2024-01-03 16:57:54.735688-05:00,clerk_001,complete,new_business,normal,55.16
case_0147,assigned_to_reviewer,2024-01-08 09:00:00-05:00,,complete,new_business,normal,0.0
case_0147,review_in_progress,2024-01-08 09:25:46.111297-05:00,reviewer_001,complete,new_business,normal,42.06
case_0147,request_additional_info,2024-01-12 09:00:00-05:00,,complete,new_business,normal,0.0
case_0147,applicant_provided_info,2024-01-19 09:00:00-05:00,,complete,new_business,normal,0.0
case_0147,review_in_progress,2024-01-22 09:00:00-05:00,reviewer_004,complete,new_business,normal,35.77
case_0147,health_inspection,2024-01-26 09:00:00-05:00,inspector_003,complete,new_business,normal,56.37
case_0147,approved,2024-02-01 09:00:00-05:00,,complete,new_business,normal,0.0
case_0148,submitted,2024-01-02 09:00:00-05:00,,complete,existing_business,low,0.0
case_0148,intake_validation,2024-01-04 09:00:00-05:00,clerk_003,complete,existing_business,low,36.93
case_0148,assigned_to_reviewer,2024-01-08 09:00:00-05:00,,complete,existing_business,low,0.0
case_0148,review_in_progress,2024-01-08 09:22:05.282582-05:00,reviewer_004,complete,existing_business,low,43.75
case_0148,health_inspection,2024-01-12 12:37:34.325858-05:00,inspector_003,complete,existing_business,low,53.22
case_0148,approved,2024-01-17 09:43:51.630849-05:00,,complete,existing_business,low,0.0
case_0149,submitted,2024-01-02 09:00:00-05:00,,complete,new_business,normal,0.0
case_0149,intake_validation,2024-01-03 11:06:01.805582-05:00,clerk_003,complete,new_business,normal,31.67
case_0149,assigned_to_reviewer,2024-01-05 09:00:00-05:00,,complete,new_business,normal,0.0
case_0149,review_in_progress,2024-01-05 09:21:07.512861-05:00,reviewer_001,complete,new_business,normal,43.0
case_0149,request_additional_info,2024-01-08 09:00:00-05:00,,complete,new_business,normal,0.0
case_0149,applicant_provided_info,2024-01-16 09:00:00-05:00,,complete,new_business,normal,0.0
case_0149,review_in_progress,2024-01-19 09:00:00-05:00,reviewer_001,complete,new_business,normal,56.39
case_0149,health_inspection,2024-01-22 09:00:00-05:00,inspector_003,complete,new_business,normal,46.9
case_0149,approved,2024-01-26 09:00:00-05:00,,complete,new_business,normal,0.0
case_0150,submitted,2024-01-02 09:00:00-05:00,,complete,new_business,normal,0.0
case_0150,intake_validation,2024-01-04 09:00:00-05:00,clerk_002,complete,new_business,normal,58.11
case_0150,assigned_to_reviewer,2024-01-08 09:00:00-05:00,,complete,new_business,normal,0.0
case_0150,review_in_progress,2024-01-08 09:23:30.227390-05:00,reviewer_004,complete,new_business,normal,47.93
case_0150,health_inspection,2024-01-12 11:05:42.805699-05:00,inspector_001,complete,new_business,normal,34.71
case_0150,approved,2024-01-18 09:00:00-05:00,,complete,new_business,normal,0.0
case_0151,submitted,2024-01-02 09:00:00-05:00,,complete,existing_business,normal,0.0
case_0151,intake_validation,2024-01-04 09:00:00-05:00,clerk_001,complete,existing_business,normal,39.38
case_0151,assigned_to_reviewer,2024-01-05 13:36:17.219486-05:00,,complete,existing_business,normal,0.0
case_0151,review_in_progress,2024-01-05 13:46:38.374984-05:00,reviewer_004,complete,existing_business,normal,70.71
case_0151,health_inspection,2024-01-11 09:00:00-05:00,inspector_001,complete,existing_business,normal,22.01
case_0151,approved,2024-01-12 12:53:34.411131-05:00,,complete,existing_business,normal,0.0
case_0152,submitted,2024-01-02 09:00:00-05:00,,complete,new_business,normal,0.0
case_0152,intake_validation,2024-01-04 09:00:00-05:00,clerk_002,complete,new_business,normal,60.62
case_0152,assigned_to_reviewer,2024-01-08 09:00:00-05:00,,complete,new_business,normal,0.0
case_0152,review_in_progress,2024-01-08 09:20:01.204703-05:00,reviewer_002,complete,new_business,normal,42.3
case_0152,health_inspection,2024-01-12 09:34:42.765663-05:00,inspector_001,complete,new_business,normal,54.38
case_0152,approved,2024-01-16 09:00:00-05:00,,complete,new_business,normal,0.0
case_0153,submitted,2024-01-02 09:00:00-05:00,,complete,existing_business,high,0.0
case_0153,intake_validation,2024-01-04 09:00:00-05:00,clerk_002,complete,existing_business,high,74.22
case_0153,assigned_to_reviewer,2024-01-08 09:00:00-05:00,,complete,existing_business,high,0.0
case_0153,review_in_progress,2024-01-08 09:26:36.547664-05:00,reviewer_003,complete,existing_business,high,47.4
case_0153,health_inspection,2024-01-10 14:56:55.596186-05:00,inspector_002,complete,existing_business,high,81.17
case_0153,approved,2024-01-12 09:00:00-05:00,,complete,existing_business,high,0.0
case_0154,submitted,2024-01-02 09:00:00-05:00,,complete,existing_business,high,0.0
case_0154,intake_validation,2024-01-04 09:00:00-05:00,clerk_002,complete,existing_business,high,52.26
case_0154,assigned_to_reviewer,2024-01-08 09:00:00-05:00,,complete,existing_business,high,0.0
case_0154,review_in_progress,2024-01-08 09:12:59.038791-05:00,reviewer_002,complete,existing_business,high,35.86
case_0154,request_additional_info,2024-01-16 09:00:00-05:00,,complete,existing_business,high,0.0
case_0154,applicant_provided_info,2024-01-22 11:06:33.785910-05:00,,complete,existing_business,high,0.0
case_0154,review_in_progress,2024-01-25 09:00:00-05:00,reviewer_002,complete,existing_business,high,41.11
case_0154,request_additional_info,2024-02-01 14:12:47.051522-05:00,,complete,existing_business,high,0.0
case_0154,applicant_provided_info,2024-02-07 09:00:00-05:00,,complete,existing_business,high,0.0
case_0154,review_in_progress,2024-02-12 09:00:00-05:00,reviewer_002,complete,existing_business,high,53.12
case_0154,health_inspection,2024-02-15 09:00:00-05:00,inspector_001,complete,existing_business,high,61.88
case_0154,approved,2024-02-20 09:00:00-05:00,,complete,existing_business,high,0.0
case_0155,submitted,2024-01-02 09:00:00-05:00,,complete,renewal,normal,0.0
case_0155,intake_validation,2024-01-04 09:00:00-05:00,clerk_003,complete,renewal,normal,42.22
case_0155,assigned_to_reviewer,2024-01-08 09:00:00-05:00,,complete,renewal,normal,0.0
case_0155,review_in_progress,2024-01-08 09:21:41.292451-05:00,reviewer_003,complete,renewal,normal,59.25
case_0155,health_inspection,2024-01-11 12:27:25.712497-05:00,inspector_002,complete,renewal,normal,34.46
case_0155,approved,2024-01-19 13:50:23.313394-05:00,,complete,renewal,normal,0.0
case_0156,submitted,2024-01-02 09:00:00-05:00,,complete,new_business,normal,0.0
case_0156,intake_validation,2024-01-03 12:58:28.343058-05:00,clerk_002,complete,new_business,normal,52.31
case_0156,assigned_to_reviewer,2024-01-08 09:00:00-05:00,,complete,new_business,normal,0.0
case_0156,review_in_progress,2024-01-08 09:11:31.698719-05:00,reviewer_003,complete,new_business,normal,59.37
case_0156,health_inspection,2024-01-12 09:00:00-05:00,inspector_001,complete,new_business,normal,51.6
case_0156,approved,2024-01-16 09:00:00-05:00,,complete,new_business,normal,0.0
case_0157,submitted,2024-01-02 09:00:00-05:00,,complete,existing_business,low,0.0
case_0157,intake_validation,2024-01-03 10:20:30.797159-05:00,clerk_001,complete,existing_business,low,47.23
case_0157,assigned_to_reviewer,2024-01-08 09:00:00-05:00,,complete,existing_business,low,0.0
case_0157,review_in_progress,2024-01-08 09:06:26.812851-05:00,reviewer_003,complete,existing_business,low,48.67
case_0157,request_additional_info,2024-01-12 09:00:00-05:00,,complete,existing_business,low,0.0
case_0157,applicant_provided_info,2024-01-16 09:00:00-05:00,,complete,existing_business,low,0.0
case_0157,review_in_progress,2024-01-19 09:00:00-05:00,reviewer_004,complete,existing_business,low,56.21
case_0157,health_inspection,2024-01-22 09:00:00-05:00,inspector_003,complete,existing_business,low,40.93
case_0157,approved,2024-01-29 09:00:00-05:00,,complete,existing_business,low,0.0
case_0158,submitted,2024-01-02 09:00:00-05:00,,complete,renewal,normal,0.0
case_0158,intake_validation,2024-01-04 09:00:00-05:00,clerk_001,complete,renewal,normal,63.77
case_0158,assigned_to_reviewer,2024-01-05 09:00:00-05:00,,complete,renewal,normal,0.0
case_0158,review_in_progress,2024-01-05 09:06:56.212652-05:00,reviewer_002,complete,renewal,normal,62.73
case_0158,request_additional_info,2024-01-09 09:00:00-05:00,,complete,renewal,normal,0.0
case_0158,applicant_provided_info,2024-01-16 09:00:00-05:00,,complete,renewal,normal,0.0
case_0158,review_in_progress,2024-01-19 09:00:00-05:00,reviewer_002,complete,renewal,normal,61.58
case_0158,health_inspection,2024-01-22 09:25:56.166897-05:00,inspector_003,complete,renewal,normal,53.62
case_0158,approved,2024-01-29 09:00:00-05:00,,complete,renewal,normal,0.0
case_0159,submitted,2024-01-02 09:00:00-05:00,,complete,new_business,low,0.0
case_0159,intake_validation,2024-01-04 09:00:00-05:00,clerk_003,complete,new_business,low,35.75
case_0159,assigned_to_reviewer,2024-01-08 09:00:00-05:00,,complete,new_business,low,0.0
case_0159,review_in_progress,2024-01-08 09:10:32.190260-05:00,reviewer_004,complete,new_business,low,43.37
case_0159,request_additional_info,2024-01-10 16:11:41.983842-05:00,,complete,new_business,low,0.0
case_0159,applicant_provided_info,2024-01-16 09:00:00-05:00,,complete,new_business,low,0.0
case_0159,review_in_progress,2024-01-18 12:42:52.869361-05:00,reviewer_002,complete,new_business,low,46.47
case_0159,health_inspection,2024-01-25 09:00:00-05:00,inspector_001,complete,new_business,low,39.38
case_0159,approved,2024-01-29 09:00:00-05:00,,complete,new_business,low,0.0
case_0160,submitted,2024-01-02 09:00:00-05:00,,complete,new_business,normal,0.0
case_0160,intake_validation,2024-01-03 16:21:34.826689-05:00,clerk_002,complete,new_business,normal,27.2
case_0160,assigned_to_reviewer,2024-01-08 09:00:00-05:00,,complete,new_business,normal,0.0
case_0160,review_in_progress,2024-01-08 09:23:56.852441-05:00,reviewer_003,complete,new_business,normal,55.48
case_0160,health_inspection,2024-01-11 14:14:22.239387-05:00,inspector_002,complete,new_business,normal,58.86
case_0160,rejected,2024-01-18 09:00:00-05:00,,complete,new_business,normal,0.0
case_0161,submitted,2024-01-02 09:00:00-05:00,,complete,new_business,low,0.0
case_0161,intake_validation,2024-01-04 09:00:00-05:00,clerk_001,complete,new_business,low,51.08
case_0161,assigned_to_reviewer,2024-01-05 09:00:00-05:00,,complete,new_business,low,0.0
case_0161,review_in_progress,2024-01-05 09:20:44.110451-05:00,reviewer_003,complete,new_business,low,56.03
case_0161,request_additional_info,2024-01-09 09:00:00-05:00,,complete,new_business,low,0.0
case_0161,applicant_provided_info,2024-01-16 09:00:00-05:00,,complete,new_business,low,0.0
case_0161,review_in_progress,2024-01-18 13:50:27.505778-05:00,reviewer_004,complete,new_business,low,49.12
case_0161,health_inspection,2024-01-23 09:00:00-05:00,inspector_001,complete,new_business,low,53.82
case_0161,approved,2024-01-24 09:54:12.216429-05:00,,complete,new_business,low,0.0
case_0162,submitted,2024-01-02 09:00:00-05:00,,complete,renewal,high,0.0
case_0162,intake_validation,2024-01-04 09:00:00-05:00,clerk_002,complete,renewal,high,25.64
case_0162,assigned_to_reviewer,2024-01-05 13:43:31.583394-05:00,,complete,renewal,high,0.0
case_0162,review_in_progress,2024-01-05 14:09:26.444710-05:00,reviewer_002,complete,renewal,high,47.27
case_0162,request_additional_info,2024-01-12 09:00:00-05:00,,complete,renewal,high,0.0
case_0162,withdrawn,2024-01-16 09:00:00-05:00,,complete,renewal,high,0.0
case_0163,submitted,2024-01-02 09:00:00-05:00,,complete,existing_business,normal,0.0
case_0163,intake_validation,2024-01-03 11:33:18.572232-05:00,clerk_001,complete,existing_business,normal,75.55
case_0163,assigned_to_reviewer,2024-01-08 09:00:00-05:00,,complete,existing_business,normal,0.0
case_0163,review_in_progress,2024-01-08 09:19:47.847185-05:00,reviewer_004,complete,existing_business,normal,41.16
case_0163,request_additional_info,2024-01-12 15:59:31.312869-05:00,,complete,existing_business,normal,0.0
case_0163,applicant_provided_info,2024-01-19 10:24:37.468065-05:00,,complete,existing_business,normal,0.0
case_0163,review_in_progress,2024-01-22 09:00:00-05:00,reviewer_001,complete,existing_business,normal,54.18
case_0163,request_additional_info,2024-01-25 09:00:00-05:00,,complete,existing_business,normal,0.0
case_0163,applicant_provided_info,2024-01-29 09:00:00-05:00,,complete,existing_business,normal,0.0
case_0163,review_in_progress,2024-02-01 09:00:00-05:00,reviewer_001,complete,existing_business,normal,53.74
case_0163,health_inspection,2024-02-05 09:00:00-05:00,inspector_002,complete,existing_business,normal,52.58
case_0163,approved,2024-02-14 09:00:00-05:00,,complete,existing_business,normal,0.0
case_0164,submitted,2024-01-02 09:00:00-05:00,,complete,renewal,normal,0.0
case_0164,intake_validation,2024-01-04 09:00:00-05:00,clerk_002,complete,renewal,normal,44.62
case_0164,assigned_to_reviewer,2024-01-08 09:00:00-05:00,,complete,renewal,normal,0.0
case_0164,review_in_progress,2024-01-08 09:10:57.761231-05:00,reviewer_002,complete,renewal,normal,43.58
case_0164,request_additional_info,2024-01-12 09:00:00-05:00,,complete,renewal,normal,0.0
case_0164,applicant_provided_info,2024-01-17 09:00:00-05:00,,complete,renewal,normal,0.0
case_0164,review_in_progress,2024-01-22 09:00:00-05:00,reviewer_001,complete,renewal,normal,44.08
case_0164,health_inspection,2024-01-25 09:00:00-05:00,inspector_003,complete,renewal,normal,74.12
case_0164,rejected,2024-01-29 09:00:00-05:00,,complete,renewal,normal,0.0
case_0165,submitted,2024-01-02 09:00:00-05:00,,complete,existing_business,normal,0.0
case_0165,intake_validation,2024-01-03 10:17:58.401999-05:00,clerk_002,complete,existing_business,normal,31.77
case_0165,assigned_to_reviewer,2024-01-08 09:00:00-05:00,,complete,existing_business,normal,0.0
case_0165,review_in_progress,2024-01-08 09:22:28.327651-05:00,reviewer_004,complete,existing_business,normal,44.68
case_0165,health_inspection,2024-01-12 10:16:31.159921-05:00,inspector_002,complete,existing_business,normal,34.22
case_0165,approved,2024-01-16 09:00:00-05:00,,complete,existing_business,normal,0.0
case_0166,submitted,2024-01-02 09:00:00-05:00,,complete,existing_business,normal,0.0
case_0166,intake_validation,2024-01-04 09:00:00-05:00,clerk_002,complete,existing_business,normal,55.72
case_0166,assigned_to_reviewer,2024-01-08 09:00:00-05:00,,complete,existing_business,normal,0.0
case_0166,review_in_progress,2024-01-08 09:10:19.040489-05:00,reviewer_003,complete,existing_business,normal,72.59
case_0166,health_inspection,2024-01-11 09:00:00-05:00,inspector_001,complete,existing_business,normal,36.62
case_0166,approved,2024-01-16 09:00:00-05:00,,complete,existing_business,normal,0.0
case_0167,submitted,2024-01-02 09:00:00-05:00,,complete,existing_business,low,0.0
case_0167,intake_validation,2024-01-04 09:00:00-05:00,clerk_002,complete,existing_business,low,56.07
case_0167,assigned_to_reviewer,2024-01-08 09:00:00-05:00,,complete,existing_business,low,0.0
case_0167,review_in_progress,2024-01-08 09:19:29.479371-05:00,reviewer_002,complete,existing_business,low,48.07
case_0167,request_additional_info,2024-01-16 09:00:00-05:00,,complete,existing_business,low,0.0
case_0167,applicant_provided_info,2024-01-22 09:00:00-05:00,,complete,existing_business,low,0.0
case_0167,review_in_progress,2024-01-25 09:00:00-05:00,reviewer_004,complete,existing_business,low,45.09
case_0167,health_inspection,2024-01-29 09:00:00-05:00,inspector_003,complete,existing_business,low,59.72
case_0167,approved,2024-02-05 09:00:00-05:00,,complete,existing_business,low,0.0
case_0168,submitted,2024-01-02 09:00:00-05:00,,complete,existing_business,normal,0.0
case_0168,intake_validation,2024-01-04 09:00:00-05:00,clerk_003,complete,existing_business,normal,47.71
case_0168,assigned_to_reviewer,2024-01-08 09:00:00-05:00,,complete,existing_business,normal,0.0
case_0168,review_in_progress,2024-01-08 09:09:28.581607-05:00,reviewer_004,complete,existing_business,normal,38.94
case_0168,health_inspection,2024-01-16 09:00:00-05:00,inspector_001,complete,existing_business,normal,68.07
case_0168,approved,2024-01-18 10:18:09.787873-05:00,,complete,existing_business,normal,0.0
case_0169,submitted,2024-01-02 09:00:00-05:00,,complete,new_business,normal,0.0
case_0169,intake_validation,2024-01-04 09:00:00-05:00,clerk_002,complete,new_business,normal,16.73
case_0169,rejected,2024-01-08 09:00:00-05:00,,complete,new_business,normal,0.0
case_0170,submitted,2024-01-02 09:00:00-05:00,,complete,renewal,normal,0.0
case_0170,intake_validation,2024-01-04 09:00:00-05:00,clerk_001,complete,renewal,normal,29.78
case_0170,assigned_to_reviewer,2024-01-05 09:00:00-05:00,,complete,renewal,normal,0.0
case_0170,review_in_progress,2024-01-05 09:19:09.744591-05:00,reviewer_002,complete,renewal,normal,50.59
case_0170,request_additional_info,2024-01-09 09:00:00-05:00,,complete,renewal,normal,0.0
case_0170,applicant_provided_info,2024-01-16 09:00:00-05:00,,complete,renewal,normal,0.0
case_0170,review_in_progress,2024-01-18 14:56:15.059269-05:00,reviewer_003,complete,renewal,normal,43.77
case_0170,health_inspection,2024-01-22 09:00:00-05:00,inspector_002,complete,renewal,normal,58.5
case_0170,approved,2024-01-29 09:00:00-05:00,,complete,renewal,normal,0.0
case_0171,submitted,2024-01-02 09:00:00-05:00,,complete,renewal,normal,0.0
case_0171,intake_validation,2024-01-04 09:00:00-05:00,clerk_002,complete,renewal,normal,39.77
case_0171,assigned_to_reviewer,2024-01-08 09:00:00-05:00,,complete,renewal,normal,0.0
case_0171,review_in_progress,2024-01-08 09:18:33.782118-05:00,reviewer_002,complete,renewal,normal,39.29
case_0171,health_inspection,2024-01-16 09:00:00-05:00,inspector_001,complete,renewal,normal,65.31
case_0171,approved,2024-01-18 15:50:59.533608-05:00,,complete,renewal,normal,0.0
case_0172,submitted,2024-01-02 09:00:00-05:00,,complete,existing_business,normal,0.0
case_0172,intake_validation,2024-01-03 09:11:58.598356-05:00,clerk_003,complete,existing_business,normal,47.99
case_0172,assigned_to_reviewer,2024-01-05 09:00:00-05:00,,complete,existing_business,normal,0.0
case_0172,review_in_progress,2024-01-05 09:06:10.393898-05:00,reviewer_002,complete,existing_business,normal,50.29
case_0172,health_inspection,2024-01-10 09:00:00-05:00,inspector_003,complete,existing_business,normal,38.75
case_0172,approved,2024-01-16 09:00:00-05:00,,complete,existing_business,normal,0.0
case_0173,submitted,2024-01-02 09:00:00-05:00,,complete,renewal,high,0.0
case_0173,intake_validation,2024-01-04 09:00:00-05:00,clerk_003,complete,renewal,high,59.34
case_0173,assigned_to_reviewer,2024-01-08 09:00:00-05:00,,complete,renewal,high,0.0
case_0173,review_in_progress,2024-01-08 09:10:22.666338-05:00,reviewer_003,complete,renewal,high,41.17
case_0173,health_inspection,2024-01-12 09:00:00-05:00,inspector_001,complete,renewal,high,41.94
case_0173,approved,2024-01-16 09:00:00-05:00,,complete,renewal,high,0.0
case_0174,submitted,2024-01-02 09:00:00-05:00,,complete,renewal,normal,0.0
case_0174,intake_validation,2024-01-03 14:35:14.827023-05:00,clerk_002,complete,renewal,normal,42.92
case_0174,assigned_to_reviewer,2024-01-08 09:00:00-05:00,,complete,renewal,normal,0.0
case_0174,review_in_progress,2024-01-08 09:24:59.651589-05:00,reviewer_004,complete,renewal,normal,60.86
case_0174,request_additional_info,2024-01-16 09:00:00-05:00,,complete,renewal,normal,0.0
case_0174,applicant_provided_info,2024-01-18 09:00:00-05:00,,complete,renewal,normal,0.0
case_0174,review_in_progress,2024-01-22 09:00:00-05:00,reviewer_004,complete,renewal,normal,53.61
case_0174,request_additional_info,2024-01-29 09:00:00-05:00,,complete,renewal,normal,0.0
case_0174,applicant_provided_info,2024-02-02 09:00:00-05:00,,complete,renewal,normal,0.0
case_0174,review_in_progress,2024-02-05 09:00:00-05:00,reviewer_004,complete,renewal,normal,43.26
case_0174,health_inspection,2024-02-09 16:08:42.549646-05:00,inspector_002,complete,renewal,normal,44.96
case_0174,rejected,2024-02-15 14:18:15.146998-05:00,,complete,renewal,normal,0.0
case_0175,submitted,2024-01-02 09:00:00-05:00,,complete,existing_business,normal,0.0
case_0175,intake_validation,2024-01-03 13:46:09.721788-05:00,clerk_003,complete,existing_business,normal,62.25
case_0175,assigned_to_reviewer,2024-01-05 09:00:00-05:00,,complete,existing_business,normal,0.0
case_0175,review_in_progress,2024-01-05 09:13:47.299422-05:00,reviewer_002,complete,existing_business,normal,69.33
case_0175,request_additional_info,2024-01-08 09:00:00-05:00,,complete,existing_business,normal,0.0
case_0175,applicant_provided_info,2024-01-12 09:00:00-05:00,,complete,existing_business,normal,0.0
case_0175,review_in_progress,2024-01-16 09:00:00-05:00,reviewer_001,complete,existing_business,normal,68.07
case_0175,request_additional_info,2024-01-18 09:00:00-05:00,,complete,existing_business,normal,0.0
case_0175,applicant_provided_info,2024-01-25 09:00:00-05:00,,complete,existing_business,normal,0.0
case_0175,review_in_progress,2024-01-29 09:00:00-05:00,reviewer_003,complete,existing_business,normal,52.0
case_0175,request_additional_info,2024-02-01 09:00:00-05:00,,complete,existing_business,normal,0.0
case_0175,applicant_provided_info,2024-02-07 09:00:00-05:00,,complete,existing_business,normal,0.0
case_0175,review_in_progress,2024-02-12 09:00:00-05:00,reviewer_003,complete,existing_business,normal,42.48
case_0175,request_additional_info,2024-02-15 10:47:17.015287-05:00,,complete,existing_business,normal,0.0
case_0175,applicant_provided_info,2024-02-20 09:00:00-05:00,,complete,existing_business,normal,0.0
case_0175,review_in_progress,2024-02-22 16:04:23.341132-05:00,reviewer_001,complete,existing_business,normal,55.38
case_0175,request_additional_info,2024-02-26 09:00:00-05:00,,complete,existing_business,normal,0.0
case_0175,applicant_provided_info,2024-03-04 09:00:00-05:00,,complete,existing_business,normal,0.0
case_0175,review_in_progress,2024-03-06 10:39:10.936802-05:00,reviewer_002,complete,existing_business,normal,62.78
case_0175,health_inspection,2024-03-11 09:00:00-04:00,inspector_002,complete,existing_business,normal,43.03
case_0175,approved,2024-03-13 09:00:00-04:00,,complete,existing_business,normal,0.0
case_0176,submitted,2024-01-02 09:00:00-05:00,,complete,existing_business,normal,0.0
case_0176,intake_validation,2024-01-04 09:00:00-05:00,clerk_002,complete,existing_business,normal,56.62
case_0176,assigned_to_reviewer,2024-01-08 09:00:00-05:00,,complete,existing_business,normal,0.0
case_0176,review_in_progress,2024-01-08 09:13:44.544057-05:00,reviewer_001,complete,existing_business,normal,44.49
case_0176,request_additional_info,2024-01-11 10:07:13.468862-05:00,,complete,existing_business,normal,0.0
case_0176,applicant_provided_info,2024-01-16 09:00:00-05:00,,complete,existing_business,normal,0.0
case_0176,review_in_progress,2024-01-18 11:22:12.309886-05:00,reviewer_004,complete,existing_business,normal,49.19
case_0176,request_additional_info,2024-01-23 09:00:00-05:00,,complete,existing_business,normal,0.0
case_0176,applicant_provided_info,2024-01-26 09:00:00-05:00,,complete,existing_business,normal,0.0
case_0176,review_in_progress,2024-01-29 09:00:00-05:00,reviewer_004,complete,existing_business,normal,54.47
case_0176,request_additional_info,2024-02-05 09:00:00-05:00,,complete,existing_business,normal,0.0
case_0176,applicant_provided_info,2024-02-07 09:00:00-05:00,,complete,existing_business,normal,0.0
case_0176,review_in_progress,2024-02-12 09:00:00-05:00,reviewer_002,complete,existing_business,normal,66.86
case_0176,health_inspection,2024-02-20 09:00:00-05:00,inspector_001,complete,existing_business,normal,61.54
case_0176,approved,2024-02-27 09:00:00-05:00,,complete,existing_business,normal,0.0
case_0177,submitted,2024-01-02 09:00:00-05:00,,complete,new_business,normal,0.0
case_0177,intake_validation,2024-01-04 09:00:00-05:00,clerk_002,complete,new_business,normal,55.46
case_0177,assigned_to_reviewer,2024-01-08 09:00:00-05:00,,complete,new_business,normal,0.0
case_0177,review_in_progress,2024-01-08 09:08:31.940422-05:00,reviewer_002,complete,new_business,normal,28.55
case_0177,health_inspection,2024-01-16 09:00:00-05:00,inspector_002,complete,new_business,normal,55.69
case_0177,rejected,2024-01-22 09:00:00-05:00,,complete,new_business,normal,0.0
case_0178,submitted,2024-01-02 09:00:00-05:00,,complete,new_business,normal,0.0
case_0178,intake_validation,2024-01-04 09:00:00-05:00,clerk_002,complete,new_business,normal,51.42
case_0178,assigned_to_reviewer,2024-01-08 09:00:00-05:00,,complete,new_business,normal,0.0
case_0178,review_in_progress,2024-01-08 09:11:08.056516-05:00,reviewer_004,complete,new_business,normal,34.14
case_0178,health_inspection,2024-01-11 16:50:33.057291-05:00,inspector_002,complete,new_business,normal,43.65
case_0178,rejected,2024-01-17 15:49:14.339294-05:00,,complete,new_business,normal,0.0
case_0179,submitted,2024-01-02 09:00:00-05:00,,complete,new_business,normal,0.0
case_0179,intake_validation,2024-01-04 09:00:00-05:00,clerk_003,complete,new_business,normal,10.0
case_0179,assigned_to_reviewer,2024-01-08 09:00:00-05:00,,complete,new_business,normal,0.0
case_0179,review_in_progress,2024-01-08 09:19:21.105243-05:00,reviewer_001,complete,new_business,normal,63.67
case_0179,request_additional_info,2024-01-10 09:00:00-05:00,,complete,new_business,normal,0.0
case_0179,applicant_provided_info,2024-01-16 09:00:00-05:00,,complete,new_business,normal,0.0
case_0179,review_in_progress,2024-01-18 11:12:20.602479-05:00,reviewer_004,complete,new_business,normal,53.3
case_0179,request_additional_info,2024-01-23 09:00:00-05:00,,complete,new_business,normal,0.0
case_0179,applicant_provided_info,2024-01-25 09:53:52.651260-05:00,,complete,new_business,normal,0.0
case_0179,review_in_progress,2024-01-29 09:00:00-05:00,reviewer_004,complete,new_business,normal,39.52
case_0179,health_inspection,2024-02-05 09:00:00-05:00,inspector_001,complete,new_business,normal,42.86
case_0179,approved,2024-02-12 09:00:00-05:00,,complete,new_business,normal,0.0
case_0180,submitted,2024-01-02 09:00:00-05:00,,complete,renewal,high,0.0
case_0180,intake_validation,2024-01-03 14:26:28.406806-05:00,clerk_002,complete,renewal,high,75.94
case_0180,assigned_to_reviewer,2024-01-05 14:17:43.950997-05:00,,complete,renewal,high,0.0
case_0180,review_in_progress,2024-01-05 14:36:41.449807-05:00,reviewer_002,complete,renewal,high,51.87
case_0180,request_additional_info,2024-01-08 15:59:03.571400-05:00,,complete,renewal,high,0.0
case_0180,applicant_provided_info,2024-01-12 09:00:00-05:00,,complete,renewal,high,0.0
case_0180,review_in_progress,2024-01-16 09:00:00-05:00,reviewer_002,complete,renewal,high,46.28
case_0180,health_inspection,2024-01-19 09:00:00-05:00,inspector_001,complete,renewal,high,64.55
case_0180,approved,2024-01-22 09:00:00-05:00,,complete,renewal,high,0.0
case_0181,submitted,2024-01-02 09:00:00-05:00,,complete,new_business,low,0.0
case_0181,intake_validation,2024-01-04 09:00:00-05:00,clerk_002,complete,new_business,low,56.89
case_0181,assigned_to_reviewer,2024-01-08 09:00:00-05:00,,complete,new_business,low,0.0
case_0181,review_in_progress,2024-01-08 09:24:38.551534-05:00,reviewer_004,complete,new_business,low,69.57
case_0181,health_inspection,2024-01-11 09:00:00-05:00,inspector_002,complete,new_business,low,41.34
case_0181,rejected,2024-01-16 09:00:00-05:00,,complete,new_business,low,0.0
case_0182,submitted,2024-01-02 09:00:00-05:00,,complete,existing_business,high,0.0
case_0182,intake_validation,2024-01-03 12:29:58.716256-05:00,clerk_003,complete,existing_business,high,68.18
case_0182,assigned_to_reviewer,2024-01-05 09:00:00-05:00,,complete,existing_business,high,0.0
case_0182,review_in_progress,2024-01-05 09:26:27.980369-05:00,reviewer_001,complete,existing_business,high,82.54
case_0182,health_inspection,2024-01-09 09:00:00-05:00,inspector_002,complete,existing_business,high,39.19
case_0182,approved,2024-01-11 12:46:17.055554-05:00,,complete,existing_business,high,0.0
case_0183,submitted,2024-01-02 09:00:00-05:00,,complete,new_business,normal,0.0
case_0183,intake_validation,2024-01-04 09:00:00-05:00,clerk_002,complete,new_business,normal,48.96
case_0183,assigned_to_reviewer,2024-01-08 09:00:00-05:00,,complete,new_business,normal,0.0
case_0183,review_in_progress,2024-01-08 09:21:55.480812-05:00,reviewer_001,complete,new_business,normal,41.78
case_0183,request_additional_info,2024-01-10 10:39:55.151016-05:00,,complete,new_business,normal,0.0
case_0183,applicant_provided_info,2024-01-12 09:00:00-05:00,,complete,new_business,normal,0.0
case_0183,review_in_progress,2024-01-16 09:00:00-05:00,reviewer_002,complete,new_business,normal,63.18
case_0183,request_additional_info,2024-01-22 09:00:00-05:00,,complete,new_business,normal,0.0
case_0183,applicant_provided_info,2024-01-29 09:00:00-05:00,,complete,new_business,normal,0.0
case_0183,review_in_progress,2024-02-01 09:00:00-05:00,reviewer_001,complete,new_business,normal,32.34
case_0183,health_inspection,2024-02-05 09:00:00-05:00,inspector_001,complete,new_business,normal,33.4
case_0183,approved,2024-02-12 09:00:00-05:00,,complete,new_business,normal,0.0
case_0184,submitted,2024-01-02 09:00:00-05:00,,complete,new_business,normal,0.0
case_0184,intake_validation,2024-01-03 12:46:05.253651-05:00,clerk_002,complete,new_business,normal,49.93
case_0184,assigned_to_reviewer,2024-01-08 09:00:00-05:00,,complete,new_business,normal,0.0
case_0184,review_in_progress,2024-01-08 09:18:01.802104-05:00,reviewer_003,complete,new_business,normal,72.81
case_0184,health_inspection,2024-01-16 09:00:00-05:00,inspector_001,complete,new_business,normal,28.22
case_0184,approved,2024-01-18 09:00:00-05:00,,complete,new_business,normal,0.0
case_0185,submitted,2024-01-02 09:00:00-05:00,,complete,renewal,normal,0.0
case_0185,intake_validation,2024-01-04 09:00:00-05:00,clerk_001,complete,renewal,normal,50.52
case_0185,assigned_to_reviewer,2024-01-08 09:00:00-05:00,,complete,renewal,normal,0.0
case_0185,review_in_progress,2024-01-08 09:19:00.816602-05:00,reviewer_001,complete,renewal,normal,58.62
case_0185,request_additional_info,2024-01-11 09:00:00-05:00,,complete,renewal,normal,0.0
case_0185,applicant_provided_info,2024-01-16 09:00:00-05:00,,complete,renewal,normal,0.0
case_0185,review_in_progress,2024-01-19 09:00:00-05:00,reviewer_004,complete,renewal,normal,58.3
case_0185,health_inspection,2024-01-25 09:00:00-05:00,inspector_002,complete,renewal,normal,48.73
case_0185,approved,2024-02-05 09:00:00-05:00,,complete,renewal,normal,0.0
case_0186,submitted,2024-01-02 09:00:00-05:00,,complete,renewal,normal,0.0
case_0186,intake_validation,2024-01-04 09:00:00-05:00,clerk_002,complete,renewal,normal,17.27
case_0186,assigned_to_reviewer,2024-01-08 09:00:00-05:00,,complete,renewal,normal,0.0
case_0186,review_in_progress,2024-01-08 09:24:41.915354-05:00,reviewer_001,complete,renewal,normal,62.25
case_0186,health_inspection,2024-01-11 10:14:44.052513-05:00,inspector_002,complete,renewal,normal,51.3
case_0186,approved,2024-01-18 09:00:00-05:00,,complete,renewal,normal,0.0
case_0187,submitted,2024-01-02 09:00:00-05:00,,complete,existing_business,normal,0.0
case_0187,intake_validation,2024-01-04 09:00:00-05:00,clerk_003,complete,existing_business,normal,60.83
case_0187,assigned_to_reviewer,2024-01-08 09:00:00-05:00,,complete,existing_business,normal,0.0
case_0187,review_in_progress,2024-01-08 09:06:46.410557-05:00,reviewer_001,complete,existing_business,normal,48.07
case_0187,request_additional_info,2024-01-11 11:35:43.605085-05:00,,complete,existing_business,normal,0.0
case_0187,withdrawn,2024-01-16 09:00:00-05:00,,complete,existing_business,normal,0.0
case_0188,submitted,2024-01-02 09:00:00-05:00,,complete,existing_business,high,0.0
case_0188,intake_validation,2024-01-03 16:47:50.982156-05:00,clerk_001,complete,existing_business,high,65.36
case_0188,assigned_to_reviewer,2024-01-05 09:00:00-05:00,,complete,existing_business,high,0.0
case_0188,review_in_progress,2024-01-05 09:15:07.738803-05:00,reviewer_003,complete,existing_business,high,49.05
case_0188,request_additional_info,2024-01-09 09:00:00-05:00,,complete,existing_business,high,0.0
case_0188,applicant_provided_info,2024-01-16 09:00:00-05:00,,complete,existing_business,high,0.0
case_0188,review_in_progress,2024-01-19 09:00:00-05:00,reviewer_004,complete,existing_business,high,29.89
case_0188,request_additional_info,2024-01-23 09:00:00-05:00,,complete,existing_business,high,0.0
case_0188,applicant_provided_info,2024-01-29 09:00:00-05:00,,complete,existing_business,high,0.0
case_0188,review_in_progress,2024-02-01 09:00:00-05:00,reviewer_002,complete,existing_business,high,39.75
case_0188,health_inspection,2024-02-07 13:17:43.355767-05:00,inspector_002,complete,existing_business,high,57.64
case_0188,approved,2024-02-09 09:00:00-05:00,,complete,existing_business,high,0.0
case_0189,submitted,2024-01-02 09:00:00-05:00,,complete,renewal,normal,0.0
case_0189,intake_validation,2024-01-03 11:42:58.025051-05:00,clerk_003,complete,renewal,normal,47.31
case_0189,assigned_to_reviewer,2024-01-05 09:00:00-05:00,,complete,renewal,normal,0.0
case_0189,review_in_progress,2024-01-05 09:20:10.054284-05:00,reviewer_002,complete,renewal,normal,42.37
case_0189,request_additional_info,2024-01-09 15:04:07.347128-05:00,,complete,renewal,normal,0.0
case_0189,applicant_provided_info,2024-01-16 09:00:00-05:00,,complete,renewal,normal,0.0
case_0189,review_in_progress,2024-01-19 09:00:00-05:00,reviewer_001,complete,renewal,normal,36.47
case_0189,request_additional_info,2024-01-22 09:00:00-05:00,,complete,renewal,normal,0.0
case_0189,withdrawn,2024-01-26 10:40:47.888450-05:00,,complete,renewal,normal,0.0
case_0190,submitted,2024-01-02 09:00:00-05:00,,complete,renewal,normal,0.0
case_0190,intake_validation,2024-01-04 09:00:00-05:00,clerk_002,complete,renewal,normal,54.45
case_0190,assigned_to_reviewer,2024-01-08 09:00:00-05:00,,complete,renewal,normal,0.0
case_0190,review_in_progress,2024-01-08 09:23:05.348383-05:00,reviewer_002,complete,renewal,normal,51.9
case_0190,health_inspection,2024-01-16 09:00:00-05:00,inspector_001,complete,renewal,normal,33.8
case_0190,approved,2024-01-22 09:00:00-05:00,,complete,renewal,normal,0.0
case_0191,submitted,2024-01-02 09:00:00-05:00,,complete,new_business,normal,0.0
case_0191,intake_validation,2024-01-04 09:00:00-05:00,clerk_002,complete,new_business,normal,34.77
case_0191,assigned_to_reviewer,2024-01-08 09:00:00-05:00,,complete,new_business,normal,0.0
case_0191,review_in_progress,2024-01-08 09:19:08.171918-05:00,reviewer_003,complete,new_business,normal,52.34
case_0191,health_inspection,2024-01-16 09:00:00-05:00,inspector_002,complete,new_business,normal,78.64
case_0191,approved,2024-01-23 09:00:00-05:00,,complete,new_business,normal,0.0
case_0192,submitted,2024-01-02 09:00:00-05:00,,complete,existing_business,low,0.0
case_0192,intake_validation,2024-01-03 13:16:40.661048-05:00,clerk_002,complete,existing_business,low,56.73
case_0192,assigned_to_reviewer,2024-01-08 09:00:00-05:00,,complete,existing_business,low,0.0
case_0192,review_in_progress,2024-01-08 09:10:15.483745-05:00,reviewer_003,complete,existing_business,low,56.03
case_0192,health_inspection,2024-01-11 09:00:00-05:00,inspector_001,complete,existing_business,low,47.23
case_0192,approved,2024-01-16 09:00:00-05:00,,complete,existing_business,low,0.0
case_0193,submitted,2024-01-02 09:00:00-05:00,,complete,new_business,normal,0.0
case_0193,intake_validation,2024-01-04 09:00:00-05:00,clerk_002,complete,new_business,normal,44.5
case_0193,assigned_to_reviewer,2024-01-08 09:00:00-05:00,,complete,new_business,normal,0.0
case_0193,review_in_progress,2024-01-08 09:17:36.474696-05:00,reviewer_004,complete,new_business,normal,45.33
case_0193,request_additional_info,2024-01-16 09:00:00-05:00,,complete,new_business,normal,0.0
case_0193,applicant_provided_info,2024-01-19 09:00:00-05:00,,complete,new_business,normal,0.0
case_0193,review_in_progress,2024-01-22 09:00:00-05:00,reviewer_001,complete,new_business,normal,33.22
case_0193,health_inspection,2024-01-25 09:00:00-05:00,inspector_002,complete,new_business,normal,43.03
case_0193,approved,2024-02-01 12:42:00.057341-05:00,,complete,new_business,normal,0.0
case_0194,submitted,2024-01-02 09:00:00-05:00,,complete,new_business,normal,0.0
case_0194,intake_validation,2024-01-04 09:00:00-05:00,clerk_003,complete,new_business,normal,38.41
case_0194,rejected,2024-01-08 09:00:00-05:00,,complete,new_business,normal,0.0
case_0195,submitted,2024-01-02 09:00:00-05:00,,complete,renewal,normal,0.0
case_0195,intake_validation,2024-01-03 16:23:11.548255-05:00,clerk_002,complete,renewal,normal,56.95
case_0195,assigned_to_reviewer,2024-01-05 09:00:00-05:00,,complete,renewal,normal,0.0
case_0195,review_in_progress,2024-01-05 09:23:23.131166-05:00,reviewer_001,complete,renewal,normal,56.05
case_0195,request_additional_info,2024-01-08 09:00:00-05:00,,complete,renewal,normal,0.0
case_0195,applicant_provided_info,2024-01-16 09:00:00-05:00,,complete,renewal,normal,0.0
case_0195,review_in_progress,2024-01-19 09:00:00-05:00,reviewer_004,complete,renewal,normal,62.0
case_0195,request_additional_info,2024-01-23 09:00:00-05:00,,complete,renewal,normal,0.0
case_0195,applicant_provided_info,2024-01-29 09:00:00-05:00,,complete,renewal,normal,0.0
case_0195,review_in_progress,2024-02-01 09:00:00-05:00,reviewer_003,complete,renewal,normal,42.56
case_0195,request_additional_info,2024-02-05 09:00:00-05:00,,complete,renewal,normal,0.0
case_0195,applicant_provided_info,2024-02-12 09:00:00-05:00,,complete,renewal,normal,0.0
case_0195,review_in_progress,2024-02-15 09:00:00-05:00,reviewer_001,complete,renewal,normal,67.03
case_0195,request_additional_info,2024-02-20 09:00:00-05:00,,complete,renewal,normal,0.0
case_0195,applicant_provided_info,2024-02-26 09:00:00-05:00,,complete,renewal,normal,0.0
case_0195,review_in_progress,2024-02-29 09:00:00-05:00,reviewer_004,complete,renewal,normal,46.38
case_0195,health_inspection,2024-03-04 09:00:00-05:00,inspector_001,complete,renewal,normal,37.48
case_0195,approved,2024-03-08 09:00:00-05:00,,complete,renewal,normal,0.0
case_0196,submitted,2024-01-02 09:00:00-05:00,,complete,renewal,low,0.0
case_0196,intake_validation,2024-01-04 09:00:00-05:00,clerk_002,complete,renewal,low,67.01
case_0196,assigned_to_reviewer,2024-01-08 09:00:00-05:00,,complete,renewal,low,0.0
case_0196,review_in_progress,2024-01-08 09:23:34.715136-05:00,reviewer_004,complete,renewal,low,52.69
case_0196,request_additional_info,2024-01-11 09:00:00-05:00,,complete,renewal,low,0.0
case_0196,applicant_provided_info,2024-01-18 09:00:00-05:00,,complete,renewal,low,0.0
case_0196,review_in_progress,2024-01-22 09:00:00-05:00,reviewer_002,complete,renewal,low,45.87
case_0196,request_additional_info,2024-01-25 16:18:25.722778-05:00,,complete,renewal,low,0.0
case_0196,applicant_provided_info,2024-01-30 09:00:00-05:00,,complete,renewal,low,0.0
case_0196,review_in_progress,2024-02-02 09:00:00-05:00,reviewer_002,complete,renewal,low,32.24
case_0196,health_inspection,2024-02-07 12:36:09.607126-05:00,inspector_001,complete,renewal,low,60.28
case_0196,approved,2024-02-09 09:04:37.257123-05:00,,complete,renewal,low,0.0
case_0197,submitted,2024-01-02 09:00:00-05:00,,complete,new_business,low,0.0
case_0197,intake_validation,2024-01-03 15:34:02.226937-05:00,clerk_002,complete,new_business,low,41.73
case_0197,assigned_to_reviewer,2024-01-08 09:00:00-05:00,,complete,new_business,low,0.0
case_0197,review_in_progress,2024-01-08 09:13:38.618273-05:00,reviewer_003,complete,new_business,low,47.67
case_0197,health_inspection,2024-01-10 14:21:24.770493-05:00,inspector_002,complete,new_business,low,61.0
case_0197,approved,2024-01-16 09:00:00-05:00,,complete,new_business,low,0.0
case_0198,submitted,2024-01-02 09:00:00-05:00,,complete,existing_business,low,0.0
case_0198,intake_validation,2024-01-03 13:17:44.130617-05:00,clerk_002,complete,existing_business,low,61.99
case_0198,assigned_to_reviewer,2024-01-08 09:00:00-05:00,,complete,existing_business,low,0.0
case_0198,review_in_progress,2024-01-08 09:23:06.574106-05:00,reviewer_003,complete,existing_business,low,30.07
case_0198,health_inspection,2024-01-16 09:00:00-05:00,inspector_001,complete,existing_business,low,62.96
case_0198,approved,2024-01-22 09:00:00-05:00,,complete,existing_business,low,0.0
case_0199,submitted,2024-01-02 09:00:00-05:00,,complete,new_business,normal,0.0
case_0199,intake_validation,2024-01-03 14:22:15.840818-05:00,clerk_002,complete,new_business,normal,18.91
case_0199,assigned_to_reviewer,2024-01-08 09:00:00-05:00,,complete,new_business,normal,0.0
case_0199,review_in_progress,2024-01-08 09:21:57.860091-05:00,reviewer_004,complete,new_business,normal,46.44
case_0199,health_inspection,2024-01-12 09:00:00-05:00,inspector_001,complete,new_business,normal,51.08
case_0199,approved,2024-01-17 12:39:19.042279-05:00,,complete,new_business,normal,0.0
case_0200,submitted,2024-01-02 09:00:00-05:00,,complete,renewal,high,0.0
case_0200,intake_validation,2024-01-03 16:49:15.144525-05:00,clerk_003,complete,renewal,high,35.14
case_0200,assigned_to_reviewer,2024-01-05 12:39:57.905824-05:00,,complete,renewal,high,0.0
case_0200,review_in_progress,2024-01-05 13:09:20.309917-05:00,reviewer_002,complete,renewal,high,46.9
case_0200,request_additional_info,2024-01-12 09:00:00-05:00,,complete,renewal,high,0.0
case_0200,applicant_provided_info,2024-01-16 09:00:00-05:00,,complete,renewal,high,0.0
case_0200,review_in_progress,2024-01-19 09:00:00-05:00,reviewer_003,complete,renewal,high,80.6
case_0200,request_additional_info,2024-01-23 09:00:00-05:00,,complete,renewal,high,0.0
case_0200,applicant_provided_info,2024-01-29 09:00:00-05:00,,complete,renewal,high,0.0
case_0200,review_in_progress,2024-02-01 09:00:00-05:00,reviewer_004,complete,renewal,high,66.3
case_0200,request_additional_info,2024-02-05 09:00:00-05:00,,complete,renewal,high,0.0
case_0200,applicant_provided_info,2024-02-12 09:00:00-05:00,,complete,renewal,high,0.0
case_0200,review_in_progress,2024-02-15 09:00:00-05:00,reviewer_001,complete,renewal,high,62.81
case_0200,health_inspection,2024-02-20 09:00:00-05:00,inspector_001,complete,renewal,high,21.4
case_0200,approved,2024-02-22 09:00:00-05:00,,complete,renewal,high,0.0
case_0201,submitted,2024-01-02 09:00:00-05:00,,complete,existing_business,low,0.0
case_0201,intake_validation,2024-01-03 16:35:54.042771-05:00,clerk_003,complete,existing_business,low,37.92
case_0201,assigned_to_reviewer,2024-01-05 13:27:54.874136-05:00,,complete,existing_business,low,0.0
case_0201,review_in_progress,2024-01-05 13:36:03.447999-05:00,reviewer_004,complete,existing_business,low,83.85
case_0201,health_inspection,2024-01-09 09:00:00-05:00,inspector_002,complete,existing_business,low,45.28
case_0201,approved,2024-01-16 09:05:30.959562-05:00,,complete,existing_business,low,0.0
case_0202,submitted,2024-01-02 09:00:00-05:00,,complete,new_business,high,0.0
case_0202,intake_validation,2024-01-04 09:00:00-05:00,clerk_001,complete,new_business,high,48.5
case_0202,assigned_to_reviewer,2024-01-08 09:00:00-05:00,,complete,new_business,high,0.0
case_0202,review_in_progress,2024-01-08 09:21:53.982087-05:00,reviewer_001,complete,new_business,high,24.48
case_0202,health_inspection,2024-01-11 10:40:25.764792-05:00,inspector_002,complete,new_business,high,72.61
case_0202,approved,2024-01-16 09:00:00-05:00,,complete,new_business,high,0.0
case_0203,submitted,2024-01-02 09:00:00-05:00,,complete,existing_business,normal,0.0
case_0203,intake_validation,2024-01-04 09:00:00-05:00,clerk_002,complete,existing_business,normal,35.71
case_0203,assigned_to_reviewer,2024-01-08 09:00:00-05:00,,complete,existing_business,normal,0.0
case_0203,review_in_progress,2024-01-08 09:10:18.908223-05:00,reviewer_003,complete,existing_business,normal,58.35
case_0203,health_inspection,2024-01-12 09:00:00-05:00,inspector_002,complete,existing_business,normal,24.36
case_0203,approved,2024-01-16 09:00:00-05:00,,complete,existing_business,normal,0.0
case_0204,submitted,2024-01-02 09:00:00-05:00,,complete,renewal,normal,0.0
case_0204,intake_validation,2024-01-04 09:00:00-05:00,clerk_001,complete,renewal,normal,36.33
case_0204,assigned_to_reviewer,2024-01-08 09:00:00-05:00,,complete,renewal,normal,0.0
case_0204,review_in_progress,2024-01-08 09:23:33.062184-05:00,reviewer_004,complete,renewal,normal,53.03
case_0204,health_inspection,2024-01-11 09:00:00-05:00,inspector_002,complete,renewal,normal,33.5
case_0204,approved,2024-01-19 09:00:00-05:00,,complete,renewal,normal,0.0
case_0205,submitted,2024-01-02 09:00:00-05:00,,complete,new_business,normal,0.0
case_0205,intake_validation,2024-01-03 10:15:59.697113-05:00,clerk_003,complete,new_business,normal,32.36
case_0205,assigned_to_reviewer,2024-01-05 09:00:00-05:00,,complete,new_business,normal,0.0
case_0205,review_in_progress,2024-01-05 09:29:03.237076-05:00,reviewer_002,complete,new_business,normal,53.5
case_0205,request_additional_info,2024-01-09 09:00:00-05:00,,complete,new_business,normal,0.0
case_0205,applicant_provided_info,2024-01-16 09:00:00-05:00,,complete,new_business,normal,0.0
case_0205,review_in_progress,2024-01-18 10:28:26.494736-05:00,reviewer_001,complete,new_business,normal,93.32
case_0205,health_inspection,2024-01-22 09:00:00-05:00,inspector_001,complete,new_business,normal,64.57
case_0205,approved,2024-01-26 09:00:00-05:00,,complete,new_business,normal,0.0
case_0206,submitted,2024-01-02 09:00:00-05:00,,complete,renewal,normal,0.0
case_0206,intake_validation,2024-01-03 09:20:27.140069-05:00,clerk_001,complete,renewal,normal,42.8
case_0206,assigned_to_reviewer,2024-01-05 09:00:00-05:00,,complete,renewal,normal,0.0
case_0206,review_in_progress,2024-01-05 09:22:49.115817-05:00,reviewer_004,complete,renewal,normal,45.32
case_0206,health_inspection,2024-01-10 09:00:00-05:00,inspector_001,complete,renewal,normal,57.94
case_0206,approved,2024-01-16 09:00:00-05:00,,complete,renewal,normal,0.0
case_0207,submitted,2024-01-02 09:00:00-05:00,,complete,existing_business,normal,0.0
case_0207,intake_validation,2024-01-03 14:03:38.022981-05:00,clerk_002,complete,existing_business,normal,46.5
case_0207,assigned_to_reviewer,2024-01-08 09:00:00-05:00,,complete,existing_business,normal,0.0
case_0207,review_in_progress,2024-01-08 09:10:01.344571-05:00,reviewer_002,complete,existing_business,normal,49.39
case_0207,request_additional_info,2024-01-16 09:00:00-05:00,,complete,existing_business,normal,0.0
case_0207,applicant_provided_info,2024-01-22 09:00:00-05:00,,complete,existing_business,normal,0.0
case_0207,review_in_progress,2024-01-25 09:00:00-05:00,reviewer_004,complete,existing_business,normal,24.94
case_0207,request_additional_info,2024-01-29 09:00:00-05:00,,complete,existing_business,normal,0.0
case_0207,applicant_provided_info,2024-02-05 09:00:00-05:00,,complete,existing_business,normal,0.0
case_0207,review_in_progress,2024-02-08 09:00:00-05:00,reviewer_004,complete,existing_business,normal,19.48
case_0207,health_inspection,2024-02-13 09:00:00-05:00,inspector_001,complete,existing_business,normal,63.94
case_0207,approved,2024-02-20 09:00:00-05:00,,complete,existing_business,normal,0.0
case_0208,submitted,2024-01-02 09:00:00-05:00,,complete,existing_business,normal,0.0
case_0208,intake_validation,2024-01-03 13:40:41.579152-05:00,clerk_002,complete,existing_business,normal,58.05
case_0208,rejected,2024-01-08 09:00:00-05:00,,complete,existing_business,normal,0.0
case_0209,submitted,2024-01-02 09:00:00-05:00,,complete,existing_business,low,0.0
case_0209,intake_validation,2024-01-03 14:15:57.570543-05:00,clerk_001,complete,existing_business,low,67.09
case_0209,assigned_to_reviewer,2024-01-04 09:33:19.727601-05:00,,complete,existing_business,low,0.0
case_0209,review_in_progress,2024-01-04 09:55:05.239548-05:00,reviewer_004,complete,existing_business,low,34.78
case_0209,health_inspection,2024-01-08 09:00:00-05:00,inspector_002,complete,existing_business,low,32.05
case_0209,rejected,2024-01-17 09:00:00-05:00,,complete,existing_business,low,0.0
case_0210,submitted,2024-01-02 09:00:00-05:00,,complete,new_business,normal,0.0
case_0210,intake_validation,2024-01-04 09:00:00-05:00,clerk_002,complete,new_business,normal,60.67
case_0210,assigned_to_reviewer,2024-01-08 09:00:00-05:00,,complete,new_business,normal,0.0
case_0210,review_in_progress,2024-01-08 09:13:45.701944-05:00,reviewer_001,complete,new_business,normal,44.37
case_0210,health_inspection,2024-01-11 09:08:33.630457-05:00,inspector_001,complete,new_business,normal,61.31
case_0210,rejected,2024-01-16 09:00:00-05:00,,complete,new_business,normal,0.0
case_0211,submitted,2024-01-02 09:00:00-05:00,,complete,existing_business,low,0.0
case_0211,intake_validation,2024-01-03 12:27:10.592670-05:00,clerk_001,complete,existing_business,low,46.76
case_0211,assigned_to_reviewer,2024-01-05 10:10:07.158757-05:00,,complete,existing_business,low,0.0
case_0211,review_in_progress,2024-01-05 10:18:35.892204-05:00,reviewer_003,complete,existing_business,low,49.94
case_0211,request_additional_info,2024-01-10 09:00:00-05:00,,complete,existing_business,low,0.0
case_0211,applicant_provided_info,2024-01-17 09:00:00-05:00,,complete,existing_business,low,0.0
case_0211,review_in_progress,2024-01-19 15:23:40.111968-05:00,reviewer_004,complete,existing_business,low,66.3
case_0211,request_additional_info,2024-01-24 09:00:00-05:00,,complete,existing_business,low,0.0
case_0211,applicant_provided_info,2024-01-29 09:00:00-05:00,,complete,existing_business,low,0.0
case_0211,review_in_progress,2024-02-01 09:00:00-05:00,reviewer_004,complete,existing_business,low,48.82
case_0211,health_inspection,2024-02-07 09:00:00-05:00,inspector_002,complete,existing_business,low,49.7
case_0211,approved,2024-02-16 09:00:00-05:00,,complete,existing_business,low,0.0
case_0212,submitted,2024-01-02 09:00:00-05:00,,complete,renewal,normal,0.0
case_0212,intake_validation,2024-01-03 11:10:33.626625-05:00,clerk_003,complete,renewal,normal,64.56
case_0212,assigned_to_reviewer,2024-01-08 09:00:00-05:00,,complete,renewal,normal,0.0
case_0212,review_in_progress,2024-01-08 09:06:56.636903-05:00,reviewer_001,complete,renewal,normal,58.06
case_0212,request_additional_info,2024-01-11 09:00:00-05:00,,complete,renewal,normal,0.0
case_0212,applicant_provided_info,2024-01-16 09:00:00-05:00,,complete,renewal,normal,0.0
case_0212,review_in_progress,2024-01-19 09:00:00-05:00,reviewer_001,complete,renewal,normal,58.37
case_0212,health_inspection,2024-01-22 09:00:00-05:00,inspector_002,complete,renewal,normal,72.41
case_0212,approved,2024-01-26 09:00:00-05:00,,complete,renewal,normal,0.0
case_0213,submitted,2024-01-02 09:00:00-05:00,,complete,new_business,high,0.0
case_0213,intake_validation,2024-01-03 10:20:43.104747-05:00,clerk_001,complete,new_business,high,70.05
case_0213,assigned_to_reviewer,2024-01-05 09:00:00-05:00,,complete,new_business,high,0.0
case_0213,review_in_progress,2024-01-05 09:26:58.927766-05:00,reviewer_003,complete,new_business,high,68.4
case_0213,health_inspection,2024-01-10 09:00:00-05:00,inspector_002,complete,new_business,high,17.0
case_0213,approved,2024-01-12 09:00:00-05:00,,complete,new_business,high,0.0
case_0214,submitted,2024-01-02 09:00:00-05:00,,complete,new_business,low,0.0
case_0214,intake_validation,2024-01-04 09:00:00-05:00,clerk_001,complete,new_business,low,56.03
case_0214,assigned_to_reviewer,2024-01-08 09:00:00-05:00,,complete,new_business,low,0.0
case_0214,review_in_progress,2024-01-08 09:17:55.886635-05:00,reviewer_002,complete,new_business,low,55.3
case_0214,request_additional_info,2024-01-16 09:00:00-05:00,,complete,new_business,low,0.0
case_0214,withdrawn,2024-01-19 09:00:00-05:00,,complete,new_business,low,0.0
case_0215,submitted,2024-01-02 09:00:00-05:00,,complete,renewal,low,0.0
case_0215,intake_validation,2024-01-04 09:00:00-05:00,clerk_002,complete,renewal,low,35.11
case_0215,assigned_to_reviewer,2024-01-08 09:00:00-05:00,,complete,renewal,low,0.0
case_0215,review_in_progress,2024-01-08 09:15:57.822227-05:00,reviewer_003,complete,renewal,low,18.31
case_0215,request_additional_info,2024-01-10 12:11:46.975646-05:00,,complete,renewal,low,0.0
case_0215,applicant_provided_info,2024-01-16 09:00:00-05:00,,complete,renewal,low,0.0
case_0215,review_in_progress,2024-01-18 09:22:30.460190-05:00,reviewer_001,complete,renewal,low,62.86
case_0215,request_additional_info,2024-01-22 09:00:00-05:00,,complete,renewal,low,0.0
case_0215,applicant_provided_info,2024-01-29 09:00:00-05:00,,complete,renewal,low,0.0
case_0215,review_in_progress,2024-02-01 09:00:00-05:00,reviewer_003,complete,renewal,low,55.83
case_0215,request_additional_info,2024-02-05 09:00:00-05:00,,complete,renewal,low,0.0
case_0215,applicant_provided_info,2024-02-12 09:00:00-05:00,,complete,renewal,low,0.0
case_0215,review_in_progress,2024-02-14 13:19:12.040347-05:00,reviewer_004,complete,renewal,low,70.63
case_0215,health_inspection,2024-02-20 09:00:00-05:00,inspector_001,complete,renewal,low,50.68
case_0215,approved,2024-02-26 09:00:00-05:00,,complete,renewal,low,0.0
case_0216,submitted,2024-01-02 09:00:00-05:00,,complete,new_business,normal,0.0
case_0216,intake_validation,2024-01-04 09:00:00-05:00,clerk_001,complete,new_business,normal,57.47
case_0216,assigned_to_reviewer,2024-01-05 12:25:44.223497-05:00,,complete,new_business,normal,0.0
case_0216,review_in_progress,2024-01-05 12:54:58.969823-05:00,reviewer_001,complete,new_business,normal,47.86
case_0216,health_inspection,2024-01-08 09:00:00-05:00,inspector_002,complete,new_business,normal,46.1
case_0216,approved,2024-01-16 09:00:00-05:00,,complete,new_business,normal,0.0
case_0217,submitted,2024-01-02 09:00:00-05:00,,complete,new_business,high,0.0
case_0217,intake_validation,2024-01-04 09:00:00-05:00,clerk_001,complete,new_business,high,68.96
case_0217,assigned_to_reviewer,2024-01-08 09:00:00-05:00,,complete,new_business,high,0.0
case_0217,review_in_progress,2024-01-08 09:22:14.667666-05:00,reviewer_004,complete,new_business,high,35.31
case_0217,request_additional_info,2024-01-11 09:40:46.546084-05:00,,complete,new_business,high,0.0
case_0217,applicant_provided_info,2024-01-17 14:56:35.605532-05:00,,complete,new_business,high,0.0
case_0217,review_in_progress,2024-01-22 09:00:00-05:00,reviewer_002,complete,new_business,high,56.48
case_0217,health_inspection,2024-01-29 09:00:00-05:00,inspector_001,complete,new_business,high,44.67
case_0217,rejected,2024-02-05 09:00:00-05:00,,complete,new_business,high,0.0
case_0218,submitted,2024-01-02 09:00:00-05:00,,complete,existing_business,low,0.0
case_0218,intake_validation,2024-01-03 10:25:53.908576-05:00,clerk_003,complete,existing_business,low,41.12
case_0218,assigned_to_reviewer,2024-01-05 09:00:00-05:00,,complete,existing_business,low,0.0
case_0218,review_in_progress,2024-01-05 09:24:56.947630-05:00,reviewer_003,complete,existing_business,low,52.37
case_0218,request_additional_info,2024-01-08 09:00:00-05:00,,complete,existing_business,low,0.0
case_0218,applicant_provided_info,2024-01-10 09:00:00-05:00,,complete,existing_business,low,0.0
case_0218,review_in_progress,2024-01-16 09:00:00-05:00,reviewer_003,complete,existing_business,low,56.31
case_0218,health_inspection,2024-01-22 09:00:00-05:00,inspector_001,complete,existing_business,low,39.63
case_0218,approved,2024-01-29 09:00:00-05:00,,complete,existing_business,low,0.0
case_0219,submitted,2024-01-02 09:00:00-05:00,,complete,new_business,normal,0.0
case_0219,intake_validation,2024-01-04 09:00:00-05:00,clerk_002,complete,new_business,normal,50.46
case_0219,assigned_to_reviewer,2024-01-08 09:00:00-05:00,,complete,new_business,normal,0.0
case_0219,review_in_progress,2024-01-08 09:25:42.659502-05:00,reviewer_002,complete,new_business,normal,46.1
case_0219,request_additional_info,2024-01-12 12:50:18.883867-05:00,,complete,new_business,normal,0.0
case_0219,applicant_provided_info,2024-01-19 09:00:00-05:00,,complete,new_business,normal,0.0
case_0219,review_in_progress,2024-01-22 09:00:00-05:00,reviewer_001,complete,new_business,normal,37.31
case_0219,request_additional_info,2024-01-25 09:00:00-05:00,,complete,new_business,normal,0.0
case_0219,applicant_provided_info,2024-01-26 12:30:55.944781-05:00,,complete,new_business,normal,0.0
case_0219,review_in_progress,2024-01-29 09:00:00-05:00,reviewer_002,complete,new_business,normal,51.62
case_0219,health_inspection,2024-02-05 09:00:00-05:00,inspector_002,complete,new_business,normal,53.67
case_0219,approved,2024-02-13 12:08:05.762553-05:00,,complete,new_business,normal,0.0
case_0220,submitted,2024-01-02 09:00:00-05:00,,complete,renewal,normal,0.0
case_0220,intake_validation,2024-01-04 09:00:00-05:00,clerk_003,complete,renewal,normal,45.58
case_0220,assigned_to_reviewer,2024-01-05 12:53:09.722383-05:00,,complete,renewal,normal,0.0
case_0220,review_in_progress,2024-01-05 13:00:28.651195-05:00,reviewer_003,complete,renewal,normal,55.55
case_0220,health_inspection,2024-01-08 15:19:49.801834-05:00,inspector_001,complete,renewal,normal,45.29
case_0220,approved,2024-01-12 09:00:00-05:00,,complete,renewal,normal,0.0
case_0221,submitted,2024-01-02 09:00:00-05:00,,complete,new_business,high,0.0
case_0221,intake_validation,2024-01-03 11:43:31.383451-05:00,clerk_003,complete,new_business,high,16.78
case_0221,assigned_to_reviewer,2024-01-05 09:00:00-05:00,,complete,new_business,high,0.0
case_0221,review_in_progress,2024-01-05 09:14:27.904804-05:00,reviewer_003,complete,new_business,high,31.7
case_0221,health_inspection,2024-01-08 09:00:00-05:00,inspector_002,complete,new_business,high,42.43
case_0221,approved,2024-01-16 09:00:00-05:00,,complete,new_business,high,0.0
case_0222,submitted,2024-01-02 09:00:00-05:00,,complete,renewal,normal,0.0
case_0222,intake_validation,2024-01-04 09:00:00-05:00,clerk_003,complete,renewal,normal,48.72
case_0222,assigned_to_reviewer,2024-01-05 12:09:00.447764-05:00,,complete,renewal,normal,0.0
case_0222,review_in_progress,2024-01-05 12:16:55.893145-05:00,reviewer_002,complete,renewal,normal,56.95
case_0222,health_inspection,2024-01-10 09:00:00-05:00,inspector_003,complete,renewal,normal,48.06
case_0222,approved,2024-01-16 09:00:00-05:00,,complete,renewal,normal,0.0
case_0223,submitted,2024-01-02 09:00:00-05:00,,complete,new_business,normal,0.0
case_0223,intake_validation,2024-01-04 09:00:00-05:00,clerk_002,complete,new_business,normal,48.6
case_0223,assigned_to_reviewer,2024-01-08 09:00:00-05:00,,complete,new_business,normal,0.0
case_0223,review_in_progress,2024-01-08 09:21:28.327725-05:00,reviewer_002,complete,new_business,normal,55.23
case_0223,request_additional_info,2024-01-16 09:00:00-05:00,,complete,new_business,normal,0.0
case_0223,applicant_provided_info,2024-01-22 09:00:00-05:00,,complete,new_business,normal,0.0
case_0223,review_in_progress,2024-01-25 09:00:00-05:00,reviewer_001,complete,new_business,normal,52.25
case_0223,health_inspection,2024-01-29 09:00:00-05:00,inspector_003,complete,new_business,normal,41.07
case_0223,approved,2024-01-30 15:48:50.136681-05:00,,complete,new_business,normal,0.0
case_0224,submitted,2024-01-02 09:00:00-05:00,,complete,renewal,high,0.0
case_0224,intake_validation,2024-01-03 15:50:45.304702-05:00,clerk_003,complete,renewal,high,42.19
case_0224,assigned_to_reviewer,2024-01-05 09:00:00-05:00,,complete,renewal,high,0.0
case_0224,review_in_progress,2024-01-05 09:13:35.941206-05:00,reviewer_002,complete,renewal,high,29.19
case_0224,health_inspection,2024-01-09 09:00:00-05:00,inspector_001,complete,renewal,high,41.94
case_0224,approved,2024-01-16 09:00:00-05:00,,complete,renewal,high,0.0
case_0225,submitted,2024-01-02 09:00:00-05:00,,complete,existing_business,normal,0.0
case_0225,intake_validation,2024-01-03 12:29:21.167803-05:00,clerk_001,complete,existing_business,normal,62.04
case_0225,assigned_to_reviewer,2024-01-04 09:00:00-05:00,,complete,existing_business,normal,0.0
case_0225,review_in_progress,2024-01-04 09:13:57.044130-05:00,reviewer_002,complete,existing_business,normal,41.08
case_0225,health_inspection,2024-01-11 12:10:59.275632-05:00,inspector_002,complete,existing_business,normal,84.89
case_0225,approved,2024-01-22 09:00:00-05:00,,complete,existing_business,normal,0.0
case_0226,submitted,2024-01-02 09:00:00-05:00,,complete,new_business,high,0.0
case_0226,intake_validation,2024-01-04 09:00:00-05:00,clerk_002,complete,new_business,high,58.81
case_0226,assigned_to_reviewer,2024-01-05 14:34:16.732651-05:00,,complete,new_business,high,0.0
case_0226,review_in_progress,2024-01-05 14:54:16.873927-05:00,reviewer_004,complete,new_business,high,36.28
case_0226,health_inspection,2024-01-08 10:34:21.780942-05:00,inspector_002,complete,new_business,high,46.97
case_0226,approved,2024-01-16 09:00:00-05:00,,complete,new_business,high,0.0
case_0227,submitted,2024-01-02 09:00:00-05:00,,complete,renewal,high,0.0
case_0227,intake_validation,2024-01-04 09:00:00-05:00,clerk_003,complete,renewal,high,44.35
case_0227,assigned_to_reviewer,2024-01-08 09:00:00-05:00,,complete,renewal,high,0.0
case_0227,review_in_progress,2024-01-08 09:14:25.951248-05:00,reviewer_004,complete,renewal,high,70.63
case_0227,request_additional_info,2024-01-12 09:53:26.722896-05:00,,complete,renewal,high,0.0
case_0227,applicant_provided_info,2024-01-16 09:00:00-05:00,,complete,renewal,high,0.0
case_0227,review_in_progress,2024-01-19 09:00:00-05:00,reviewer_004,complete,renewal,high,62.66
case_0227,health_inspection,2024-01-22 09:00:00-05:00,inspector_001,complete,renewal,high,20.22
case_0227,rejected,2024-01-29 09:00:00-05:00,,complete,renewal,high,0.0
case_0228,submitted,2024-01-02 09:00:00-05:00,,complete,existing_business,low,0.0
case_0228,intake_validation,2024-01-04 09:00:00-05:00,clerk_002,complete,existing_business,low,54.79
case_0228,assigned_to_reviewer,2024-01-08 09:00:00-05:00,,complete,existing_business,low,0.0
case_0228,review_in_progress,2024-01-08 09:10:27.849242-05:00,reviewer_003,complete,existing_business,low,77.08
case_0228,health_inspection,2024-01-16 09:00:00-05:00,inspector_002,complete,existing_business,low,57.36
case_0228,approved,2024-01-18 09:00:00-05:00,,complete,existing_business,low,0.0
case_0229,submitted,2024-01-02 09:00:00-05:00,,complete,existing_business,high,0.0
case_0229,intake_validation,2024-01-04 09:00:00-05:00,clerk_002,complete,existing_business,high,27.14
case_0229,assigned_to_reviewer,2024-01-08 09:00:00-05:00,,complete,existing_business,high,0.0
case_0229,review_in_progress,2024-01-08 09:29:51.839454-05:00,reviewer_004,complete,existing_business,high,51.17
case_0229,request_additional_info,2024-01-12 13:36:50.989416-05:00,,complete,existing_business,high,0.0
case_0229,applicant_provided_info,2024-01-17 09:00:00-05:00,,complete,existing_business,high,0.0
case_0229,review_in_progress,2024-01-22 09:00:00-05:00,reviewer_002,complete,existing_business,high,24.2
case_0229,health_inspection,2024-01-25 09:00:00-05:00,inspector_003,complete,existing_business,high,36.8
case_0229,approved,2024-01-29 09:00:00-05:00,,complete,existing_business,high,0.0
case_0230,submitted,2024-01-02 09:00:00-05:00,,complete,new_business,high,0.0
case_0230,intake_validation,2024-01-03 15:57:23.575475-05:00,clerk_003,complete,new_business,high,24.51
case_0230,assigned_to_reviewer,2024-01-05 09:00:00-05:00,,complete,new_business,high,0.0
case_0230,review_in_progress,2024-01-05 09:19:02.945763-05:00,reviewer_004,complete,new_business,high,47.77
case_0230,request_additional_info,2024-01-09 16:06:28.315390-05:00,,complete,new_business,high,0.0
case_0230,applicant_provided_info,2024-01-16 09:00:00-05:00,,complete,new_business,high,0.0
case_0230,review_in_progress,2024-01-19 09:00:00-05:00,reviewer_001,complete,new_business,high,35.6
case_0230,request_additional_info,2024-01-22 09:00:00-05:00,,complete,new_business,high,0.0
case_0230,applicant_provided_info,2024-01-24 09:00:00-05:00,,complete,new_business,high,0.0
case_0230,review_in_progress,2024-01-26 14:18:24.206549-05:00,reviewer_004,complete,new_business,high,48.35
case_0230,health_inspection,2024-01-31 09:00:00-05:00,inspector_002,complete,new_business,high,26.08
case_0230,approved,2024-02-02 13:19:37.257887-05:00,,complete,new_business,high,0.0
case_0231,submitted,2024-01-02 09:00:00-05:00,,complete,existing_business,high,0.0
case_0231,intake_validation,2024-01-03 16:28:39.947449-05:00,clerk_003,complete,existing_business,high,42.04
case_0231,assigned_to_reviewer,2024-01-08 09:00:00-05:00,,complete,existing_business,high,0.0
case_0231,review_in_progress,2024-01-08 09:14:12.544987-05:00,reviewer_001,complete,existing_business,high,54.2
case_0231,health_inspection,2024-01-11 11:16:27.173594-05:00,inspector_001,complete,existing_business,high,40.23
case_0231,approved,2024-01-16 09:00:00-05:00,,complete,existing_business,high,0.0
case_0232,submitted,2024-01-02 09:00:00-05:00,,complete,renewal,low,0.0
case_0232,intake_validation,2024-01-04 09:00:00-05:00,clerk_001,complete,renewal,low,54.81
case_0232,assigned_to_reviewer,2024-01-05 09:00:00-05:00,,complete,renewal,low,0.0
case_0232,review_in_progress,2024-01-05 09:07:35.396200-05:00,reviewer_004,complete,renewal,low,32.65
case_0232,health_inspection,2024-01-10 13:31:57.629890-05:00,inspector_003,complete,renewal,low,55.56
case_0232,rejected,2024-01-12 09:00:00-05:00,,complete,renewal,low,0.0
case_0233,submitted,2024-01-02 09:00:00-05:00,,complete,new_business,normal,0.0
case_0233,intake_validation,2024-01-04 09:00:00-05:00,clerk_001,complete,new_business,normal,62.81
case_0233,assigned_to_reviewer,2024-01-08 09:00:00-05:00,,complete,new_business,normal,0.0
case_0233,review_in_progress,2024-01-08 09:06:20.137409-05:00,reviewer_001,complete,new_business,normal,43.58
case_0233,health_inspection,2024-01-11 09:00:00-05:00,inspector_001,complete,new_business,normal,81.66
case_0233,approved,2024-01-16 09:00:00-05:00,,complete,new_business,normal,0.0
case_0234,submitted,2024-01-02 09:00:00-05:00,,complete,renewal,normal,0.0
case_0234,intake_validation,2024-01-03 13:20:25.313652-05:00,clerk_002,complete,renewal,normal,52.4
case_0234,assigned_to_reviewer,2024-01-05 09:00:00-05:00,,complete,renewal,normal,0.0
case_0234,review_in_progress,2024-01-05 09:08:38.855272-05:00,reviewer_004,complete,renewal,normal,60.51
case_0234,health_inspection,2024-01-10 09:00:00-05:00,inspector_001,complete,renewal,normal,59.15
case_0234,rejected,2024-01-16 09:00:00-05:00,,complete,renewal,normal,0.0
case_0235,submitted,2024-01-02 09:00:00-05:00,,complete,new_business,normal,0.0
case_0235,intake_validation,2024-01-04 09:00:00-05:00,clerk_001,complete,new_business,normal,58.14
case_0235,assigned_to_reviewer,2024-01-08 09:00:00-05:00,,complete,new_business,normal,0.0
case_0235,review_in_progress,2024-01-08 09:10:18.188088-05:00,reviewer_002,complete,new_business,normal,62.71
case_0235,health_inspection,2024-01-16 09:00:00-05:00,inspector_002,complete,new_business,normal,59.88
case_0235,rejected,2024-01-22 09:00:00-05:00,,complete,new_business,normal,0.0
case_0236,submitted,2024-01-02 09:00:00-05:00,,complete,renewal,low,0.0
case_0236,intake_validation,2024-01-04 09:00:00-05:00,clerk_003,complete,renewal,low,70.52
case_0236,assigned_to_reviewer,2024-01-08 09:00:00-05:00,,complete,renewal,low,0.0
case_0236,review_in_progress,2024-01-08 09:19:57.962819-05:00,reviewer_004,complete,renewal,low,69.95
case_0236,health_inspection,2024-01-12 15:03:11.726451-05:00,inspector_002,complete,renewal,low,35.75
case_0236,approved,2024-01-16 09:00:00-05:00,,complete,renewal,low,0.0
case_0237,submitted,2024-01-02 09:00:00-05:00,,complete,existing_business,normal,0.0
case_0237,intake_validation,2024-01-03 12:13:50.164094-05:00,clerk_001,complete,existing_business,normal,59.76
case_0237,assigned_to_reviewer,2024-01-04 10:26:21.164227-05:00,,complete,existing_business,normal,0.0
case_0237,review_in_progress,2024-01-04 10:41:32.155722-05:00,reviewer_001,complete,existing_business,normal,45.14
case_0237,request_additional_info,2024-01-08 09:00:00-05:00,,complete,existing_business,normal,0.0
case_0237,applicant_provided_info,2024-01-16 09:00:00-05:00,,complete,existing_business,normal,0.0
case_0237,review_in_progress,2024-01-19 09:00:00-05:00,reviewer_002,complete,existing_business,normal,45.32
case_0237,health_inspection,2024-01-24 09:00:00-05:00,inspector_003,complete,existing_business,normal,65.6
case_0237,approved,2024-01-31 09:00:00-05:00,,complete,existing_business,normal,0.0
case_0238,submitted,2024-01-02 09:00:00-05:00,,complete,new_business,normal,0.0
case_0238,intake_validation,2024-01-04 09:00:00-05:00,clerk_001,complete,new_business,normal,53.14
case_0238,assigned_to_reviewer,2024-01-08 09:00:00-05:00,,complete,new_business,normal,0.0
case_0238,review_in_progress,2024-01-08 09:23:10.641393-05:00,reviewer_001,complete,new_business,normal,40.0
case_0238,health_inspection,2024-01-11 09:00:00-05:00,inspector_003,complete,new_business,normal,30.36
case_0238,approved,2024-01-16 09:00:00-05:00,,complete,new_business,normal,0.0
case_0239,submitted,2024-01-02 09:00:00-05:00,,complete,new_business,normal,0.0
case_0239,intake_validation,2024-01-04 09:00:00-05:00,clerk_001,complete,new_business,normal,77.43
case_0239,rejected,2024-01-08 09:00:00-05:00,,complete,new_business,normal,0.0
case_0240,submitted,2024-01-02 09:00:00-05:00,,complete,new_business,normal,0.0
case_0240,intake_validation,2024-01-04 09:00:00-05:00,clerk_002,complete,new_business,normal,57.99
case_0240,assigned_to_reviewer,2024-01-08 09:00:00-05:00,,complete,new_business,normal,0.0
case_0240,review_in_progress,2024-01-08 09:20:13.245600-05:00,reviewer_001,complete,new_business,normal,45.4
case_0240,health_inspection,2024-01-10 09:00:00-05:00,inspector_003,complete,new_business,normal,62.81
case_0240,approved,2024-01-16 09:00:00-05:00,,complete,new_business,normal,0.0
case_0241,submitted,2024-01-02 09:00:00-05:00,,complete,renewal,normal,0.0
case_0241,intake_validation,2024-01-04 09:00:00-05:00,clerk_002,complete,renewal,normal,52.47
case_0241,assigned_to_reviewer,2024-01-08 09:00:00-05:00,,complete,renewal,normal,0.0
case_0241,review_in_progress,2024-01-08 09:24:21.461617-05:00,reviewer_003,complete,renewal,normal,43.57
case_0241,health_inspection,2024-01-11 11:33:57.713565-05:00,inspector_003,complete,renewal,normal,56.65
case_0241,approved,2024-01-16 09:00:00-05:00,,complete,renewal,normal,0.0
case_0242,submitted,2024-01-02 09:00:00-05:00,,complete,new_business,normal,0.0
case_0242,intake_validation,2024-01-04 09:00:00-05:00,clerk_003,complete,new_business,normal,22.04
case_0242,assigned_to_reviewer,2024-01-05 13:32:49.968699-05:00,,complete,new_business,normal,0.0
case_0242,review_in_progress,2024-01-05 13:58:03.676066-05:00,reviewer_002,complete,new_business,normal,56.16
case_0242,health_inspection,2024-01-10 09:00:00-05:00,inspector_002,complete,new_business,normal,29.11
case_0242,approved,2024-01-16 09:00:00-05:00,,complete,new_business,normal,0.0
case_0243,submitted,2024-01-02 09:00:00-05:00,,complete,new_business,normal,0.0
case_0243,intake_validation,2024-01-03 09:26:47.327031-05:00,clerk_003,complete,new_business,normal,40.81
case_0243,assigned_to_reviewer,2024-01-08 09:00:00-05:00,,complete,new_business,normal,0.0
case_0243,review_in_progress,2024-01-08 09:28:29.514613-05:00,reviewer_003,complete,new_business,normal,45.18
case_0243,health_inspection,2024-01-12 16:51:05.202218-05:00,inspector_002,complete,new_business,normal,35.86
case_0243,approved,2024-01-16 09:00:00-05:00,,complete,new_business,normal,0.0
case_0244,submitted,2024-01-02 09:00:00-05:00,,complete,new_business,normal,0.0
case_0244,intake_validation,2024-01-04 09:00:00-05:00,clerk_001,complete,new_business,normal,48.01
case_0244,assigned_to_reviewer,2024-01-08 09:00:00-05:00,,complete,new_business,normal,0.0
case_0244,review_in_progress,2024-01-08 09:12:09.283154-05:00,reviewer_002,complete,new_business,normal,57.4
case_0244,health_inspection,2024-01-16 09:00:00-05:00,inspector_002,complete,new_business,normal,56.41
case_0244,approved,2024-01-22 09:00:00-05:00,,complete,new_business,normal,0.0
case_0245,submitted,2024-01-02 09:00:00-05:00,,complete,new_business,low,0.0
case_0245,intake_validation,2024-01-04 09:00:00-05:00,clerk_001,complete,new_business,low,73.21
case_0245,assigned_to_reviewer,2024-01-08 09:00:00-05:00,,complete,new_business,low,0.0
case_0245,review_in_progress,2024-01-08 09:08:00.858539-05:00,reviewer_004,complete,new_business,low,19.1
case_0245,health_inspection,2024-01-16 09:00:00-05:00,inspector_002,complete,new_business,low,80.29
case_0245,approved,2024-01-23 09:00:00-05:00,,complete,new_business,low,0.0
case_0246,submitted,2024-01-02 09:00:00-05:00,,complete,existing_business,high,0.0
case_0246,intake_validation,2024-01-04 09:00:00-05:00,clerk_003,complete,existing_business,high,69.31
case_0246,assigned_to_reviewer,2024-01-08 09:00:00-05:00,,complete,existing_business,high,0.0
case_0246,review_in_progress,2024-01-08 09:08:56.078640-05:00,reviewer_002,complete,existing_business,high,37.13
case_0246,health_inspection,2024-01-16 09:00:00-05:00,inspector_001,complete,existing_business,high,42.46
case_0246,approved,2024-01-18 09:27:48.645730-05:00,,complete,existing_business,high,0.0
case_0247,submitted,2024-01-02 09:00:00-05:00,,complete,existing_business,normal,0.0
case_0247,intake_validation,2024-01-04 09:00:00-05:00,clerk_001,complete,existing_business,normal,29.83
case_0247,assigned_to_reviewer,2024-01-08 09:00:00-05:00,,complete,existing_business,normal,0.0
case_0247,review_in_progress,2024-01-08 09:14:42.717138-05:00,reviewer_004,complete,existing_business,normal,60.47
case_0247,request_additional_info,2024-01-11 09:00:00-05:00,,complete,existing_business,normal,0.0
case_0247,applicant_provided_info,2024-01-17 10:10:19.585843-05:00,,complete,existing_business,normal,0.0
case_0247,review_in_progress,2024-01-22 09:00:00-05:00,reviewer_004,complete,existing_business,normal,51.23
case_0247,health_inspection,2024-01-26 09:00:00-05:00,inspector_003,complete,existing_business,normal,68.99
case_0247,rejected,2024-01-29 09:00:00-05:00,,complete,existing_business,normal,0.0
case_0248,submitted,2024-01-02 09:00:00-05:00,,complete,new_business,high,0.0
case_0248,intake_validation,2024-01-04 09:00:00-05:00,clerk_001,complete,new_business,high,54.85
case_0248,assigned_to_reviewer,2024-01-05 13:20:36.200827-05:00,,complete,new_business,high,0.0
case_0248,review_in_progress,2024-01-05 13:41:45.348719-05:00,reviewer_004,complete,new_business,high,40.14
case_0248,request_additional_info,2024-01-09 09:00:00-05:00,,complete,new_business,high,0.0
case_0248,withdrawn,2024-01-16 09:00:00-05:00,,complete,new_business,high,0.0
case_0249,submitted,2024-01-02 09:00:00-05:00,,complete,renewal,normal,0.0
case_0249,intake_validation,2024-01-04 09:00:00-05:00,clerk_003,complete,renewal,normal,60.47
case_0249,assigned_to_reviewer,2024-01-08 09:00:00-05:00,,complete,renewal,normal,0.0
case_0249,review_in_progress,2024-01-08 09:25:31.336390-05:00,reviewer_002,complete,renewal,normal,29.26
case_0249,request_additional_info,2024-01-11 09:00:00-05:00,,complete,renewal,normal,0.0
case_0249,applicant_provided_info,2024-01-16 09:00:00-05:00,,complete,renewal,normal,0.0
case_0249,review_in_progress,2024-01-18 12:15:58.368089-05:00,reviewer_003,complete,renewal,normal,47.58
case_0249,request_additional_info,2024-01-22 09:00:00-05:00,,complete,renewal,normal,0.0
case_0249,applicant_provided_info,2024-01-29 09:00:00-05:00,,complete,renewal,normal,0.0
case_0249,review_in_progress,2024-02-01 09:00:00-05:00,reviewer_004,complete,renewal,normal,55.72
case_0249,request_additional_info,2024-02-05 09:00:00-05:00,,complete,renewal,normal,0.0
case_0249,applicant_provided_info,2024-02-08 09:00:00-05:00,,complete,renewal,normal,0.0
case_0249,review_in_progress,2024-02-12 09:00:00-05:00,reviewer_002,complete,renewal,normal,41.83
case_0249,request_additional_info,2024-02-20 09:00:00-05:00,,complete,renewal,normal,0.0
case_0249,withdrawn,2024-02-23 09:00:00-05:00,,complete,renewal,normal,0.0
case_0250,submitted,2024-01-02 09:00:00-05:00,,complete,existing_business,normal,0.0
case_0250,intake_validation,2024-01-04 09:00:00-05:00,clerk_001,complete,existing_business,normal,54.86
case_0250,assigned_to_reviewer,2024-01-08 09:00:00-05:00,,complete,existing_business,normal,0.0
case_0250,review_in_progress,2024-01-08 09:16:17.620850-05:00,reviewer_001,complete,existing_business,normal,25.44
case_0250,health_inspection,2024-01-10 09:00:00-05:00,inspector_003,complete,existing_business,normal,76.85
case_0250,approved,2024-01-16 09:00:00-05:00,,complete,existing_business,normal,0.0
case_0251,submitted,2024-01-02 09:00:00-05:00,,complete,renewal,low,0.0
case_0251,intake_validation,2024-01-04 09:00:00-05:00,clerk_002,complete,renewal,low,70.2
case_0251,assigned_to_reviewer,2024-01-08 09:00:00-05:00,,complete,renewal,low,0.0
case_0251,review_in_progress,2024-01-08 09:22:15.151658-05:00,reviewer_002,complete,renewal,low,71.57
case_0251,health_inspection,2024-01-11 12:24:27.755668-05:00,inspector_002,complete,renewal,low,62.04
case_0251,approved,2024-01-18 09:00:00-05:00,,complete,renewal,low,0.0
case_0252,submitted,2024-01-02 09:00:00-05:00,,complete,existing_business,normal,0.0
case_0252,intake_validation,2024-01-04 09:00:00-05:00,clerk_002,complete,existing_business,normal,42.08
case_0252,assigned_to_reviewer,2024-01-08 09:00:00-05:00,,complete,existing_business,normal,0.0
case_0252,review_in_progress,2024-01-08 09:07:24.603332-05:00,reviewer_002,complete,existing_business,normal,92.55
case_0252,request_additional_info,2024-01-16 09:15:38.184313-05:00,,complete,existing_business,normal,0.0
case_0252,applicant_provided_info,2024-01-22 09:00:00-05:00,,complete,existing_business,normal,0.0
case_0252,review_in_progress,2024-01-24 15:05:15.954676-05:00,reviewer_002,complete,existing_business,normal,22.33
case_0252,request_additional_info,2024-01-29 09:00:00-05:00,,complete,existing_business,normal,0.0
case_0252,applicant_provided_info,2024-02-05 09:00:00-05:00,,complete,existing_business,normal,0.0
case_0252,review_in_progress,2024-02-07 15:14:49.198746-05:00,reviewer_004,complete,existing_business,normal,55.74
case_0252,health_inspection,2024-02-12 09:00:00-05:00,inspector_001,complete,existing_business,normal,44.46
case_0252,rejected,2024-02-13 10:17:23.466222-05:00,,complete,existing_business,normal,0.0
case_0253,submitted,2024-01-02 09:00:00-05:00,,complete,renewal,normal,0.0
case_0253,intake_validation,2024-01-03 15:47:24.763908-05:00,clerk_002,complete,renewal,normal,50.85
case_0253,assigned_to_reviewer,2024-01-08 09:00:00-05:00,,complete,renewal,normal,0.0
case_0253,review_in_progress,2024-01-08 09:29:52.173695-05:00,reviewer_001,complete,renewal,normal,38.29
case_0253,request_additional_info,2024-01-11 15:17:47.198151-05:00,,complete,renewal,normal,0.0
case_0253,applicant_provided_info,2024-01-16 09:00:00-05:00,,complete,renewal,normal,0.0
case_0253,review_in_progress,2024-01-18 14:30:59.951137-05:00,reviewer_002,complete,renewal,normal,45.61
case_0253,health_inspection,2024-01-29 09:00:00-05:00,inspector_002,complete,renewal,normal,34.55
case_0253,approved,2024-02-05 09:00:00-05:00,,complete,renewal,normal,0.0
case_0254,submitted,2024-01-02 09:00:00-05:00,,complete,new_business,high,0.0
case_0254,intake_validation,2024-01-03 11:14:45.128677-05:00,clerk_001,complete,new_business,high,58.78
case_0254,assigned_to_reviewer,2024-01-05 09:00:00-05:00,,complete,new_business,high,0.0
case_0254,review_in_progress,2024-01-05 09:20:00.308243-05:00,reviewer_003,complete,new_business,high,65.58
case_0254,health_inspection,2024-01-09 09:00:00-05:00,inspector_003,complete,new_business,high,36.1
case_0254,approved,2024-01-10 12:44:18.788205-05:00,,complete,new_business,high,0.0
case_0255,submitted,2024-01-02 09:00:00-05:00,,complete,renewal,normal,0.0
case_0255,intake_validation,2024-01-04 09:00:00-05:00,clerk_001,complete,renewal,normal,21.9
case_0255,assigned_to_reviewer,2024-01-08 09:00:00-05:00,,complete,renewal,normal,0.0
case_0255,review_in_progress,2024-01-08 09:28:55.490205-05:00,reviewer_001,complete,renewal,normal,71.52
case_0255,request_additional_info,2024-01-12 09:00:00-05:00,,complete,renewal,normal,0.0
case_0255,withdrawn,2024-01-18 09:00:00-05:00,,complete,renewal,normal,0.0
case_0256,submitted,2024-01-02 09:00:00-05:00,,complete,new_business,normal,0.0
case_0256,intake_validation,2024-01-04 09:00:00-05:00,clerk_001,complete,new_business,normal,45.86
case_0256,assigned_to_reviewer,2024-01-05 09:00:00-05:00,,complete,new_business,normal,0.0
case_0256,review_in_progress,2024-01-05 09:15:34.356236-05:00,reviewer_004,complete,new_business,normal,54.3
case_0256,request_additional_info,2024-01-10 09:00:00-05:00,,complete,new_business,normal,0.0
case_0256,applicant_provided_info,2024-01-16 09:00:00-05:00,,complete,new_business,normal,0.0
case_0256,review_in_progress,2024-01-19 09:00:00-05:00,reviewer_002,complete,new_business,normal,45.15
case_0256,health_inspection,2024-01-24 13:21:25.427985-05:00,inspector_002,complete,new_business,normal,65.07
case_0256,approved,2024-02-01 09:00:00-05:00,,complete,new_business,normal,0.0
case_0257,submitted,2024-01-02 09:00:00-05:00,,complete,existing_business,normal,0.0
case_0257,intake_validation,2024-01-04 09:00:00-05:00,clerk_003,complete,existing_business,normal,66.31
case_0257,assigned_to_reviewer,2024-01-08 09:00:00-05:00,,complete,existing_business,normal,0.0
case_0257,review_in_progress,2024-01-08 09:06:58.230849-05:00,reviewer_002,complete,existing_business,normal,53.68
case_0257,request_additional_info,2024-01-12 09:00:00-05:00,,complete,existing_business,normal,0.0
case_0257,applicant_provided_info,2024-01-16 12:33:12.963162-05:00,,complete,existing_business,normal,0.0
case_0257,review_in_progress,2024-01-19 09:00:00-05:00,reviewer_002,complete,existing_business,normal,72.54
case_0257,request_additional_info,2024-01-22 09:00:00-05:00,,complete,existing_business,normal,0.0
case_0257,applicant_provided_info,2024-01-29 09:00:00-05:00,,complete,existing_business,normal,0.0
case_0257,review_in_progress,2024-01-31 16:05:29.613169-05:00,reviewer_001,complete,existing_business,normal,56.87
case_0257,request_additional_info,2024-02-05 09:00:00-05:00,,complete,existing_business,normal,0.0
case_0257,applicant_provided_info,2024-02-12 09:00:00-05:00,,complete,existing_business,normal,0.0
case_0257,review_in_progress,2024-02-14 15:06:59.921656-05:00,reviewer_002,complete,existing_business,normal,52.0
case_0257,health_inspection,2024-02-20 09:00:00-05:00,inspector_001,complete,existing_business,normal,45.11
case_0257,approved,2024-02-26 09:00:00-05:00,,complete,existing_business,normal,0.0
case_0258,submitted,2024-01-02 09:00:00-05:00,,complete,existing_business,normal,0.0
case_0258,intake_validation,2024-01-03 15:21:42.427273-05:00,clerk_003,complete,existing_business,normal,53.9
case_0258,assigned_to_reviewer,2024-01-05 09:00:00-05:00,,complete,existing_business,normal,0.0
case_0258,review_in_progress,2024-01-05 09:20:29.836138-05:00,reviewer_001,complete,existing_business,normal,48.41
case_0258,health_inspection,2024-01-08 09:00:00-05:00,inspector_002,complete,existing_business,normal,49.65
case_0258,approved,2024-01-17 09:00:00-05:00,,complete,existing_business,normal,0.0
case_0259,submitted,2024-01-02 09:00:00-05:00,,complete,renewal,normal,0.0
case_0259,intake_validation,2024-01-04 09:00:00-05:00,clerk_002,complete,renewal,normal,39.94
case_0259,assigned_to_reviewer,2024-01-05 15:45:15.346077-05:00,,complete,renewal,normal,0.0
case_0259,review_in_progress,2024-01-05 15:51:38.220832-05:00,reviewer_004,complete,renewal,normal,57.81
case_0259,request_additional_info,2024-01-08 15:17:37.029462-05:00,,complete,renewal,normal,0.0
case_0259,applicant_provided_info,2024-01-12 09:00:00-05:00,,complete,renewal,normal,0.0
case_0259,review_in_progress,2024-01-16 09:00:00-05:00,reviewer_002,complete,renewal,normal,33.44
case_0259,health_inspection,2024-01-19 09:00:00-05:00,inspector_003,complete,renewal,normal,53.87
case_0259,rejected,2024-01-26 09:00:00-05:00,,complete,renewal,normal,0.0
case_0260,submitted,2024-01-02 09:00:00-05:00,,complete,existing_business,normal,0.0
case_0260,intake_validation,2024-01-04 09:00:00-05:00,clerk_001,complete,existing_business,normal,33.82
case_0260,assigned_to_reviewer,2024-01-08 09:00:00-05:00,,complete,existing_business,normal,0.0
case_0260,review_in_progress,2024-01-08 09:20:18.008953-05:00,reviewer_002,complete,existing_business,normal,32.68
case_0260,request_additional_info,2024-01-16 09:00:00-05:00,,complete,existing_business,normal,0.0
case_0260,applicant_provided_info,2024-01-22 09:00:00-05:00,,complete,existing_business,normal,0.0
case_0260,review_in_progress,2024-01-25 09:00:00-05:00,reviewer_003,complete,existing_business,normal,34.54
case_0260,request_additional_info,2024-01-29 09:00:00-05:00,,complete,existing_business,normal,0.0
case_0260,applicant_provided_info,2024-02-02 09:00:00-05:00,,complete,existing_business,normal,0.0
case_0260,review_in_progress,2024-02-05 09:00:00-05:00,reviewer_002,complete,existing_business,normal,47.22
case_0260,health_inspection,2024-02-12 09:00:00-05:00,inspector_001,complete,existing_business,normal,43.94
case_0260,approved,2024-02-14 15:10:12.477236-05:00,,complete,existing_business,normal,0.0
case_0261,submitted,2024-01-02 09:00:00-05:00,,complete,existing_business,high,0.0
case_0261,intake_validation,2024-01-03 12:08:52.100197-05:00,clerk_002,complete,existing_business,high,59.06
case_0261,assigned_to_reviewer,2024-01-08 09:00:00-05:00,,complete,existing_business,high,0.0
case_0261,review_in_progress,2024-01-08 09:23:37.801870-05:00,reviewer_004,complete,existing_business,high,61.71
case_0261,request_additional_info,2024-01-11 16:18:42.353846-05:00,,complete,existing_business,high,0.0
case_0261,applicant_provided_info,2024-01-16 09:00:00-05:00,,complete,existing_business,high,0.0
case_0261,review_in_progress,2024-01-19 09:00:00-05:00,reviewer_002,complete,existing_business,high,32.66
case_0261,health_inspection,2024-01-26 09:00:00-05:00,inspector_001,complete,existing_business,high,80.74
case_0261,approved,2024-01-29 09:00:00-05:00,,complete,existing_business,high,0.0
case_0262,submitted,2024-01-02 09:00:00-05:00,,complete,new_business,low,0.0
case_0262,intake_validation,2024-01-04 09:00:00-05:00,clerk_001,complete,new_business,low,53.52
case_0262,assigned_to_reviewer,2024-01-05 12:07:54.805406-05:00,,complete,new_business,low,0.0
case_0262,review_in_progress,2024-01-05 12:22:26.352412-05:00,reviewer_004,complete,new_business,low,49.06
case_0262,request_additional_info,2024-01-10 09:00:00-05:00,,complete,new_business,low,0.0
case_0262,withdrawn,2024-01-16 09:00:00-05:00,,complete,new_business,low,0.0
case_0263,submitted,2024-01-02 09:00:00-05:00,,complete,renewal,normal,0.0
case_0263,intake_validation,2024-01-03 11:39:44.425004-05:00,clerk_002,complete,renewal,normal,58.54
case_0263,assigned_to_reviewer,2024-01-08 09:00:00-05:00,,complete,renewal,normal,0.0
case_0263,review_in_progress,2024-01-08 09:07:00.435990-05:00,reviewer_003,complete,renewal,normal,72.72
case_0263,health_inspection,2024-01-11 09:00:00-05:00,inspector_002,complete,renewal,normal,26.07
case_0263,approved,2024-01-18 09:00:00-05:00,,complete,renewal,normal,0.0
case_0264,submitted,2024-01-02 09:00:00-05:00,,complete,renewal,low,0.0
case_0264,intake_validation,2024-01-04 09:00:00-05:00,clerk_003,complete,renewal,low,50.8
case_0264,assigned_to_reviewer,2024-01-08 09:00:00-05:00,,complete,renewal,low,0.0
case_0264,review_in_progress,2024-01-08 09:14:56.308355-05:00,reviewer_002,complete,renewal,low,77.29
case_0264,request_additional_info,2024-01-16 09:00:00-05:00,,complete,renewal,low,0.0
case_0264,applicant_provided_info,2024-01-22 09:00:00-05:00,,complete,renewal,low,0.0
case_0264,review_in_progress,2024-01-25 09:00:00-05:00,reviewer_002,complete,renewal,low,21.64
case_0264,health_inspection,2024-01-31 09:00:00-05:00,inspector_001,complete,renewal,low,57.52
case_0264,rejected,2024-02-01 09:17:28.722494-05:00,,complete,renewal,low,0.0
case_0265,submitted,2024-01-02 09:00:00-05:00,,complete,renewal,normal,0.0
case_0265,intake_validation,2024-01-03 12:56:37.652500-05:00,clerk_003,complete,renewal,normal,38.51
case_0265,assigned_to_reviewer,2024-01-08 09:00:00-05:00,,complete,renewal,normal,0.0
case_0265,review_in_progress,2024-01-08 09:23:07.252105-05:00,reviewer_002,complete,renewal,normal,31.85
case_0265,request_additional_info,2024-01-12 09:00:00-05:00,,complete,renewal,normal,0.0
case_0265,applicant_provided_info,2024-01-16 16:43:11.645992-05:00,,complete,renewal,normal,0.0
case_0265,review_in_progress,2024-01-19 10:32:40.710167-05:00,reviewer_001,complete,renewal,normal,46.58
case_0265,health_inspection,2024-01-23 09:00:00-05:00,inspector_001,complete,renewal,normal,68.05
case_0265,approved,2024-01-29 09:00:00-05:00,,complete,renewal,normal,0.0
case_0266,submitted,2024-01-02 09:00:00-05:00,,complete,renewal,high,0.0
case_0266,intake_validation,2024-01-04 09:00:00-05:00,clerk_001,complete,renewal,high,63.17
case_0266,assigned_to_reviewer,2024-01-08 09:00:00-05:00,,complete,renewal,high,0.0
case_0266,review_in_progress,2024-01-08 09:29:48.370516-05:00,reviewer_001,complete,renewal,high,53.12
case_0266,request_additional_info,2024-01-11 09:00:00-05:00,,complete,renewal,high,0.0
case_0266,applicant_provided_info,2024-01-16 09:00:00-05:00,,complete,renewal,high,0.0
case_0266,review_in_progress,2024-01-19 09:00:00-05:00,reviewer_002,complete,renewal,high,53.65
case_0266,health_inspection,2024-01-25 09:00:00-05:00,inspector_002,complete,renewal,high,26.12
case_0266,approved,2024-01-31 11:24:37.135566-05:00,,complete,renewal,high,0.0
case_0267,submitted,2024-01-02 09:00:00-05:00,,complete,new_business,low,0.0
case_0267,intake_validation,2024-01-04 09:00:00-05:00,clerk_003,complete,new_business,low,65.36
case_0267,assigned_to_reviewer,2024-01-08 09:00:00-05:00,,complete,new_business,low,0.0
case_0267,review_in_progress,2024-01-08 09:18:47.935665-05:00,reviewer_002,complete,new_business,low,10.0
case_0267,request_additional_info,2024-01-16 09:00:00-05:00,,complete,new_business,low,0.0
case_0267,applicant_provided_info,2024-01-22 09:00:00-05:00,,complete,new_business,low,0.0
case_0267,review_in_progress,2024-01-25 09:00:00-05:00,reviewer_002,complete,new_business,low,25.75
case_0267,request_additional_info,2024-01-29 09:00:00-05:00,,complete,new_business,low,0.0
case_0267,applicant_provided_info,2024-02-05 09:00:00-05:00,,complete,new_business,low,0.0
case_0267,review_in_progress,2024-02-07 10:29:33.533308-05:00,reviewer_002,complete,new_business,low,36.19
case_0267,health_inspection,2024-02-12 09:00:00-05:00,inspector_002,complete,new_business,low,35.07
case_0267,approved,2024-02-16 09:00:00-05:00,,complete,new_business,low,0.0
case_0268,submitted,2024-01-02 09:00:00-05:00,,complete,existing_business,high,0.0
case_0268,intake_validation,2024-01-04 09:00:00-05:00,clerk_001,complete,existing_business,high,48.21
case_0268,assigned_to_reviewer,2024-01-05 09:35:24.159382-05:00,,complete,existing_business,high,0.0
case_0268,review_in_progress,2024-01-05 09:58:18.674928-05:00,reviewer_001,complete,existing_business,high,53.95
case_0268,health_inspection,2024-01-08 12:21:29.098737-05:00,inspector_003,complete,existing_business,high,66.52
case_0268,approved,2024-01-16 09:00:00-05:00,,complete,existing_business,high,0.0
case_0269,submitted,2024-01-02 09:00:00-05:00,,complete,new_business,low,0.0
case_0269,intake_validation,2024-01-04 09:00:00-05:00,clerk_001,complete,new_business,low,23.55
case_0269,assigned_to_reviewer,2024-01-05 09:52:44.995843-05:00,,complete,new_business,low,0.0
case_0269,review_in_progress,2024-01-05 10:20:12.720060-05:00,reviewer_002,complete,new_business,low,52.34
case_0269,health_inspection,2024-01-11 15:26:00.001861-05:00,inspector_002,complete,new_business,low,60.71
case_0269,rejected,2024-01-17 10:49:14.424318-05:00,,complete,new_business,low,0.0
case_0270,submitted,2024-01-02 09:00:00-05:00,,complete,renewal,normal,0.0
case_0270,intake_validation,2024-01-04 09:00:00-05:00,clerk_002,complete,renewal,normal,38.66
case_0270,assigned_to_reviewer,2024-01-08 09:00:00-05:00,,complete,renewal,normal,0.0
case_0270,review_in_progress,2024-01-08 09:26:47.537596-05:00,reviewer_004,complete,renewal,normal,42.12
case_0270,health_inspection,2024-01-11 09:00:00-05:00,inspector_003,complete,renewal,normal,36.77
case_0270,approved,2024-01-18 09:00:00-05:00,,complete,renewal,normal,0.0
case_0271,submitted,2024-01-02 09:00:00-05:00,,complete,existing_business,normal,0.0
case_0271,intake_validation,2024-01-04 09:00:00-05:00,clerk_002,complete,existing_business,normal,63.68
case_0271,assigned_to_reviewer,2024-01-08 09:00:00-05:00,,complete,existing_business,normal,0.0
case_0271,review_in_progress,2024-01-08 09:07:16.139116-05:00,reviewer_001,complete,existing_business,normal,63.47
case_0271,health_inspection,2024-01-11 09:00:00-05:00,inspector_003,complete,existing_business,normal,51.25
case_0271,approved,2024-01-17 09:00:00-05:00,,complete,existing_business,normal,0.0
case_0272,submitted,2024-01-02 09:00:00-05:00,,complete,renewal,normal,0.0
case_0272,intake_validation,2024-01-04 09:00:00-05:00,clerk_001,complete,renewal,normal,52.65
case_0272,assigned_to_reviewer,2024-01-08 09:00:00-05:00,,complete,renewal,normal,0.0
case_0272,review_in_progress,2024-01-08 09:15:57.508450-05:00,reviewer_002,complete,renewal,normal,49.67
case_0272,health_inspection,2024-01-11 09:00:00-05:00,inspector_001,complete,renewal,normal,57.39
case_0272,approved,2024-01-12 16:55:56.505063-05:00,,complete,renewal,normal,0.0
case_0273,submitted,2024-01-02 09:00:00-05:00,,complete,new_business,normal,0.0
case_0273,intake_validation,2024-01-03 09:39:07.591025-05:00,clerk_002,complete,new_business,normal,43.41
case_0273,assigned_to_reviewer,2024-01-05 09:00:00-05:00,,complete,new_business,normal,0.0
case_0273,review_in_progress,2024-01-05 09:08:54.191419-05:00,reviewer_004,complete,new_business,normal,64.0
case_0273,request_additional_info,2024-01-09 12:13:21.297143-05:00,,complete,new_business,normal,0.0
case_0273,applicant_provided_info,2024-01-16 09:00:00-05:00,,complete,new_business,normal,0.0
case_0273,review_in_progress,2024-01-18 10:27:18.602891-05:00,reviewer_002,complete,new_business,normal,34.73
case_0273,health_inspection,2024-01-23 09:00:00-05:00,inspector_003,complete,new_business,normal,51.52
case_0273,approved,2024-01-29 09:00:00-05:00,,complete,new_business,normal,0.0
case_0274,submitted,2024-01-02 09:00:00-05:00,,complete,existing_business,normal,0.0
case_0274,intake_validation,2024-01-03 11:00:49.681922-05:00,clerk_001,complete,existing_business,normal,64.21
case_0274,assigned_to_reviewer,2024-01-08 09:00:00-05:00,,complete,existing_business,normal,0.0
case_0274,review_in_progress,2024-01-08 09:16:10.203538-05:00,reviewer_002,complete,existing_business,normal,47.1
case_0274,request_additional_info,2024-01-11 09:00:00-05:00,,complete,existing_business,normal,0.0
case_0274,withdrawn,2024-01-16 09:00:00-05:00,,complete,existing_business,normal,0.0
case_0275,submitted,2024-01-02 09:00:00-05:00,,complete,existing_business,high,0.0
case_0275,intake_validation,2024-01-04 09:00:00-05:00,clerk_002,complete,existing_business,high,37.38
case_0275,assigned_to_reviewer,2024-01-08 09:00:00-05:00,,complete,existing_business,high,0.0
case_0275,review_in_progress,2024-01-08 09:23:44.423442-05:00,reviewer_002,complete,existing_business,high,67.05
case_0275,health_inspection,2024-01-12 09:00:00-05:00,inspector_002,complete,existing_business,high,47.06
case_0275,approved,2024-01-19 09:00:00-05:00,,complete,existing_business,high,0.0
case_0276,submitted,2024-01-02 09:00:00-05:00,,complete,new_business,normal,0.0
case_0276,intake_validation,2024-01-04 09:00:00-05:00,clerk_001,complete,new_business,normal,65.68
case_0276,assigned_to_reviewer,2024-01-08 09:00:00-05:00,,complete,new_business,normal,0.0
case_0276,review_in_progress,2024-01-08 09:20:23.299681-05:00,reviewer_003,complete,new_business,normal,49.42
case_0276,request_additional_info,2024-01-12 09:00:00-05:00,,complete,new_business,normal,0.0
case_0276,withdrawn,2024-01-16 09:00:00-05:00,,complete,new_business,normal,0.0
case_0277,submitted,2024-01-02 09:00:00-05:00,,complete,existing_business,normal,0.0
case_0277,intake_validation,2024-01-04 09:00:00-05:00,clerk_001,complete,existing_business,normal,49.24
case_0277,assigned_to_reviewer,2024-01-05 09:00:00-05:00,,complete,existing_business,normal,0.0
case_0277,review_in_progress,2024-01-05 09:22:08.034115-05:00,reviewer_004,complete,existing_business,normal,56.61
case_0277,request_additional_info,2024-01-08 09:00:00-05:00,,complete,existing_business,normal,0.0
case_0277,applicant_provided_info,2024-01-09 10:12:50.825296-05:00,,complete,existing_business,normal,0.0
case_0277,review_in_progress,2024-01-12 09:00:00-05:00,reviewer_002,complete,existing_business,normal,37.52
case_0277,request_additional_info,2024-01-16 09:00:00-05:00,,complete,existing_business,normal,0.0
case_0277,applicant_provided_info,2024-01-19 12:31:34.416214-05:00,,complete,existing_business,normal,0.0
case_0277,review_in_progress,2024-01-22 09:00:00-05:00,reviewer_003,complete,existing_business,normal,51.73
case_0277,request_additional_info,2024-01-25 11:08:09.387130-05:00,,complete,existing_business,normal,0.0
case_0277,applicant_provided_info,2024-01-30 16:56:21.601719-05:00,,complete,existing_business,normal,0.0
case_0277,review_in_progress,2024-02-02 09:00:00-05:00,reviewer_002,complete,existing_business,normal,67.42
case_0277,health_inspection,2024-02-09 09:00:00-05:00,inspector_002,complete,existing_business,normal,39.6
case_0277,approved,2024-02-16 09:00:00-05:00,,complete,existing_business,normal,0.0
case_0278,submitted,2024-01-02 09:00:00-05:00,,complete,new_business,low,0.0
case_0278,intake_validation,2024-01-04 09:00:00-05:00,clerk_002,complete,new_business,low,33.65
case_0278,assigned_to_reviewer,2024-01-08 09:00:00-05:00,,complete,new_business,low,0.0
case_0278,review_in_progress,2024-01-08 09:29:48.409949-05:00,reviewer_003,complete,new_business,low,49.65
case_0278,request_additional_info,2024-01-12 09:00:00-05:00,,complete,new_business,low,0.0
case_0278,applicant_provided_info,2024-01-19 09:00:00-05:00,,complete,new_business,low,0.0
case_0278,review_in_progress,2024-01-22 09:00:00-05:00,reviewer_004,complete,new_business,low,69.22
case_0278,health_inspection,2024-01-25 14:11:18.003933-05:00,inspector_002,complete,new_business,low,51.76
case_0278,approved,2024-01-29 09:00:00-05:00,,complete,new_business,low,0.0
case_0279,submitted,2024-01-02 09:00:00-05:00,,complete,new_business,low,0.0
case_0279,intake_validation,2024-01-03 10:57:48.289084-05:00,clerk_001,complete,new_business,low,18.93
case_0279,assigned_to_reviewer,2024-01-05 12:45:11.080688-05:00,,complete,new_business,low,0.0
case_0279,review_in_progress,2024-01-05 12:52:58.274816-05:00,reviewer_001,complete,new_business,low,42.16
case_0279,request_additional_info,2024-01-08 09:00:00-05:00,,complete,new_business,low,0.0
case_0279,applicant_provided_info,2024-01-16 09:00:00-05:00,,complete,new_business,low,0.0
case_0279,review_in_progress,2024-01-19 09:00:00-05:00,reviewer_001,complete,new_business,low,69.52
case_0279,health_inspection,2024-01-22 09:00:00-05:00,inspector_002,complete,new_business,low,59.84
case_0279,approved,2024-01-30 09:00:00-05:00,,complete,new_business,low,0.0
case_0280,submitted,2024-01-02 09:00:00-05:00,,complete,new_business,normal,0.0
case_0280,intake_validation,2024-01-03 10:27:23.352073-05:00,clerk_001,complete,new_business,normal,15.41
case_0280,assigned_to_reviewer,2024-01-05 11:57:24.574024-05:00,,complete,new_business,normal,0.0
case_0280,review_in_progress,2024-01-05 12:25:28.100758-05:00,reviewer_002,complete,new_business,normal,46.12
case_0280,health_inspection,2024-01-11 09:00:00-05:00,inspector_002,complete,new_business,normal,46.06
case_0280,approved,2024-01-16 09:00:00-05:00,,complete,new_business,normal,0.0
case_0281,submitted,2024-01-02 09:00:00-05:00,,complete,new_business,normal,0.0
case_0281,intake_validation,2024-01-04 09:00:00-05:00,clerk_003,complete,new_business,normal,39.99
case_0281,assigned_to_reviewer,2024-01-08 09:00:00-05:00,,complete,new_business,normal,0.0
case_0281,review_in_progress,2024-01-08 09:13:52.598883-05:00,reviewer_001,complete,new_business,normal,40.69
case_0281,request_additional_info,2024-01-11 09:00:00-05:00,,complete,new_business,normal,0.0
case_0281,applicant_provided_info,2024-01-16 09:00:00-05:00,,complete,new_business,normal,0.0
case_0281,review_in_progress,2024-01-19 09:00:00-05:00,reviewer_002,complete,new_business,normal,47.42
case_0281,health_inspection,2024-01-23 15:36:20.984183-05:00,inspector_001,complete,new_business,normal,33.94
case_0281,approved,2024-01-29 09:00:00-05:00,,complete,new_business,normal,0.0
case_0282,submitted,2024-01-02 09:00:00-05:00,,complete,renewal,high,0.0
case_0282,intake_validation,2024-01-03 12:32:16.143009-05:00,clerk_002,complete,renewal,high,48.7
case_0282,assigned_to_reviewer,2024-01-08 09:00:00-05:00,,complete,renewal,high,0.0
case_0282,review_in_progress,2024-01-08 09:18:10.235329-05:00,reviewer_004,complete,renewal,high,51.4
case_0282,health_inspection,2024-01-12 09:00:00-05:00,inspector_003,complete,renewal,high,53.01
case_0282,rejected,2024-01-17 09:10:18.696047-05:00,,complete,renewal,high,0.0
case_0283,submitted,2024-01-02 09:00:00-05:00,,complete,existing_business,normal,0.0
case_0283,intake_validation,2024-01-04 09:00:00-05:00,clerk_002,complete,existing_business,normal,36.62
case_0283,assigned_to_reviewer,2024-01-08 09:00:00-05:00,,complete,existing_business,normal,0.0
case_0283,review_in_progress,2024-01-08 09:07:00.756696-05:00,reviewer_001,complete,existing_business,normal,51.83
case_0283,request_additional_info,2024-01-11 09:00:00-05:00,,complete,existing_business,normal,0.0
case_0283,applicant_provided_info,2024-01-18 09:00:00-05:00,,complete,existing_business,normal,0.0
case_0283,review_in_progress,2024-01-22 09:00:00-05:00,reviewer_001,complete,existing_business,normal,60.7
case_0283,health_inspection,2024-01-26 09:00:00-05:00,inspector_001,complete,existing_business,normal,59.31
case_0283,approved,2024-01-29 09:00:00-05:00,,complete,existing_business,normal,0.0
case_0284,submitted,2024-01-02 09:00:00-05:00,,complete,new_business,low,0.0
case_0284,intake_validation,2024-01-03 13:10:46.267031-05:00,clerk_002,complete,new_business,low,58.23
case_0284,assigned_to_reviewer,2024-01-05 14:20:38.344737-05:00,,complete,new_business,low,0.0
case_0284,review_in_progress,2024-01-05 14:27:09.293257-05:00,reviewer_004,complete,new_business,low,72.37
case_0284,health_inspection,2024-01-09 09:00:00-05:00,inspector_003,complete,new_business,low,52.97
case_0284,approved,2024-01-12 09:00:00-05:00,,complete,new_business,low,0.0
case_0285,submitted,2024-01-02 09:00:00-05:00,,complete,renewal,high,0.0
case_0285,intake_validation,2024-01-04 09:00:00-05:00,clerk_003,complete,renewal,high,57.68
case_0285,assigned_to_reviewer,2024-01-08 09:00:00-05:00,,complete,renewal,high,0.0
case_0285,review_in_progress,2024-01-08 09:15:04.601562-05:00,reviewer_003,complete,renewal,high,53.35
case_0285,health_inspection,2024-01-16 09:00:00-05:00,inspector_002,complete,renewal,high,56.94
case_0285,approved,2024-01-23 16:55:34.069083-05:00,,complete,renewal,high,0.0
case_0286,submitted,2024-01-02 09:00:00-05:00,,complete,renewal,high,0.0
case_0286,intake_validation,2024-01-04 09:00:00-05:00,clerk_001,complete,renewal,high,67.23
case_0286,assigned_to_reviewer,2024-01-05 09:00:00-05:00,,complete,renewal,high,0.0
case_0286,review_in_progress,2024-01-05 09:07:33.417179-05:00,reviewer_004,complete,renewal,high,39.04
case_0286,health_inspection,2024-01-09 09:00:00-05:00,inspector_002,complete,renewal,high,35.86
case_0286,approved,2024-01-16 09:00:00-05:00,,complete,renewal,high,0.0
case_0287,submitted,2024-01-02 09:00:00-05:00,,complete,renewal,normal,0.0
case_0287,intake_validation,2024-01-04 09:00:00-05:00,clerk_001,complete,renewal,normal,58.71
case_0287,assigned_to_reviewer,2024-01-08 09:00:00-05:00,,complete,renewal,normal,0.0
case_0287,review_in_progress,2024-01-08 09:19:42.773357-05:00,reviewer_002,complete,renewal,normal,78.62
case_0287,health_inspection,2024-01-16 09:00:00-05:00,inspector_002,complete,renewal,normal,38.16
case_0287,approved,2024-01-22 09:00:00-05:00,,complete,renewal,normal,0.0
case_0288,submitted,2024-01-02 09:00:00-05:00,,complete,renewal,normal,0.0
case_0288,intake_validation,2024-01-03 16:36:30.564784-05:00,clerk_001,complete,renewal,normal,65.96
case_0288,assigned_to_reviewer,2024-01-05 09:00:00-05:00,,complete,renewal,normal,0.0
case_0288,review_in_progress,2024-01-05 09:07:58.682656-05:00,reviewer_002,complete,renewal,normal,33.68
case_0288,health_inspection,2024-01-11 09:00:00-05:00,inspector_001,complete,renewal,normal,29.33
case_0288,approved,2024-01-16 09:00:00-05:00,,complete,renewal,normal,0.0
case_0289,submitted,2024-01-02 09:00:00-05:00,,complete,existing_business,high,0.0
case_0289,intake_validation,2024-01-03 15:35:13.737682-05:00,clerk_003,complete,existing_business,high,75.06
case_0289,rejected,2024-01-08 09:00:00-05:00,,complete,existing_business,high,0.0
case_0290,submitted,2024-01-02 09:00:00-05:00,,complete,renewal,high,0.0
case_0290,intake_validation,2024-01-04 09:00:00-05:00,clerk_002,complete,renewal,high,49.75
case_0290,assigned_to_reviewer,2024-01-08 09:00:00-05:00,,complete,renewal,high,0.0
case_0290,review_in_progress,2024-01-08 09:24:16.071174-05:00,reviewer_002,complete,renewal,high,53.6
case_0290,request_additional_info,2024-01-16 09:00:00-05:00,,complete,renewal,high,0.0
case_0290,applicant_provided_info,2024-01-22 09:00:00-05:00,,complete,renewal,high,0.0
case_0290,review_in_progress,2024-01-25 09:00:00-05:00,reviewer_002,complete,renewal,high,74.68
case_0290,request_additional_info,2024-01-29 09:00:00-05:00,,complete,renewal,high,0.0
case_0290,applicant_provided_info,2024-01-31 15:10:48.736216-05:00,,complete,renewal,high,0.0
case_0290,review_in_progress,2024-02-05 09:00:00-05:00,reviewer_003,complete,renewal,high,74.88
case_0290,request_additional_info,2024-02-07 09:41:49.355127-05:00,,complete,renewal,high,0.0
case_0290,applicant_provided_info,2024-02-12 09:00:00-05:00,,complete,renewal,high,0.0
case_0290,review_in_progress,2024-02-15 09:00:00-05:00,reviewer_004,complete,renewal,high,75.94
case_0290,health_inspection,2024-02-20 09:00:00-05:00,inspector_003,complete,renewal,high,57.65
case_0290,approved,2024-02-27 09:00:00-05:00,,complete,renewal,high,0.0
case_0291,submitted,2024-01-02 09:00:00-05:00,,complete,renewal,normal,0.0
case_0291,intake_validation,2024-01-04 09:00:00-05:00,clerk_002,complete,renewal,normal,45.93
case_0291,assigned_to_reviewer,2024-01-08 09:00:00-05:00,,complete,renewal,normal,0.0
case_0291,review_in_progress,2024-01-08 09:19:40.101617-05:00,reviewer_004,complete,renewal,normal,55.87
case_0291,request_additional_info,2024-01-12 09:00:00-05:00,,complete,renewal,normal,0.0
case_0291,applicant_provided_info,2024-01-16 09:00:00-05:00,,complete,renewal,normal,0.0
case_0291,review_in_progress,2024-01-18 10:40:04.025474-05:00,reviewer_002,complete,renewal,normal,53.89
case_0291,health_inspection,2024-01-22 11:08:48.265155-05:00,inspector_001,complete,renewal,normal,40.85
case_0291,approved,2024-01-29 09:00:00-05:00,,complete,renewal,normal,0.0
case_0292,submitted,2024-01-02 09:00:00-05:00,,complete,existing_business,normal,0.0
case_0292,intake_validation,2024-01-03 10:39:01.122401-05:00,clerk_003,complete,existing_business,normal,48.93
case_0292,assigned_to_reviewer,2024-01-04 16:53:13.420971-05:00,,complete,existing_business,normal,0.0
case_0292,review_in_progress,2024-01-05 09:00:00-05:00,reviewer_003,complete,existing_business,normal,68.52
case_0292,health_inspection,2024-01-09 09:00:00-05:00,inspector_001,complete,existing_business,normal,42.55
case_0292,approved,2024-01-11 09:00:00-05:00,,complete,existing_business,normal,0.0
case_0293,submitted,2024-01-02 09:00:00-05:00,,complete,renewal,normal,0.0
case_0293,intake_validation,2024-01-04 09:00:00-05:00,clerk_002,complete,renewal,normal,49.01
case_0293,assigned_to_reviewer,2024-01-08 09:00:00-05:00,,complete,renewal,normal,0.0
case_0293,review_in_progress,2024-01-08 09:23:04.773024-05:00,reviewer_003,complete,renewal,normal,37.68
case_0293,health_inspection,2024-01-16 09:00:00-05:00,inspector_003,complete,renewal,normal,48.26
case_0293,approved,2024-01-23 09:00:00-05:00,,complete,renewal,normal,0.0
case_0294,submitted,2024-01-02 09:00:00-05:00,,complete,new_business,high,0.0
case_0294,intake_validation,2024-01-04 09:00:00-05:00,clerk_002,complete,new_business,high,33.49
case_0294,assigned_to_reviewer,2024-01-08 09:00:00-05:00,,complete,new_business,high,0.0
case_0294,review_in_progress,2024-01-08 09:23:20.269520-05:00,reviewer_002,complete,new_business,high,69.01
case_0294,health_inspection,2024-01-16 09:00:00-05:00,inspector_003,complete,new_business,high,49.09
case_0294,approved,2024-01-19 09:00:00-05:00,,complete,new_business,high,0.0
case_0295,submitted,2024-01-02 09:00:00-05:00,,complete,new_business,normal,0.0
case_0295,intake_validation,2024-01-04 09:00:00-05:00,clerk_002,complete,new_business,normal,49.25
case_0295,assigned_to_reviewer,2024-01-08 09:00:00-05:00,,complete,new_business,normal,0.0
case_0295,review_in_progress,2024-01-08 09:28:00.677245-05:00,reviewer_004,complete,new_business,normal,20.49
case_0295,health_inspection,2024-01-12 09:00:00-05:00,inspector_001,complete,new_business,normal,57.84
case_0295,approved,2024-01-18 09:00:00-05:00,,complete,new_business,normal,0.0
case_0296,submitted,2024-01-02 09:00:00-05:00,,complete,new_business,low,0.0
case_0296,intake_validation,2024-01-04 09:00:00-05:00,clerk_001,complete,new_business,low,47.45
case_0296,assigned_to_reviewer,2024-01-08 09:00:00-05:00,,complete,new_business,low,0.0
case_0296,review_in_progress,2024-01-08 09:14:35.645265-05:00,reviewer_001,complete,new_business,low,45.25
case_0296,request_additional_info,2024-01-11 09:00:00-05:00,,complete,new_business,low,0.0
case_0296,applicant_provided_info,2024-01-16 09:00:00-05:00,,complete,new_business,low,0.0
case_0296,review_in_progress,2024-01-19 09:00:00-05:00,reviewer_002,complete,new_business,low,40.67
case_0296,request_additional_info,2024-01-22 09:00:00-05:00,,complete,new_business,low,0.0
case_0296,withdrawn,2024-01-29 09:00:00-05:00,,complete,new_business,low,0.0
case_0297,submitted,2024-01-02 09:00:00-05:00,,complete,new_business,normal,0.0
case_0297,intake_validation,2024-01-04 09:00:00-05:00,clerk_002,complete,new_business,normal,57.93
case_0297,assigned_to_reviewer,2024-01-08 09:00:00-05:00,,complete,new_business,normal,0.0
case_0297,review_in_progress,2024-01-08 09:25:55.848960-05:00,reviewer_001,complete,new_business,normal,70.85
case_0297,health_inspection,2024-01-10 13:50:32.486507-05:00,inspector_002,complete,new_business,normal,53.79
case_0297,approved,2024-01-16 09:00:00-05:00,,complete,new_business,normal,0.0
case_0298,submitted,2024-01-02 09:00:00-05:00,,complete,new_business,normal,0.0
case_0298,intake_validation,2024-01-04 09:00:00-05:00,clerk_002,complete,new_business,normal,59.49
case_0298,assigned_to_reviewer,2024-01-08 09:00:00-05:00,,complete,new_business,normal,0.0
case_0298,review_in_progress,2024-01-08 09:21:35.920794-05:00,reviewer_001,complete,new_business,normal,52.49
case_0298,health_inspection,2024-01-11 09:00:00-05:00,inspector_002,complete,new_business,normal,62.46
case_0298,approved,2024-01-22 09:00:00-05:00,,complete,new_business,normal,0.0
case_0299,submitted,2024-01-02 09:00:00-05:00,,complete,renewal,normal,0.0
case_0299,intake_validation,2024-01-04 09:00:00-05:00,clerk_003,complete,renewal,normal,45.33
case_0299,assigned_to_reviewer,2024-01-08 09:00:00-05:00,,complete,renewal,normal,0.0
case_0299,review_in_progress,2024-01-08 09:26:26.238066-05:00,reviewer_002,complete,renewal,normal,37.36
case_0299,health_inspection,2024-01-16 09:00:00-05:00,inspector_002,complete,renewal,normal,52.2
case_0299,approved,2024-01-25 09:00:00-05:00,,complete,renewal,normal,0.0
case_0300,submitted,2024-01-02 09:00:00-05:00,,complete,renewal,normal,0.0
case_0300,intake_validation,2024-01-04 09:00:00-05:00,clerk_001,complete,renewal,normal,69.84
case_0300,assigned_to_reviewer,2024-01-08 09:00:00-05:00,,complete,renewal,normal,0.0
case_0300,review_in_progress,2024-01-08 09:10:54.314875-05:00,reviewer_004,complete,renewal,normal,20.44
case_0300,health_inspection,2024-01-16 09:00:00-05:00,inspector_002,complete,renewal,normal,29.06
case_0300,rejected,2024-01-23 14:55:36.240295-05:00,,complete,renewal,normal,0.0
case_0301,submitted,2024-01-02 09:00:00-05:00,,complete,new_business,normal,0.0
case_0301,intake_validation,2024-01-04 09:00:00-05:00,clerk_001,complete,new_business,normal,18.33
case_0301,assigned_to_reviewer,2024-01-08 09:00:00-05:00,,complete,new_business,normal,0.0
case_0301,review_in_progress,2024-01-08 09:23:16.083196-05:00,reviewer_002,complete,new_business,normal,42.01
case_0301,health_inspection,2024-01-12 10:42:43.139097-05:00,inspector_003,complete,new_business,normal,58.87
case_0301,approved,2024-01-17 09:00:00-05:00,,complete,new_business,normal,0.0
case_0302,submitted,2024-01-02 09:00:00-05:00,,complete,renewal,normal,0.0
case_0302,intake_validation,2024-01-04 09:00:00-05:00,clerk_001,complete,renewal,normal,54.18
case_0302,assigned_to_reviewer,2024-01-08 09:00:00-05:00,,complete,renewal,normal,0.0
case_0302,review_in_progress,2024-01-08 09:11:52.691940-05:00,reviewer_002,complete,renewal,normal,46.4
case_0302,request_additional_info,2024-01-16 09:00:00-05:00,,complete,renewal,normal,0.0
case_0302,withdrawn,2024-01-18 09:00:00-05:00,,complete,renewal,normal,0.0
case_0303,submitted,2024-01-02 09:00:00-05:00,,complete,existing_business,low,0.0
case_0303,intake_validation,2024-01-04 09:00:00-05:00,clerk_003,complete,existing_business,low,65.96
case_0303,rejected,2024-01-08 09:00:00-05:00,,complete,existing_business,low,0.0
case_0304,submitted,2024-01-02 09:00:00-05:00,,complete,renewal,high,0.0
case_0304,intake_validation,2024-01-04 09:00:00-05:00,clerk_001,complete,renewal,high,48.31
case_0304,assigned_to_reviewer,2024-01-08 09:00:00-05:00,,complete,renewal,high,0.0
case_0304,review_in_progress,2024-01-08 09:20:32.676514-05:00,reviewer_001,complete,renewal,high,38.55
case_0304,health_inspection,2024-01-10 16:36:58.728390-05:00,inspector_001,complete,renewal,high,25.89
case_0304,rejected,2024-01-16 09:00:00-05:00,,complete,renewal,high,0.0
case_0305,submitted,2024-01-02 09:00:00-05:00,,complete,existing_business,normal,0.0
case_0305,intake_validation,2024-01-04 09:00:00-05:00,clerk_002,complete,existing_business,normal,49.89
case_0305,assigned_to_reviewer,2024-01-08 09:00:00-05:00,,complete,existing_business,normal,0.0
case_0305,review_in_progress,2024-01-08 09:19:34.476373-05:00,reviewer_002,complete,existing_business,normal,48.9
case_0305,health_inspection,2024-01-16 09:00:00-05:00,inspector_002,complete,existing_business,normal,83.14
case_0305,rejected,2024-01-23 09:00:00-05:00,,complete,existing_business,normal,0.0
case_0306,submitted,2024-01-02 09:00:00-05:00,,complete,new_business,normal,0.0
case_0306,intake_validation,2024-01-04 09:00:00-05:00,clerk_002,complete,new_business,normal,43.0
case_0306,assigned_to_reviewer,2024-01-08 09:00:00-05:00,,complete,new_business,normal,0.0
case_0306,review_in_progress,2024-01-08 09:12:06.174770-05:00,reviewer_004,complete,new_business,normal,29.57
case_0306,request_additional_info,2024-01-16 09:00:00-05:00,,complete,new_business,normal,0.0
case_0306,withdrawn,2024-01-22 09:00:00-05:00,,complete,new_business,normal,0.0
case_0307,submitted,2024-01-02 09:00:00-05:00,,complete,renewal,normal,0.0
case_0307,intake_validation,2024-01-04 09:00:00-05:00,clerk_002,complete,renewal,normal,55.5
case_0307,assigned_to_reviewer,2024-01-08 09:00:00-05:00,,complete,renewal,normal,0.0
case_0307,review_in_progress,2024-01-08 09:15:11.215599-05:00,reviewer_002,complete,renewal,normal,39.95
case_0307,health_inspection,2024-01-16 09:00:00-05:00,inspector_002,complete,renewal,normal,52.3
case_0307,rejected,2024-01-19 09:00:00-05:00,,complete,renewal,normal,0.0
case_0308,submitted,2024-01-02 09:00:00-05:00,,complete,renewal,normal,0.0
case_0308,intake_validation,2024-01-04 09:00:00-05:00,clerk_001,complete,renewal,normal,36.41
case_0308,assigned_to_reviewer,2024-01-08 09:00:00-05:00,,complete,renewal,normal,0.0
case_0308,review_in_progress,2024-01-08 09:23:35.580820-05:00,reviewer_002,complete,renewal,normal,47.16
case_0308,health_inspection,2024-01-12 14:16:59.749549-05:00,inspector_003,complete,renewal,normal,40.45
case_0308,approved,2024-01-16 09:00:00-05:00,,complete,renewal,normal,0.0
case_0309,submitted,2024-01-02 09:00:00-05:00,,complete,renewal,normal,0.0
case_0309,intake_validation,2024-01-04 09:00:00-05:00,clerk_002,complete,renewal,normal,56.12
case_0309,assigned_to_reviewer,2024-01-08 09:00:00-05:00,,complete,renewal,normal,0.0
case_0309,review_in_progress,2024-01-08 09:14:12.698762-05:00,reviewer_002,complete,renewal,normal,43.35
case_0309,health_inspection,2024-01-16 09:00:00-05:00,inspector_003,complete,renewal,normal,69.8
case_0309,approved,2024-01-23 09:00:00-05:00,,complete,renewal,normal,0.0
case_0310,submitted,2024-01-02 09:00:00-05:00,,complete,renewal,normal,0.0
case_0310,intake_validation,2024-01-04 09:00:00-05:00,clerk_002,complete,renewal,normal,50.9
case_0310,assigned_to_reviewer,2024-01-08 09:00:00-05:00,,complete,renewal,normal,0.0
case_0310,review_in_progress,2024-01-08 09:27:21.819162-05:00,reviewer_004,complete,renewal,normal,70.68
case_0310,health_inspection,2024-01-11 12:53:54.809130-05:00,inspector_001,complete,renewal,normal,41.96
case_0310,approved,2024-01-16 09:00:00-05:00,,complete,renewal,normal,0.0
case_0311,submitted,2024-01-02 09:00:00-05:00,,complete,new_business,high,0.0
case_0311,intake_validation,2024-01-04 09:00:00-05:00,clerk_001,complete,new_business,high,41.36
case_0311,assigned_to_reviewer,2024-01-08 09:00:00-05:00,,complete,new_business,high,0.0
case_0311,review_in_progress,2024-01-08 09:17:24.287176-05:00,reviewer_001,complete,new_business,high,23.83
case_0311,request_additional_info,2024-01-12 09:00:00-05:00,,complete,new_business,high,0.0
case_0311,applicant_provided_info,2024-01-16 09:00:00-05:00,,complete,new_business,high,0.0
case_0311,review_in_progress,2024-01-18 10:05:53.170089-05:00,reviewer_002,complete,new_business,high,30.75
case_0311,health_inspection,2024-01-23 09:00:00-05:00,inspector_002,complete,new_business,high,57.03
case_0311,rejected,2024-02-01 09:00:00-05:00,,complete,new_business,high,0.0
case_0312,submitted,2024-01-02 09:00:00-05:00,,complete,renewal,high,0.0
case_0312,intake_validation,2024-01-03 16:03:09.760885-05:00,clerk_001,complete,renewal,high,30.62
case_0312,assigned_to_reviewer,2024-01-08 09:00:00-05:00,,complete,renewal,high,0.0
case_0312,review_in_progress,2024-01-08 09:25:07.421895-05:00,reviewer_003,complete,renewal,high,47.54
case_0312,health_inspection,2024-01-12 09:00:00-05:00,inspector_002,complete,renewal,high,66.52
case_0312,approved,2024-01-16 09:00:00-05:00,,complete,renewal,high,0.0
case_0313,submitted,2024-01-02 09:00:00-05:00,,complete,existing_business,low,0.0
case_0313,intake_validation,2024-01-04 09:00:00-05:00,clerk_003,complete,existing_business,low,64.69
case_0313,assigned_to_reviewer,2024-01-08 09:00:00-05:00,,complete,existing_business,low,0.0
case_0313,review_in_progress,2024-01-08 09:12:10.985101-05:00,reviewer_004,complete,existing_business,low,55.8
case_0313,health_inspection,2024-01-12 12:37:40.361948-05:00,inspector_002,complete,existing_business,low,55.66
case_0313,approved,2024-01-22 09:00:00-05:00,,complete,existing_business,low,0.0
case_0314,submitted,2024-01-02 09:00:00-05:00,,complete,new_business,normal,0.0
case_0314,intake_validation,2024-01-04 09:00:00-05:00,clerk_002,complete,new_business,normal,37.91
case_0314,assigned_to_reviewer,2024-01-08 09:00:00-05:00,,complete,new_business,normal,0.0
case_0314,review_in_progress,2024-01-08 09:08:46.593550-05:00,reviewer_001,complete,new_business,normal,34.99
case_0314,request_additional_info,2024-01-11 11:10:20.995624-05:00,,complete,new_business,normal,0.0
case_0314,applicant_provided_info,2024-01-16 09:00:00-05:00,,complete,new_business,normal,0.0
case_0314,review_in_progress,2024-01-19 09:00:00-05:00,reviewer_003,complete,new_business,normal,55.36
case_0314,health_inspection,2024-01-23 09:00:00-05:00,inspector_001,complete,new_business,normal,50.06
case_0314,approved,2024-01-26 09:00:00-05:00,,complete,new_business,normal,0.0
case_0315,submitted,2024-01-02 09:00:00-05:00,,complete,new_business,normal,0.0
case_0315,intake_validation,2024-01-04 09:00:00-05:00,clerk_002,complete,new_business,normal,72.05
case_0315,assigned_to_reviewer,2024-01-08 09:00:00-05:00,,complete,new_business,normal,0.0
case_0315,review_in_progress,2024-01-08 09:20:26.110196-05:00,reviewer_003,complete,new_business,normal,78.32
case_0315,request_additional_info,2024-01-16 09:00:00-05:00,,complete,new_business,normal,0.0
case_0315,withdrawn,2024-01-19 09:00:00-05:00,,complete,new_business,normal,0.0
case_0316,submitted,2024-01-02 09:00:00-05:00,,complete,renewal,high,0.0
case_0316,intake_validation,2024-01-04 09:00:00-05:00,clerk_002,complete,renewal,high,45.86
case_0316,assigned_to_reviewer,2024-01-08 09:00:00-05:00,,complete,renewal,high,0.0
case_0316,review_in_progress,2024-01-08 09:11:03.282843-05:00,reviewer_004,complete,renewal,high,36.02
case_0316,request_additional_info,2024-01-12 11:46:03.288961-05:00,,complete,renewal,high,0.0
case_0316,applicant_provided_info,2024-01-16 09:00:00-05:00,,complete,renewal,high,0.0
case_0316,review_in_progress,2024-01-19 09:00:00-05:00,reviewer_003,complete,renewal,high,76.73
case_0316,request_additional_info,2024-01-23 09:00:00-05:00,,complete,renewal,high,0.0
case_0316,applicant_provided_info,2024-01-30 09:00:00-05:00,,complete,renewal,high,0.0
case_0316,review_in_progress,2024-02-02 09:00:00-05:00,reviewer_002,complete,renewal,high,12.47
case_0316,request_additional_info,2024-02-07 09:38:15.507871-05:00,,complete,renewal,high,0.0
case_0316,applicant_provided_info,2024-02-12 09:00:00-05:00,,complete,renewal,high,0.0
case_0316,review_in_progress,2024-02-15 09:00:00-05:00,reviewer_004,complete,renewal,high,63.84
case_0316,health_inspection,2024-02-20 09:00:00-05:00,inspector_002,complete,renewal,high,30.9
case_0316,approved,2024-02-26 09:00:00-05:00,,complete,renewal,high,0.0
case_0317,submitted,2024-01-02 09:00:00-05:00,,complete,new_business,normal,0.0
case_0317,intake_validation,2024-01-04 09:00:00-05:00,clerk_002,complete,new_business,normal,58.46
case_0317,assigned_to_reviewer,2024-01-08 09:00:00-05:00,,complete,new_business,normal,0.0
case_0317,review_in_progress,2024-01-08 09:28:13.418885-05:00,reviewer_004,complete,new_business,normal,49.39
case_0317,health_inspection,2024-01-11 09:00:00-05:00,inspector_002,complete,new_business,normal,16.96
case_0317,approved,2024-01-17 12:08:34.463819-05:00,,complete,new_business,normal,0.0
case_0318,submitted,2024-01-02 09:00:00-05:00,,complete,existing_business,normal,0.0
case_0318,intake_validation,2024-01-04 09:00:00-05:00,clerk_002,complete,existing_business,normal,28.03
case_0318,assigned_to_reviewer,2024-01-08 09:00:00-05:00,,complete,existing_business,normal,0.0
case_0318,review_in_progress,2024-01-08 09:24:39.932368-05:00,reviewer_003,complete,existing_business,normal,46.56
case_0318,health_inspection,2024-01-11 11:51:30.068470-05:00,inspector_002,complete,existing_business,normal,71.56
case_0318,approved,2024-01-18 09:00:00-05:00,,complete,existing_business,normal,0.0
case_0319,submitted,2024-01-02 09:00:00-05:00,,complete,new_business,normal,0.0
case_0319,intake_validation,2024-01-04 09:00:00-05:00,clerk_001,complete,new_business,normal,28.53
case_0319,assigned_to_reviewer,2024-01-08 09:00:00-05:00,,complete,new_business,normal,0.0
case_0319,review_in_progress,2024-01-08 09:07:31.437554-05:00,reviewer_004,complete,new_business,normal,52.14
case_0319,health_inspection,2024-01-11 09:00:00-05:00,inspector_002,complete,new_business,normal,23.28
case_0319,approved,2024-01-16 11:53:27.175201-05:00,,complete,new_business,normal,0.0
case_0320,submitted,2024-01-02 09:00:00-05:00,,complete,new_business,normal,0.0
case_0320,intake_validation,2024-01-04 09:00:00-05:00,clerk_003,complete,new_business,normal,43.78
case_0320,assigned_to_reviewer,2024-01-08 09:00:00-05:00,,complete,new_business,normal,0.0
case_0320,review_in_progress,2024-01-08 09:19:18.799347-05:00,reviewer_001,complete,new_business,normal,57.03
case_0320,request_additional_info,2024-01-10 09:00:00-05:00,,complete,new_business,normal,0.0
case_0320,withdrawn,2024-01-11 14:02:26.736901-05:00,,complete,new_business,normal,0.0
case_0321,submitted,2024-01-02 09:00:00-05:00,,complete,existing_business,normal,0.0
case_0321,intake_validation,2024-01-04 09:00:00-05:00,clerk_001,complete,existing_business,normal,57.38
case_0321,assigned_to_reviewer,2024-01-08 09:00:00-05:00,,complete,existing_business,normal,0.0
case_0321,review_in_progress,2024-01-08 09:24:47.234627-05:00,reviewer_002,complete,existing_business,normal,29.54
case_0321,health_inspection,2024-01-16 09:00:00-05:00,inspector_002,complete,existing_business,normal,39.24
case_0321,approved,2024-01-19 09:00:00-05:00,,complete,existing_business,normal,0.0
case_0322,submitted,2024-01-02 09:00:00-05:00,,complete,new_business,low,0.0
case_0322,intake_validation,2024-01-04 09:00:00-05:00,clerk_002,complete,new_business,low,53.0
case_0322,assigned_to_reviewer,2024-01-08 09:00:00-05:00,,complete,new_business,low,0.0
case_0322,review_in_progress,2024-01-08 09:12:07.153014-05:00,reviewer_004,complete,new_business,low,63.83
case_0322,health_inspection,2024-01-11 14:38:41.850281-05:00,inspector_002,complete,new_business,low,43.65
case_0322,rejected,2024-01-16 09:00:00-05:00,,complete,new_business,low,0.0
case_0323,submitted,2024-01-02 09:00:00-05:00,,complete,new_business,low,0.0
case_0323,intake_validation,2024-01-04 09:00:00-05:00,clerk_002,complete,new_business,low,32.53
case_0323,assigned_to_reviewer,2024-01-08 09:00:00-05:00,,complete,new_business,low,0.0
case_0323,review_in_progress,2024-01-08 09:16:24.423069-05:00,reviewer_003,complete,new_business,low,56.84
case_0323,health_inspection,2024-01-11 09:00:00-05:00,inspector_002,complete,new_business,low,53.62
case_0323,approved,2024-01-16 09:00:00-05:00,,complete,new_business,low,0.0
case_0324,submitted,2024-01-02 09:00:00-05:00,,complete,new_business,normal,0.0
case_0324,intake_validation,2024-01-04 09:00:00-05:00,clerk_002,complete,new_business,normal,77.02
case_0324,assigned_to_reviewer,2024-01-08 09:00:00-05:00,,complete,new_business,normal,0.0
case_0324,review_in_progress,2024-01-08 09:25:42.734279-05:00,reviewer_003,complete,new_business,normal,70.96
case_0324,health_inspection,2024-01-12 11:51:40.809143-05:00,inspector_002,complete,new_business,normal,57.31
case_0324,approved,2024-01-22 09:00:00-05:00,,complete,new_business,normal,0.0
case_0325,submitted,2024-01-02 09:00:00-05:00,,complete,existing_business,high,0.0
case_0325,intake_validation,2024-01-04 09:00:00-05:00,clerk_002,complete,existing_business,high,44.45
case_0325,assigned_to_reviewer,2024-01-05 15:49:44.147527-05:00,,complete,existing_business,high,0.0
case_0325,review_in_progress,2024-01-05 15:59:28.054974-05:00,reviewer_002,complete,existing_business,high,49.55
case_0325,request_additional_info,2024-01-12 14:56:47.565371-05:00,,complete,existing_business,high,0.0
case_0325,applicant_provided_info,2024-01-16 09:00:00-05:00,,complete,existing_business,high,0.0
case_0325,review_in_progress,2024-01-19 09:00:00-05:00,reviewer_004,complete,existing_business,high,45.08
case_0325,health_inspection,2024-01-24 09:00:00-05:00,inspector_002,complete,existing_business,high,78.92
case_0325,rejected,2024-02-01 09:00:00-05:00,,complete,existing_business,high,0.0
case_0326,submitted,2024-01-02 09:00:00-05:00,,complete,new_business,normal,0.0
case_0326,intake_validation,2024-01-03 11:09:48.147262-05:00,clerk_002,complete,new_business,normal,38.9
case_0326,assigned_to_reviewer,2024-01-08 09:00:00-05:00,,complete,new_business,normal,0.0
case_0326,review_in_progress,2024-01-08 09:23:50.509618-05:00,reviewer_002,complete,new_business,normal,77.03
case_0326,request_additional_info,2024-01-16 09:00:00-05:00,,complete,new_business,normal,0.0
case_0326,applicant_provided_info,2024-01-22 09:00:00-05:00,,complete,new_business,normal,0.0
case_0326,review_in_progress,2024-01-25 09:00:00-05:00,reviewer_003,complete,new_business,normal,22.75
case_0326,request_additional_info,2024-01-29 09:00:00-05:00,,complete,new_business,normal,0.0
case_0326,applicant_provided_info,2024-02-05 09:00:00-05:00,,complete,new_business,normal,0.0
case_0326,review_in_progress,2024-02-08 09:00:00-05:00,reviewer_002,complete,new_business,normal,47.45
case_0326,health_inspection,2024-02-15 14:02:40.611412-05:00,inspector_002,complete,new_business,normal,13.26
case_0326,approved,2024-02-22 09:00:00-05:00,,complete,new_business,normal,0.0
case_0327,submitted,2024-01-02 09:00:00-05:00,,complete,new_business,normal,0.0
case_0327,intake_validation,2024-01-03 10:48:10.573118-05:00,clerk_002,complete,new_business,normal,65.03
case_0327,assigned_to_reviewer,2024-01-05 11:30:49.963979-05:00,,complete,new_business,normal,0.0
case_0327,review_in_progress,2024-01-05 11:58:46.189031-05:00,reviewer_003,complete,new_business,normal,45.37
case_0327,health_inspection,2024-01-10 09:00:00-05:00,inspector_001,complete,new_business,normal,55.65
case_0327,approved,2024-01-16 09:00:00-05:00,,complete,new_business,normal,0.0
case_0328,submitted,2024-01-02 09:00:00-05:00,,complete,renewal,normal,0.0
case_0328,intake_validation,2024-01-03 09:51:01.076576-05:00,clerk_002,complete,renewal,normal,73.89
case_0328,assigned_to_reviewer,2024-01-05 16:18:39.431953-05:00,,complete,renewal,normal,0.0
case_0328,review_in_progress,2024-01-05 16:32:32.546547-05:00,reviewer_001,complete,renewal,normal,57.43
case_0328,health_inspection,2024-01-08 09:00:00-05:00,inspector_001,complete,renewal,normal,43.87
case_0328,approved,2024-01-12 09:00:00-05:00,,complete,renewal,normal,0.0
case_0329,submitted,2024-01-02 09:00:00-05:00,,complete,existing_business,low,0.0
case_0329,intake_validation,2024-01-03 14:25:34.628122-05:00,clerk_001,complete,existing_business,low,41.43
case_0329,assigned_to_reviewer,2024-01-05 14:49:07.784639-05:00,,complete,existing_business,low,0.0
case_0329,review_in_progress,2024-01-05 15:15:16.459383-05:00,reviewer_002,complete,existing_business,low,54.14
case_0329,request_additional_info,2024-01-10 09:00:00-05:00,,complete,existing_business,low,0.0
case_0329,applicant_provided_info,2024-01-12 13:34:44.057949-05:00,,complete,existing_business,low,0.0
case_0329,review_in_progress,2024-01-16 09:00:00-05:00,reviewer_004,complete,existing_business,low,57.21
case_0329,request_additional_info,2024-01-19 09:00:00-05:00,,complete,existing_business,low,0.0
case_0329,applicant_provided_info,2024-01-22 09:00:00-05:00,,complete,existing_business,low,0.0
case_0329,review_in_progress,2024-01-25 09:00:00-05:00,reviewer_003,complete,existing_business,low,44.83
case_0329,request_additional_info,2024-01-29 09:00:00-05:00,,complete,existing_business,low,0.0
case_0329,withdrawn,2024-02-02 09:16:03.489189-05:00,,complete,existing_business,low,0.0
case_0330,submitted,2024-01-02 09:00:00-05:00,,complete,new_business,normal,0.0
case_0330,intake_validation,2024-01-03 11:35:20.796142-05:00,clerk_001,complete,new_business,normal,24.38
case_0330,assigned_to_reviewer,2024-01-04 16:22:30.694935-05:00,,complete,new_business,normal,0.0
case_0330,review_in_progress,2024-01-04 16:51:56.766414-05:00,reviewer_002,complete,new_business,normal,50.0
case_0330,request_additional_info,2024-01-08 16:42:05.611656-05:00,,complete,new_business,normal,0.0
case_0330,applicant_provided_info,2024-01-11 09:00:00-05:00,,complete,new_business,normal,0.0
case_0330,review_in_progress,2024-01-16 09:00:00-05:00,reviewer_004,complete,new_business,normal,81.68
case_0330,health_inspection,2024-01-19 14:01:56.205091-05:00,inspector_003,complete,new_business,normal,13.69
case_0330,approved,2024-01-25 10:39:55.564734-05:00,,complete,new_business,normal,0.0
case_0331,submitted,2024-01-02 09:00:00-05:00,,complete,existing_business,high,0.0
case_0331,intake_validation,2024-01-04 09:00:00-05:00,clerk_001,complete,existing_business,high,94.4
case_0331,assigned_to_reviewer,2024-01-08 09:00:00-05:00,,complete,existing_business,high,0.0
case_0331,review_in_progress,2024-01-08 09:08:10.947020-05:00,reviewer_002,complete,existing_business,high,60.92
case_0331,health_inspection,2024-01-12 16:27:23.985043-05:00,inspector_002,complete,existing_business,high,32.24
case_0331,approved,2024-01-19 09:00:00-05:00,,complete,existing_business,high,0.0
case_0332,submitted,2024-01-02 09:00:00-05:00,,complete,existing_business,normal,0.0
case_0332,intake_validation,2024-01-03 16:40:34.252457-05:00,clerk_001,complete,existing_business,normal,52.33
case_0332,assigned_to_reviewer,2024-01-04 14:23:48.919673-05:00,,complete,existing_business,normal,0.0
case_0332,review_in_progress,2024-01-04 14:41:08.683429-05:00,reviewer_001,complete,existing_business,normal,64.54
case_0332,health_inspection,2024-01-08 09:00:00-05:00,inspector_001,complete,existing_business,normal,83.5
case_0332,approved,2024-01-12 12:50:59.230986-05:00,,complete,existing_business,normal,0.0
case_0333,submitted,2024-01-02 09:00:00-05:00,,complete,renewal,normal,0.0
case_0333,intake_validation,2024-01-04 09:00:00-05:00,clerk_002,complete,renewal,normal,53.67
case_0333,assigned_to_reviewer,2024-01-08 09:00:00-05:00,,complete,renewal,normal,0.0
case_0333,review_in_progress,2024-01-08 09:08:53.310260-05:00,reviewer_004,complete,renewal,normal,64.3
case_0333,request_additional_info,2024-01-12 11:17:43.432377-05:00,,complete,renewal,normal,0.0
case_0333,applicant_provided_info,2024-01-19 09:00:00-05:00,,complete,renewal,normal,0.0
case_0333,review_in_progress,2024-01-22 09:00:00-05:00,reviewer_003,complete,renewal,normal,60.06
case_0333,health_inspection,2024-01-26 12:53:43.445617-05:00,inspector_002,complete,renewal,normal,49.34
case_0333,rejected,2024-01-30 09:00:00-05:00,,complete,renewal,normal,0.0
case_0334,submitted,2024-01-02 09:00:00-05:00,,complete,renewal,high,0.0
case_0334,intake_validation,2024-01-04 09:00:00-05:00,clerk_003,complete,renewal,high,64.24
case_0334,rejected,2024-01-08 09:00:00-05:00,,complete,renewal,high,0.0
case_0335,submitted,2024-01-02 09:00:00-05:00,,complete,new_business,normal,0.0
case_0335,intake_validation,2024-01-03 10:05:26.467509-05:00,clerk_003,complete,new_business,normal,56.45
case_0335,assigned_to_reviewer,2024-01-08 09:00:00-05:00,,complete,new_business,normal,0.0
case_0335,review_in_progress,2024-01-08 09:22:25.959762-05:00,reviewer_004,complete,new_business,normal,62.66
case_0335,health_inspection,2024-01-12 09:00:00-05:00,inspector_001,complete,new_business,normal,71.56
case_0335,approved,2024-01-16 09:00:00-05:00,,complete,new_business,normal,0.0
case_0336,submitted,2024-01-02 09:00:00-05:00,,complete,renewal,high,0.0
case_0336,intake_validation,2024-01-04 09:00:00-05:00,clerk_002,complete,renewal,high,46.51
case_0336,assigned_to_reviewer,2024-01-08 09:00:00-05:00,,complete,renewal,high,0.0
case_0336,review_in_progress,2024-01-08 09:07:05.681951-05:00,reviewer_001,complete,renewal,high,59.99
case_0336,request_additional_info,2024-01-10 09:00:00-05:00,,complete,renewal,high,0.0
case_0336,applicant_provided_info,2024-01-16 09:00:00-05:00,,complete,renewal,high,0.0
case_0336,review_in_progress,2024-01-19 09:00:00-05:00,reviewer_004,complete,renewal,high,49.22
case_0336,health_inspection,2024-01-23 09:00:00-05:00,inspector_001,complete,renewal,high,49.83
case_0336,approved,2024-01-29 09:00:00-05:00,,complete,renewal,high,0.0
case_0337,submitted,2024-01-02 09:00:00-05:00,,complete,new_business,normal,0.0
case_0337,intake_validation,2024-01-03 10:22:27.560451-05:00,clerk_003,complete,new_business,normal,57.46
case_0337,assigned_to_reviewer,2024-01-05 09:00:00-05:00,,complete,new_business,normal,0.0
case_0337,review_in_progress,2024-01-05 09:29:29.417838-05:00,reviewer_004,complete,new_business,normal,88.16
case_0337,health_inspection,2024-01-08 09:00:00-05:00,inspector_002,complete,new_business,normal,64.57
case_0337,approved,2024-01-16 09:00:00-05:00,,complete,new_business,normal,0.0
case_0338,submitted,2024-01-02 09:00:00-05:00,,complete,renewal,normal,0.0
case_0338,intake_validation,2024-01-04 09:00:00-05:00,clerk_001,complete,renewal,normal,34.49
case_0338,assigned_to_reviewer,2024-01-08 09:00:00-05:00,,complete,renewal,normal,0.0
case_0338,review_in_progress,2024-01-08 09:08:14.915129-05:00,reviewer_001,complete,renewal,normal,56.3
case_0338,request_additional_info,2024-01-11 09:00:00-05:00,,complete,renewal,normal,0.0
case_0338,applicant_provided_info,2024-01-12 12:01:50.922342-05:00,,complete,renewal,normal,0.0
case_0338,review_in_progress,2024-01-16 09:00:00-05:00,reviewer_003,complete,renewal,normal,42.61
case_0338,health_inspection,2024-01-18 14:00:02.507821-05:00,inspector_003,complete,renewal,normal,56.78
case_0338,approved,2024-01-23 09:00:00-05:00,,complete,renewal,normal,0.0
case_0339,submitted,2024-01-02 09:00:00-05:00,,complete,new_business,normal,0.0
case_0339,intake_validation,2024-01-04 09:00:00-05:00,clerk_002,complete,new_business,normal,48.72
case_0339,assigned_to_reviewer,2024-01-05 13:57:17.640208-05:00,,complete,new_business,normal,0.0
case_0339,review_in_progress,2024-01-05 14:06:43.035480-05:00,reviewer_001,complete,new_business,normal,86.88
case_0339,health_inspection,2024-01-08 09:00:00-05:00,inspector_003,complete,new_business,normal,42.09
case_0339,approved,2024-01-10 14:08:03.539308-05:00,,complete,new_business,normal,0.0
case_0340,submitted,2024-01-02 09:00:00-05:00,,complete,new_business,low,0.0
case_0340,intake_validation,2024-01-03 12:42:29.951162-05:00,clerk_002,complete,new_business,low,44.65
case_0340,assigned_to_reviewer,2024-01-08 09:00:00-05:00,,complete,new_business,low,0.0
case_0340,review_in_progress,2024-01-08 09:18:16.621079-05:00,reviewer_001,complete,new_business,low,44.48
case_0340,health_inspection,2024-01-11 13:05:24.553517-05:00,inspector_001,complete,new_business,low,43.99
case_0340,rejected,2024-01-17 09:00:00-05:00,,complete,new_business,low,0.0
case_0341,submitted,2024-01-02 09:00:00-05:00,,complete,new_business,low,0.0
case_0341,intake_validation,2024-01-03 11:38:35.720488-05:00,clerk_003,complete,new_business,low,41.11
case_0341,assigned_to_reviewer,2024-01-05 09:00:00-05:00,,complete,new_business,low,0.0
case_0341,review_in_progress,2024-01-05 09:28:09.580235-05:00,reviewer_004,complete,new_business,low,42.56
case_0341,request_additional_info,2024-01-09 10:10:20.310876-05:00,,complete,new_business,low,0.0
case_0341,applicant_provided_info,2024-01-11 09:00:00-05:00,,complete,new_business,low,0.0
case_0341,review_in_progress,2024-01-16 09:00:00-05:00,reviewer_002,complete,new_business,low,44.27
case_0341,request_additional_info,2024-01-22 09:00:00-05:00,,complete,new_business,low,0.0
case_0341,applicant_provided_info,2024-01-29 09:00:00-05:00,,complete,new_business,low,0.0
case_0341,review_in_progress,2024-02-01 09:00:00-05:00,reviewer_001,complete,new_business,low,57.77
case_0341,health_inspection,2024-02-05 09:00:00-05:00,inspector_003,complete,new_business,low,46.53
case_0341,approved,2024-02-12 09:00:00-05:00,,complete,new_business,low,0.0
case_0342,submitted,2024-01-02 09:00:00-05:00,,complete,new_business,high,0.0
case_0342,intake_validation,2024-01-03 11:10:14.622396-05:00,clerk_001,complete,new_business,high,40.13
case_0342,assigned_to_reviewer,2024-01-05 09:00:00-05:00,,complete,new_business,high,0.0
case_0342,review_in_progress,2024-01-05 09:25:02.642290-05:00,reviewer_004,complete,new_business,high,58.7
case_0342,health_inspection,2024-01-09 12:41:43.151302-05:00,inspector_002,complete,new_business,high,31.92
case_0342,approved,2024-01-17 09:00:00-05:00,,complete,new_business,high,0.0
case_0343,submitted,2024-01-02 09:00:00-05:00,,complete,existing_business,normal,0.0
case_0343,intake_validation,2024-01-04 09:00:00-05:00,clerk_001,complete,existing_business,normal,46.1
case_0343,rejected,2024-01-05 09:00:00-05:00,,complete,existing_business,normal,0.0
case_0344,submitted,2024-01-02 09:00:00-05:00,,complete,renewal,high,0.0
case_0344,intake_validation,2024-01-03 10:25:47.486487-05:00,clerk_003,complete,renewal,high,68.57
case_0344,assigned_to_reviewer,2024-01-05 09:00:00-05:00,,complete,renewal,high,0.0
case_0344,review_in_progress,2024-01-05 09:29:19.420226-05:00,reviewer_002,complete,renewal,high,29.4
case_0344,health_inspection,2024-01-10 13:22:14.228968-05:00,inspector_003,complete,renewal,high,45.83
case_0344,approved,2024-01-12 09:00:00-05:00,,complete,renewal,high,0.0
case_0345,submitted,2024-01-02 09:00:00-05:00,,complete,new_business,normal,0.0
case_0345,intake_validation,2024-01-04 09:00:00-05:00,clerk_001,complete,new_business,normal,36.0
case_0345,assigned_to_reviewer,2024-01-05 16:49:35.642217-05:00,,complete,new_business,normal,0.0
case_0345,review_in_progress,2024-01-08 09:00:00-05:00,reviewer_001,complete,new_business,normal,60.19
case_0345,health_inspection,2024-01-11 09:43:13.624233-05:00,inspector_002,complete,new_business,normal,72.55
case_0345,approved,2024-01-16 09:00:00-05:00,,complete,new_business,normal,0.0
case_0346,submitted,2024-01-02 09:00:00-05:00,,complete,renewal,low,0.0
case_0346,intake_validation,2024-01-03 09:46:15.090869-05:00,clerk_002,complete,renewal,low,78.3
case_0346,assigned_to_reviewer,2024-01-08 09:00:00-05:00,,complete,renewal,low,0.0
case_0346,review_in_progress,2024-01-08 09:25:54.506252-05:00,reviewer_002,complete,renewal,low,51.94
case_0346,health_inspection,2024-01-16 09:00:00-05:00,inspector_003,complete,renewal,low,10.0
case_0346,approved,2024-01-18 09:00:00-05:00,,complete,renewal,low,0.0
case_0347,submitted,2024-01-02 09:00:00-05:00,,complete,renewal,low,0.0
case_0347,intake_validation,2024-01-04 09:00:00-05:00,clerk_003,complete,renewal,low,44.42
case_0347,assigned_to_reviewer,2024-01-08 09:00:00-05:00,,complete,renewal,low,0.0
case_0347,review_in_progress,2024-01-08 09:25:51.245299-05:00,reviewer_004,complete,renewal,low,44.03
case_0347,request_additional_info,2024-01-11 09:00:00-05:00,,complete,renewal,low,0.0
case_0347,applicant_provided_info,2024-01-17 10:54:42.247933-05:00,,complete,renewal,low,0.0
case_0347,review_in_progress,2024-01-22 09:00:00-05:00,reviewer_001,complete,renewal,low,42.14
case_0347,health_inspection,2024-01-25 09:00:00-05:00,inspector_002,complete,renewal,low,47.52
case_0347,approved,2024-01-29 09:00:00-05:00,,complete,renewal,low,0.0
case_0348,submitted,2024-01-02 09:00:00-05:00,,complete,new_business,normal,0.0
case_0348,intake_validation,2024-01-03 16:32:59.737246-05:00,clerk_001,complete,new_business,normal,47.06
case_0348,assigned_to_reviewer,2024-01-05 09:00:00-05:00,,complete,new_business,normal,0.0
case_0348,review_in_progress,2024-01-05 09:10:40.632537-05:00,reviewer_003,complete,new_business,normal,73.05
case_0348,request_additional_info,2024-01-08 09:00:00-05:00,,complete,new_business,normal,0.0
case_0348,applicant_provided_info,2024-01-10 09:00:00-05:00,,complete,new_business,normal,0.0
case_0348,review_in_progress,2024-01-12 12:36:16.127258-05:00,reviewer_002,complete,new_business,normal,46.18
case_0348,health_inspection,2024-01-18 12:41:40.151582-05:00,inspector_001,complete,new_business,normal,19.62
case_0348,rejected,2024-01-22 09:00:00-05:00,,complete,new_business,normal,0.0
case_0349,submitted,2024-01-02 09:00:00-05:00,,complete,renewal,normal,0.0
case_0349,intake_validation,2024-01-03 12:51:54.463087-05:00,clerk_002,complete,renewal,normal,57.17
case_0349,assigned_to_reviewer,2024-01-08 09:00:00-05:00,,complete,renewal,normal,0.0
case_0349,review_in_progress,2024-01-08 09:14:11.638017-05:00,reviewer_002,complete,renewal,normal,31.13
case_0349,request_additional_info,2024-01-16 09:00:00-05:00,,complete,renewal,normal,0.0
case_0349,applicant_provided_info,2024-01-19 16:49:09.606436-05:00,,complete,renewal,normal,0.0
case_0349,review_in_progress,2024-01-22 09:00:00-05:00,reviewer_001,complete,renewal,normal,72.71
case_0349,request_additional_info,2024-01-25 09:00:00-05:00,,complete,renewal,normal,0.0
case_0349,withdrawn,2024-01-29 09:00:00-05:00,,complete,renewal,normal,0.0
case_0350,submitted,2024-01-02 09:00:00-05:00,,complete,renewal,high,0.0
case_0350,intake_validation,2024-01-03 11:05:31.287896-05:00,clerk_001,complete,renewal,high,58.15
case_0350,assigned_to_reviewer,2024-01-04 16:38:20.791830-05:00,,complete,renewal,high,0.0
case_0350,review_in_progress,2024-01-04 16:48:38.820034-05:00,reviewer_002,complete,renewal,high,46.42
case_0350,request_additional_info,2024-01-09 09:00:00-05:00,,complete,renewal,high,0.0
case_0350,applicant_provided_info,2024-01-16 09:00:00-05:00,,complete,renewal,high,0.0
case_0350,review_in_progress,2024-01-18 11:58:30.681778-05:00,reviewer_001,complete,renewal,high,59.61
case_0350,health_inspection,2024-01-22 09:00:00-05:00,inspector_002,complete,renewal,high,38.24
case_0350,approved,2024-01-30 14:54:46.259671-05:00,,complete,renewal,high,0.0
case_0351,submitted,2024-01-02 09:00:00-05:00,,complete,new_business,normal,0.0
case_0351,intake_validation,2024-01-04 09:00:00-05:00,clerk_002,complete,new_business,normal,34.75
case_0351,rejected,2024-01-08 09:00:00-05:00,,complete,new_business,normal,0.0
case_0352,submitted,2024-01-02 09:00:00-05:00,,complete,new_business,normal,0.0
case_0352,intake_validation,2024-01-04 09:00:00-05:00,clerk_002,complete,new_business,normal,30.62
case_0352,assigned_to_reviewer,2024-01-08 09:00:00-05:00,,complete,new_business,normal,0.0
case_0352,review_in_progress,2024-01-08 09:21:25.177655-05:00,reviewer_002,complete,new_business,normal,70.88
case_0352,request_additional_info,2024-01-16 09:00:00-05:00,,complete,new_business,normal,0.0
case_0352,applicant_provided_info,2024-01-18 13:43:25.766321-05:00,,complete,new_business,normal,0.0
case_0352,review_in_progress,2024-01-22 09:00:00-05:00,reviewer_002,complete,new_business,normal,62.5
case_0352,health_inspection,2024-01-29 09:00:00-05:00,inspector_001,complete,new_business,normal,59.43
case_0352,approved,2024-02-02 13:48:40.869286-05:00,,complete,new_business,normal,0.0
case_0353,submitted,2024-01-02 09:00:00-05:00,,complete,renewal,normal,0.0
case_0353,intake_validation,2024-01-04 09:00:00-05:00,clerk_002,complete,renewal,normal,64.02
case_0353,assigned_to_reviewer,2024-01-08 09:00:00-05:00,,complete,renewal,normal,0.0
case_0353,review_in_progress,2024-01-08 09:22:24.486874-05:00,reviewer_003,complete,renewal,normal,54.92
case_0353,request_additional_info,2024-01-11 14:32:18.236913-05:00,,complete,renewal,normal,0.0
case_0353,applicant_provided_info,2024-01-18 09:00:00-05:00,,complete,renewal,normal,0.0
case_0353,review_in_progress,2024-01-22 09:00:00-05:00,reviewer_004,complete,renewal,normal,52.85
case_0353,health_inspection,2024-01-25 09:00:00-05:00,inspector_003,complete,renewal,normal,57.11
case_0353,approved,2024-01-29 09:00:00-05:00,,complete,renewal,normal,0.0
case_0354,submitted,2024-01-02 09:00:00-05:00,,complete,new_business,normal,0.0
case_0354,intake_validation,2024-01-04 09:00:00-05:00,clerk_001,complete,new_business,normal,61.95
case_0354,assigned_to_reviewer,2024-01-08 09:00:00-05:00,,complete,new_business,normal,0.0
case_0354,review_in_progress,2024-01-08 09:22:01.865983-05:00,reviewer_002,complete,new_business,normal,85.34
case_0354,health_inspection,2024-01-16 09:00:00-05:00,inspector_001,complete,new_business,normal,46.97
case_0354,rejected,2024-01-19 12:19:42.677518-05:00,,complete,new_business,normal,0.0
case_0355,submitted,2024-01-02 09:00:00-05:00,,complete,existing_business,high,0.0
case_0355,intake_validation,2024-01-04 09:00:00-05:00,clerk_002,complete,existing_business,high,53.85
case_0355,assigned_to_reviewer,2024-01-08 09:00:00-05:00,,complete,existing_business,high,0.0
case_0355,review_in_progress,2024-01-08 09:11:14.816792-05:00,reviewer_002,complete,existing_business,high,43.25
case_0355,health_inspection,2024-01-16 09:00:00-05:00,inspector_002,complete,existing_business,high,88.28
case_0355,approved,2024-01-22 09:00:00-05:00,,complete,existing_business,high,0.0
case_0356,submitted,2024-01-02 09:00:00-05:00,,complete,existing_business,high,0.0
case_0356,intake_validation,2024-01-04 09:00:00-05:00,clerk_002,complete,existing_business,high,38.19
case_0356,assigned_to_reviewer,2024-01-08 09:00:00-05:00,,complete,existing_business,high,0.0
case_0356,review_in_progress,2024-01-08 09:19:01.152503-05:00,reviewer_004,complete,existing_business,high,57.06
case_0356,request_additional_info,2024-01-12 09:00:00-05:00,,complete,existing_business,high,0.0
case_0356,applicant_provided_info,2024-01-16 15:09:28.276372-05:00,,complete,existing_business,high,0.0
case_0356,review_in_progress,2024-01-19 11:26:24.191356-05:00,reviewer_002,complete,existing_business,high,56.1
case_0356,request_additional_info,2024-01-23 15:48:07.116339-05:00,,complete,existing_business,high,0.0
case_0356,withdrawn,2024-01-30 09:00:00-05:00,,complete,existing_business,high,0.0
case_0357,submitted,2024-01-02 09:00:00-05:00,,complete,existing_business,low,0.0
case_0357,intake_validation,2024-01-04 09:00:00-05:00,clerk_002,complete,existing_business,low,50.37
case_0357,assigned_to_reviewer,2024-01-08 09:00:00-05:00,,complete,existing_business,low,0.0
case_0357,review_in_progress,2024-01-08 09:06:46.995174-05:00,reviewer_002,complete,existing_business,low,15.66
case_0357,health_inspection,2024-01-12 09:00:00-05:00,inspector_001,complete,existing_business,low,42.41
case_0357,approved,2024-01-19 09:00:00-05:00,,complete,existing_business,low,0.0
case_0358,submitted,2024-01-02 09:00:00-05:00,,complete,renewal,normal,0.0
case_0358,intake_validation,2024-01-03 09:10:57.083663-05:00,clerk_001,complete,renewal,normal,51.47
case_0358,assigned_to_reviewer,2024-01-04 16:24:54.671675-05:00,,complete,renewal,normal,0.0
case_0358,review_in_progress,2024-01-04 16:51:02.088887-05:00,reviewer_002,complete,renewal,normal,51.71
case_0358,health_inspection,2024-01-08 09:00:00-05:00,inspector_002,complete,renewal,normal,82.16
case_0358,approved,2024-01-16 09:00:00-05:00,,complete,renewal,normal,0.0
case_0359,submitted,2024-01-02 09:00:00-05:00,,complete,renewal,high,0.0
case_0359,intake_validation,2024-01-03 14:48:14.208169-05:00,clerk_001,complete,renewal,high,32.66
case_0359,assigned_to_reviewer,2024-01-08 09:00:00-05:00,,complete,renewal,high,0.0
case_0359,review_in_progress,2024-01-08 09:21:16.233827-05:00,reviewer_001,complete,renewal,high,27.8
case_0359,health_inspection,2024-01-11 16:39:41.506556-05:00,inspector_001,complete,renewal,high,55.62
case_0359,approved,2024-01-16 09:00:00-05:00,,complete,renewal,high,0.0
case_0360,submitted,2024-01-02 09:00:00-05:00,,complete,existing_business,normal,0.0
case_0360,intake_validation,2024-01-04 09:00:00-05:00,clerk_001,complete,existing_business,normal,33.14
case_0360,assigned_to_reviewer,2024-01-08 09:00:00-05:00,,complete,existing_business,normal,0.0
case_0360,review_in_progress,2024-01-08 09:06:40.058401-05:00,reviewer_004,complete,existing_business,normal,62.96
case_0360,health_inspection,2024-01-12 16:27:31.508809-05:00,inspector_002,complete,existing_business,normal,56.99
case_0360,rejected,2024-01-16 16:08:31.520550-05:00,,complete,existing_business,normal,0.0
case_0361,submitted,2024-01-02 09:00:00-05:00,,complete,new_business,normal,0.0
case_0361,intake_validation,2024-01-04 09:00:00-05:00,clerk_003,complete,new_business,normal,43.51
case_0361,assigned_to_reviewer,2024-01-08 09:00:00-05:00,,complete,new_business,normal,0.0
case_0361,review_in_progress,2024-01-08 09:19:54.270589-05:00,reviewer_002,complete,new_business,normal,39.87
case_0361,health_inspection,2024-01-16 09:00:00-05:00,inspector_003,complete,new_business,normal,64.62
case_0361,approved,2024-01-19 13:02:28.369595-05:00,,complete,new_business,normal,0.0
case_0362,submitted,2024-01-02 09:00:00-05:00,,complete,new_business,low,0.0
case_0362,intake_validation,2024-01-04 09:00:00-05:00,clerk_002,complete,new_business,low,59.64
case_0362,assigned_to_reviewer,2024-01-08 09:00:00-05:00,,complete,new_business,low,0.0
case_0362,review_in_progress,2024-01-08 09:25:24.310639-05:00,reviewer_001,complete,new_business,low,58.41
case_0362,health_inspection,2024-01-11 09:00:00-05:00,inspector_003,complete,new_business,low,67.5
case_0362,approved,2024-01-16 09:00:00-05:00,,complete,new_business,low,0.0
case_0363,submitted,2024-01-02 09:00:00-05:00,,complete,renewal,normal,0.0
case_0363,intake_validation,2024-01-03 13:37:41.830434-05:00,clerk_001,complete,renewal,normal,41.4
case_0363,assigned_to_reviewer,2024-01-05 16:05:39.697757-05:00,,complete,renewal,normal,0.0
case_0363,review_in_progress,2024-01-05 16:19:31.354965-05:00,reviewer_003,complete,renewal,normal,49.36
case_0363,health_inspection,2024-01-10 11:59:39.983411-05:00,inspector_003,complete,renewal,normal,38.97
case_0363,approved,2024-01-16 09:00:00-05:00,,complete,renewal,normal,0.0
case_0364,submitted,2024-01-02 09:00:00-05:00,,complete,new_business,normal,0.0
case_0364,intake_validation,2024-01-03 13:09:03.702134-05:00,clerk_003,complete,new_business,normal,65.47
case_0364,assigned_to_reviewer,2024-01-05 09:00:00-05:00,,complete,new_business,normal,0.0
case_0364,review_in_progress,2024-01-05 09:24:23.686369-05:00,reviewer_004,complete,new_business,normal,66.62
case_0364,request_additional_info,2024-01-10 10:15:25.394723-05:00,,complete,new_business,normal,0.0
case_0364,applicant_provided_info,2024-01-16 09:00:00-05:00,,complete,new_business,normal,0.0
case_0364,review_in_progress,2024-01-19 09:00:00-05:00,reviewer_003,complete,new_business,normal,45.03
case_0364,health_inspection,2024-01-22 11:55:30.558174-05:00,inspector_001,complete,new_business,normal,67.55
case_0364,approved,2024-01-26 09:32:58.582868-05:00,,complete,new_business,normal,0.0
case_0365,submitted,2024-01-02 09:00:00-05:00,,complete,new_business,high,0.0
case_0365,intake_validation,2024-01-03 09:43:06.811712-05:00,clerk_002,complete,new_business,high,53.78
case_0365,assigned_to_reviewer,2024-01-08 09:00:00-05:00,,complete,new_business,high,0.0
case_0365,review_in_progress,2024-01-08 09:21:46.014641-05:00,reviewer_004,complete,new_business,high,59.45
case_0365,health_inspection,2024-01-10 13:11:22.035178-05:00,inspector_003,complete,new_business,high,59.13
case_0365,approved,2024-01-17 09:00:00-05:00,,complete,new_business,high,0.0
case_0366,submitted,2024-01-02 09:00:00-05:00,,complete,new_business,normal,0.0
case_0366,intake_validation,2024-01-03 15:40:23.387679-05:00,clerk_003,complete,new_business,normal,53.77
case_0366,assigned_to_reviewer,2024-01-08 09:00:00-05:00,,complete,new_business,normal,0.0
case_0366,review_in_progress,2024-01-08 09:13:37.607944-05:00,reviewer_002,complete,new_business,normal,45.44
case_0366,health_inspection,2024-01-16 09:00:00-05:00,inspector_002,complete,new_business,normal,56.54
case_0366,approved,2024-01-22 09:00:00-05:00,,complete,new_business,normal,0.0
case_0367,submitted,2024-01-02 09:00:00-05:00,,complete,renewal,normal,0.0
case_0367,intake_validation,2024-01-04 09:00:00-05:00,clerk_001,complete,renewal,normal,56.46
case_0367,assigned_to_reviewer,2024-01-08 09:00:00-05:00,,complete,renewal,normal,0.0
case_0367,review_in_progress,2024-01-08 09:28:01.969655-05:00,reviewer_003,complete,renewal,normal,56.08
case_0367,health_inspection,2024-01-16 09:00:00-05:00,inspector_003,complete,renewal,normal,52.83
case_0367,approved,2024-01-22 09:00:00-05:00,,complete,renewal,normal,0.0
case_0368,submitted,2024-01-02 09:00:00-05:00,,complete,existing_business,normal,0.0
case_0368,intake_validation,2024-01-04 09:00:00-05:00,clerk_003,complete,existing_business,normal,60.49
case_0368,assigned_to_reviewer,2024-01-08 09:00:00-05:00,,complete,existing_business,normal,0.0
case_0368,review_in_progress,2024-01-08 09:06:14.970279-05:00,reviewer_002,complete,existing_business,normal,60.03
case_0368,health_inspection,2024-01-16 09:00:00-05:00,inspector_001,complete,existing_business,normal,61.76
case_0368,rejected,2024-01-23 09:00:00-05:00,,complete,existing_business,normal,0.0
case_0369,submitted,2024-01-02 09:00:00-05:00,,complete,renewal,normal,0.0
case_0369,intake_validation,2024-01-03 11:39:33.430784-05:00,clerk_001,complete,renewal,normal,41.71
case_0369,assigned_to_reviewer,2024-01-05 09:00:00-05:00,,complete,renewal,normal,0.0
case_0369,review_in_progress,2024-01-05 09:12:28.673358-05:00,reviewer_001,complete,renewal,normal,42.44
case_0369,request_additional_info,2024-01-08 16:11:48.607698-05:00,,complete,renewal,normal,0.0
case_0369,applicant_provided_info,2024-01-16 09:00:00-05:00,,complete,renewal,normal,0.0
case_0369,review_in_progress,2024-01-19 09:00:00-05:00,reviewer_003,complete,renewal,normal,51.91
case_0369,health_inspection,2024-01-23 09:00:00-05:00,inspector_001,complete,renewal,normal,48.71
case_0369,approved,2024-01-25 14:30:59.108448-05:00,,complete,renewal,normal,0.0
case_0370,submitted,2024-01-02 09:00:00-05:00,,complete,existing_business,high,0.0
case_0370,intake_validation,2024-01-04 09:00:00-05:00,clerk_001,complete,existing_business,high,39.35
case_0370,rejected,2024-01-08 09:00:00-05:00,,complete,existing_business,high,0.0
case_0371,submitted,2024-01-02 09:00:00-05:00,,complete,new_business,high,0.0
case_0371,intake_validation,2024-01-03 11:30:31.799631-05:00,clerk_002,complete,new_business,high,20.78
case_0371,assigned_to_reviewer,2024-01-08 09:00:00-05:00,,complete,new_business,high,0.0
case_0371,review_in_progress,2024-01-08 09:09:41.758452-05:00,reviewer_004,complete,new_business,high,44.87
case_0371,health_inspection,2024-01-11 09:00:00-05:00,inspector_003,complete,new_business,high,23.99
case_0371,approved,2024-01-16 09:00:00-05:00,,complete,new_business,high,0.0
case_0372,submitted,2024-01-02 09:00:00-05:00,,complete,existing_business,high,0.0
case_0372,intake_validation,2024-01-03 12:32:05.833021-05:00,clerk_003,complete,existing_business,high,47.79
case_0372,assigned_to_reviewer,2024-01-05 09:00:00-05:00,,complete,existing_business,high,0.0
case_0372,review_in_progress,2024-01-05 09:06:41.164199-05:00,reviewer_002,complete,existing_business,high,46.65
case_0372,health_inspection,2024-01-08 10:42:39.963026-05:00,inspector_002,complete,existing_business,high,84.15
case_0372,approved,2024-01-16 09:00:00-05:00,,complete,existing_business,high,0.0
case_0373,submitted,2024-01-02 09:00:00-05:00,,complete,renewal,normal,0.0
case_0373,intake_validation,2024-01-04 09:00:00-05:00,clerk_002,complete,renewal,normal,34.7
case_0373,assigned_to_reviewer,2024-01-08 09:00:00-05:00,,complete,renewal,normal,0.0
case_0373,review_in_progress,2024-01-08 09:21:30.736594-05:00,reviewer_002,complete,renewal,normal,39.74
case_0373,health_inspection,2024-01-11 09:00:00-05:00,inspector_001,complete,renewal,normal,58.66
case_0373,approved,2024-01-16 09:00:00-05:00,,complete,renewal,normal,0.0
case_0374,submitted,2024-01-02 09:00:00-05:00,,complete,renewal,normal,0.0
case_0374,intake_validation,2024-01-03 15:26:18.264460-05:00,clerk_003,complete,renewal,normal,56.37
case_0374,assigned_to_reviewer,2024-01-05 09:00:00-05:00,,complete,renewal,normal,0.0
case_0374,review_in_progress,2024-01-05 09:23:36.790470-05:00,reviewer_002,complete,renewal,normal,44.77
case_0374,health_inspection,2024-01-10 09:00:00-05:00,inspector_001,complete,renewal,normal,33.75
case_0374,rejected,2024-01-11 13:41:16.028823-05:00,,complete,renewal,normal,0.0
case_0375,submitted,2024-01-02 09:00:00-05:00,,complete,existing_business,low,0.0
case_0375,intake_validation,2024-01-04 09:00:00-05:00,clerk_001,complete,existing_business,low,70.02
case_0375,assigned_to_reviewer,2024-01-08 09:00:00-05:00,,complete,existing_business,low,0.0
case_0375,review_in_progress,2024-01-08 09:19:59.748756-05:00,reviewer_002,complete,existing_business,low,60.52
case_0375,health_inspection,2024-01-12 09:00:00-05:00,inspector_003,complete,existing_business,low,59.36
case_0375,approved,2024-01-16 09:00:00-05:00,,complete,existing_business,low,0.0
case_0376,submitted,2024-01-02 09:00:00-05:00,,complete,existing_business,normal,0.0
case_0376,intake_validation,2024-01-04 09:00:00-05:00,clerk_001,complete,existing_business,normal,34.26
case_0376,rejected,2024-01-08 09:00:00-05:00,,complete,existing_business,normal,0.0
case_0377,submitted,2024-01-02 09:00:00-05:00,,complete,renewal,normal,0.0
case_0377,intake_validation,2024-01-04 09:00:00-05:00,clerk_003,complete,renewal,normal,43.95
case_0377,rejected,2024-01-08 09:00:00-05:00,,complete,renewal,normal,0.0
case_0378,submitted,2024-01-02 09:00:00-05:00,,complete,existing_business,high,0.0
case_0378,intake_validation,2024-01-03 12:23:57.102071-05:00,clerk_001,complete,existing_business,high,45.85
case_0378,assigned_to_reviewer,2024-01-05 14:18:34.318078-05:00,,complete,existing_business,high,0.0
case_0378,review_in_progress,2024-01-05 14:42:26.203850-05:00,reviewer_004,complete,existing_business,high,24.96
case_0378,request_additional_info,2024-01-11 09:00:00-05:00,,complete,existing_business,high,0.0
case_0378,withdrawn,2024-01-16 09:00:00-05:00,,complete,existing_business,high,0.0
case_0379,submitted,2024-01-02 09:00:00-05:00,,complete,existing_business,normal,0.0
case_0379,intake_validation,2024-01-04 09:00:00-05:00,clerk_002,complete,existing_business,normal,20.21
case_0379,assigned_to_reviewer,2024-01-08 09:00:00-05:00,,complete,existing_business,normal,0.0
case_0379,review_in_progress,2024-01-08 09:18:28.911935-05:00,reviewer_003,complete,existing_business,normal,34.9
case_0379,health_inspection,2024-01-16 09:00:00-05:00,inspector_003,complete,existing_business,normal,56.71
case_0379,approved,2024-01-22 09:00:00-05:00,,complete,existing_business,normal,0.0
case_0380,submitted,2024-01-02 09:00:00-05:00,,complete,existing_business,high,0.0
case_0380,intake_validation,2024-01-04 09:00:00-05:00,clerk_001,complete,existing_business,high,50.82
case_0380,assigned_to_reviewer,2024-01-05 09:00:00-05:00,,complete,existing_business,high,0.0
case_0380,review_in_progress,2024-01-05 09:07:16.598326-05:00,reviewer_002,complete,existing_business,high,47.47
case_0380,health_inspection,2024-01-10 09:00:00-05:00,inspector_002,complete,existing_business,high,43.84
case_0380,approved,2024-01-17 09:00:00-05:00,,complete,existing_business,high,0.0
case_0381,submitted,2024-01-02 09:00:00-05:00,,complete,renewal,normal,0.0
case_0381,intake_validation,2024-01-03 13:43:17.248499-05:00,clerk_001,complete,renewal,normal,79.05
case_0381,assigned_to_reviewer,2024-01-05 09:00:00-05:00,,complete,renewal,normal,0.0
case_0381,review_in_progress,2024-01-05 09:25:28.861088-05:00,reviewer_002,complete,renewal,normal,56.67
case_0381,health_inspection,2024-01-09 09:00:00-05:00,inspector_002,complete,renewal,normal,48.59
case_0381,approved,2024-01-16 09:00:00-05:00,,complete,renewal,normal,0.0
case_0382,submitted,2024-01-02 09:00:00-05:00,,complete,new_business,low,0.0
case_0382,intake_validation,2024-01-04 09:00:00-05:00,clerk_001,complete,new_business,low,30.72
case_0382,assigned_to_reviewer,2024-01-08 09:00:00-05:00,,complete,new_business,low,0.0
case_0382,review_in_progress,2024-01-08 09:16:29.125655-05:00,reviewer_002,complete,new_business,low,41.42
case_0382,request_additional_info,2024-01-16 09:00:00-05:00,,complete,new_business,low,0.0
case_0382,applicant_provided_info,2024-01-22 09:00:00-05:00,,complete,new_business,low,0.0
case_0382,review_in_progress,2024-01-25 09:00:00-05:00,reviewer_001,complete,new_business,low,14.86
case_0382,request_additional_info,2024-01-29 09:00:00-05:00,,complete,new_business,low,0.0
case_0382,applicant_provided_info,2024-02-01 09:00:00-05:00,,complete,new_business,low,0.0
case_0382,review_in_progress,2024-02-05 09:00:00-05:00,reviewer_003,complete,new_business,low,36.36
case_0382,request_additional_info,2024-02-09 09:00:00-05:00,,complete,new_business,low,0.0
case_0382,applicant_provided_info,2024-02-13 09:00:00-05:00,,complete,new_business,low,0.0
case_0382,review_in_progress,2024-02-15 09:08:34.325893-05:00,reviewer_004,complete,new_business,low,45.14
case_0382,request_additional_info,2024-02-20 09:00:00-05:00,,complete,new_business,low,0.0
case_0382,applicant_provided_info,2024-02-23 09:01:17.822835-05:00,,complete,new_business,low,0.0
case_0382,review_in_progress,2024-02-26 09:00:00-05:00,reviewer_002,complete,new_business,low,51.24
case_0382,request_additional_info,2024-03-01 09:00:00-05:00,,complete,new_business,low,0.0
case_0382,applicant_provided_info,2024-03-07 09:00:00-05:00,,complete,new_business,low,0.0
case_0382,review_in_progress,2024-03-11 09:00:00-04:00,reviewer_004,complete,new_business,low,39.33
case_0382,health_inspection,2024-03-18 09:00:00-04:00,inspector_001,complete,new_business,low,50.31
case_0382,approved,2024-03-25 09:00:00-04:00,,complete,new_business,low,0.0
case_0383,submitted,2024-01-02 09:00:00-05:00,,complete,new_business,low,0.0
case_0383,intake_validation,2024-01-04 09:00:00-05:00,clerk_001,complete,new_business,low,54.81
case_0383,assigned_to_reviewer,2024-01-08 09:00:00-05:00,,complete,new_business,low,0.0
case_0383,review_in_progress,2024-01-08 09:08:55.408437-05:00,reviewer_004,complete,new_business,low,66.3
case_0383,health_inspection,2024-01-16 09:00:00-05:00,inspector_003,complete,new_business,low,37.57
case_0383,approved,2024-01-22 09:00:00-05:00,,complete,new_business,low,0.0
case_0384,submitted,2024-01-02 09:00:00-05:00,,complete,existing_business,high,0.0
case_0384,intake_validation,2024-01-03 13:05:55.002494-05:00,clerk_002,complete,existing_business,high,23.02
case_0384,assigned_to_reviewer,2024-01-08 09:00:00-05:00,,complete,existing_business,high,0.0
case_0384,review_in_progress,2024-01-08 09:29:01.091637-05:00,reviewer_003,complete,existing_business,high,32.01
case_0384,health_inspection,2024-01-11 09:00:00-05:00,inspector_001,complete,existing_business,high,64.65
case_0384,approved,2024-01-16 09:00:00-05:00,,complete,existing_business,high,0.0
case_0385,submitted,2024-01-02 09:00:00-05:00,,complete,renewal,normal,0.0
case_0385,intake_validation,2024-01-04 09:00:00-05:00,clerk_003,complete,renewal,normal,66.39
case_0385,assigned_to_reviewer,2024-01-08 09:00:00-05:00,,complete,renewal,normal,0.0
case_0385,review_in_progress,2024-01-08 09:14:35.156634-05:00,reviewer_002,complete,renewal,normal,46.1
case_0385,health_inspection,2024-01-16 09:00:00-05:00,inspector_001,complete,renewal,normal,42.21
case_0385,approved,2024-01-22 09:00:00-05:00,,complete,renewal,normal,0.0
case_0386,submitted,2024-01-02 09:00:00-05:00,,complete,renewal,normal,0.0
case_0386,intake_validation,2024-01-03 16:16:13.142074-05:00,clerk_003,complete,renewal,normal,38.4
case_0386,assigned_to_reviewer,2024-01-08 09:00:00-05:00,,complete,renewal,normal,0.0
case_0386,review_in_progress,2024-01-08 09:21:48.919407-05:00,reviewer_004,complete,renewal,normal,52.91
case_0386,request_additional_info,2024-01-11 09:00:00-05:00,,complete,renewal,normal,0.0
case_0386,applicant_provided_info,2024-01-16 09:00:00-05:00,,complete,renewal,normal,0.0
case_0386,review_in_progress,2024-01-19 09:00:00-05:00,reviewer_004,complete,renewal,normal,31.92
case_0386,health_inspection,2024-01-22 09:00:00-05:00,inspector_003,complete,renewal,normal,24.94
case_0386,approved,2024-01-29 09:00:00-05:00,,complete,renewal,normal,0.0
case_0387,submitted,2024-01-02 09:00:00-05:00,,complete,new_business,high,0.0
case_0387,intake_validation,2024-01-04 09:00:00-05:00,clerk_002,complete,new_business,high,53.74
case_0387,assigned_to_reviewer,2024-01-08 09:00:00-05:00,,complete,new_business,high,0.0
case_0387,review_in_progress,2024-01-08 09:26:19.394668-05:00,reviewer_004,complete,new_business,high,27.45
case_0387,request_additional_info,2024-01-16 09:00:00-05:00,,complete,new_business,high,0.0
case_0387,withdrawn,2024-01-19 15:22:42.845506-05:00,,complete,new_business,high,0.0
case_0388,submitted,2024-01-02 09:00:00-05:00,,complete,new_business,low,0.0
case_0388,intake_validation,2024-01-04 09:00:00-05:00,clerk_001,complete,new_business,low,32.16
case_0388,assigned_to_reviewer,2024-01-05 11:13:19.734791-05:00,,complete,new_business,low,0.0
case_0388,review_in_progress,2024-01-05 11:23:56.640761-05:00,reviewer_003,complete,new_business,low,45.05
case_0388,health_inspection,2024-01-10 09:00:00-05:00,inspector_002,complete,new_business,low,41.17
case_0388,approved,2024-01-16 09:00:00-05:00,,complete,new_business,low,0.0
case_0389,submitted,2024-01-02 09:00:00-05:00,,complete,existing_business,high,0.0
case_0389,intake_validation,2024-01-04 09:00:00-05:00,clerk_002,complete,existing_business,high,36.21
case_0389,assigned_to_reviewer,2024-01-08 09:00:00-05:00,,complete,existing_business,high,0.0
case_0389,review_in_progress,2024-01-08 09:07:36.702738-05:00,reviewer_002,complete,existing_business,high,52.3
case_0389,request_additional_info,2024-01-11 09:00:00-05:00,,complete,existing_business,high,0.0
case_0389,applicant_provided_info,2024-01-16 09:00:00-05:00,,complete,existing_business,high,0.0
case_0389,review_in_progress,2024-01-18 14:32:01.550879-05:00,reviewer_002,complete,existing_business,high,55.79
case_0389,request_additional_info,2024-01-24 14:46:15.348201-05:00,,complete,existing_business,high,0.0
case_0389,withdrawn,2024-01-26 09:00:00-05:00,,complete,existing_business,high,0.0
case_0390,submitted,2024-01-02 09:00:00-05:00,,complete,existing_business,low,0.0
case_0390,intake_validation,2024-01-04 09:00:00-05:00,clerk_002,complete,existing_business,low,85.17
case_0390,assigned_to_reviewer,2024-01-08 09:00:00-05:00,,complete,existing_business,low,0.0
case_0390,review_in_progress,2024-01-08 09:08:39.659238-05:00,reviewer_004,complete,existing_business,low,49.7
case_0390,health_inspection,2024-01-11 12:54:43.353627-05:00,inspector_003,complete,existing_business,low,53.69
case_0390,approved,2024-01-16 09:00:00-05:00,,complete,existing_business,low,0.0
case_0391,submitted,2024-01-02 09:00:00-05:00,,complete,renewal,normal,0.0
case_0391,intake_validation,2024-01-03 14:39:17.326229-05:00,clerk_003,complete,renewal,normal,69.28
case_0391,assigned_to_reviewer,2024-01-08 09:00:00-05:00,,complete,renewal,normal,0.0
case_0391,review_in_progress,2024-01-08 09:28:47.867207-05:00,reviewer_003,complete,renewal,normal,36.78
case_0391,request_additional_info,2024-01-10 15:16:57.699367-05:00,,complete,renewal,normal,0.0
case_0391,applicant_provided_info,2024-01-16 09:00:00-05:00,,complete,renewal,normal,0.0
case_0391,review_in_progress,2024-01-18 09:51:15.847326-05:00,reviewer_003,complete,renewal,normal,38.41
case_0391,health_inspection,2024-01-23 09:00:00-05:00,inspector_001,complete,renewal,normal,55.32
case_0391,approved,2024-01-29 09:00:00-05:00,,complete,renewal,normal,0.0
case_0392,submitted,2024-01-02 09:00:00-05:00,,complete,renewal,normal,0.0
case_0392,intake_validation,2024-01-04 09:00:00-05:00,clerk_003,complete,renewal,normal,44.66
case_0392,assigned_to_reviewer,2024-01-08 09:00:00-05:00,,complete,renewal,normal,0.0
case_0392,review_in_progress,2024-01-08 09:27:31.891289-05:00,reviewer_002,complete,renewal,normal,35.03
case_0392,health_inspection,2024-01-12 09:00:00-05:00,inspector_001,complete,renewal,normal,40.86
case_0392,approved,2024-01-17 16:40:27.437295-05:00,,complete,renewal,normal,0.0
case_0393,submitted,2024-01-02 09:00:00-05:00,,complete,new_business,high,0.0
case_0393,intake_validation,2024-01-04 09:00:00-05:00,clerk_001,complete,new_business,high,44.31
case_0393,assigned_to_reviewer,2024-01-05 09:00:00-05:00,,complete,new_business,high,0.0
case_0393,review_in_progress,2024-01-05 09:14:23.521148-05:00,reviewer_002,complete,new_business,high,44.61
case_0393,health_inspection,2024-01-09 11:15:13.812879-05:00,inspector_001,complete,new_business,high,69.75
case_0393,approved,2024-01-16 09:00:00-05:00,,complete,new_business,high,0.0
case_0394,submitted,2024-01-02 09:00:00-05:00,,complete,new_business,high,0.0
case_0394,intake_validation,2024-01-04 09:00:00-05:00,clerk_003,complete,new_business,high,44.21
case_0394,assigned_to_reviewer,2024-01-08 09:00:00-05:00,,complete,new_business,high,0.0
case_0394,review_in_progress,2024-01-08 09:18:04.961380-05:00,reviewer_004,complete,new_business,high,71.06
case_0394,health_inspection,2024-01-16 09:00:00-05:00,inspector_001,complete,new_business,high,76.67
case_0394,approved,2024-01-18 14:58:04.888462-05:00,,complete,new_business,high,0.0
case_0395,submitted,2024-01-02 09:00:00-05:00,,complete,new_business,high,0.0
case_0395,intake_validation,2024-01-04 09:00:00-05:00,clerk_002,complete,new_business,high,81.08
case_0395,assigned_to_reviewer,2024-01-08 09:00:00-05:00,,complete,new_business,high,0.0
case_0395,review_in_progress,2024-01-08 09:06:48.608904-05:00,reviewer_002,complete,new_business,high,52.94
case_0395,health_inspection,2024-01-12 12:37:51.728405-05:00,inspector_003,complete,new_business,high,44.42
case_0395,approved,2024-01-16 09:00:00-05:00,,complete,new_business,high,0.0
case_0396,submitted,2024-01-02 09:00:00-05:00,,complete,new_business,normal,0.0
case_0396,intake_validation,2024-01-03 16:19:24.793488-05:00,clerk_002,complete,new_business,normal,70.28
case_0396,assigned_to_reviewer,2024-01-08 09:00:00-05:00,,complete,new_business,normal,0.0
case_0396,review_in_progress,2024-01-08 09:25:26.750909-05:00,reviewer_004,complete,new_business,normal,53.34
case_0396,health_inspection,2024-01-12 09:00:00-05:00,inspector_002,complete,new_business,normal,46.82
case_0396,approved,2024-01-16 09:00:00-05:00,,complete,new_business,normal,0.0
case_0397,submitted,2024-01-02 09:00:00-05:00,,complete,renewal,normal,0.0
case_0397,intake_validation,2024-01-04 09:00:00-05:00,clerk_002,complete,renewal,normal,25.75
case_0397,assigned_to_reviewer,2024-01-08 09:00:00-05:00,,complete,renewal,normal,0.0
case_0397,review_in_progress,2024-01-08 09:15:09.059091-05:00,reviewer_004,complete,renewal,normal,51.77
case_0397,health_inspection,2024-01-16 09:00:00-05:00,inspector_001,complete,renewal,normal,51.93
case_0397,approved,2024-01-22 09:00:00-05:00,,complete,renewal,normal,0.0
case_0398,submitted,2024-01-02 09:00:00-05:00,,complete,existing_business,normal,0.0
case_0398,intake_validation,2024-01-04 09:00:00-05:00,clerk_002,complete,existing_business,normal,63.81
case_0398,assigned_to_reviewer,2024-01-08 09:00:00-05:00,,complete,existing_business,normal,0.0
case_0398,review_in_progress,2024-01-08 09:17:06.322947-05:00,reviewer_002,complete,existing_business,normal,63.69
case_0398,request_additional_info,2024-01-16 09:00:00-05:00,,complete,existing_business,normal,0.0
case_0398,applicant_provided_info,2024-01-18 16:22:09.551988-05:00,,complete,existing_business,normal,0.0
case_0398,review_in_progress,2024-01-22 09:00:00-05:00,reviewer_003,complete,existing_business,normal,47.86
case_0398,health_inspection,2024-01-25 09:00:00-05:00,inspector_003,complete,existing_business,normal,55.02
case_0398,approved,2024-01-29 09:00:00-05:00,,complete,existing_business,normal,0.0
case_0399,submitted,2024-01-02 09:00:00-05:00,,complete,new_business,low,0.0
case_0399,intake_validation,2024-01-03 09:55:26.553630-05:00,clerk_003,complete,new_business,low,46.15
case_0399,assigned_to_reviewer,2024-01-08 09:00:00-05:00,,complete,new_business,low,0.0
case_0399,review_in_progress,2024-01-08 09:12:13.038840-05:00,reviewer_003,complete,new_business,low,47.89
case_0399,request_additional_info,2024-01-16 09:00:00-05:00,,complete,new_business,low,0.0
case_0399,applicant_provided_info,2024-01-22 09:00:00-05:00,,complete,new_business,low,0.0
case_0399,review_in_progress,2024-01-24 10:51:34.197933-05:00,reviewer_002,complete,new_business,low,51.09
case_0399,health_inspection,2024-01-29 09:00:00-05:00,inspector_002,complete,new_business,low,63.27
case_0399,approved,2024-02-06 09:00:00-05:00,,complete,new_business,low,0.0
case_0400,submitted,2024-01-02 09:00:00-05:00,,complete,existing_business,normal,0.0
case_0400,intake_validation,2024-01-04 09:00:00-05:00,clerk_003,complete,existing_business,normal,43.61
case_0400,assigned_to_reviewer,2024-01-05 11:08:28.707707-05:00,,complete,existing_business,normal,0.0
case_0400,review_in_progress,2024-01-05 11:15:05.478519-05:00,reviewer_004,complete,existing_business,normal,43.85
case_0400,health_inspection,2024-01-09 13:44:42.560485-05:00,inspector_002,complete,existing_business,normal,44.19
case_0400,approved,2024-01-17 09:00:00-05:00,,complete,existing_business,normal,0.0
case_0401,submitted,2024-01-02 09:00:00-05:00,,complete,new_business,high,0.0
case_0401,intake_validation,2024-01-03 10:51:19.708502-05:00,clerk_001,complete,new_business,high,58.66
case_0401,assigned_to_reviewer,2024-01-05 09:00:00-05:00,,complete,new_business,high,0.0
case_0401,review_in_progress,2024-01-05 09:16:02.035370-05:00,reviewer_004,complete,new_business,high,45.2
case_0401,health_inspection,2024-01-09 09:00:00-05:00,inspector_001,complete,new_business,high,49.15
case_0401,approved,2024-01-16 09:00:00-05:00,,complete,new_business,high,0.0
case_0402,submitted,2024-01-02 09:00:00-05:00,,complete,new_business,normal,0.0
case_0402,intake_validation,2024-01-04 09:00:00-05:00,clerk_001,complete,new_business,normal,51.37
case_0402,assigned_to_reviewer,2024-01-08 09:00:00-05:00,,complete,new_business,normal,0.0
case_0402,review_in_progress,2024-01-08 09:18:08.126558-05:00,reviewer_003,complete,new_business,normal,74.33
case_0402,health_inspection,2024-01-12 09:00:00-05:00,inspector_002,complete,new_business,normal,53.6
case_0402,approved,2024-01-18 09:00:00-05:00,,complete,new_business,normal,0.0
case_0403,submitted,2024-01-02 09:00:00-05:00,,complete,new_business,low,0.0
case_0403,intake_validation,2024-01-03 15:53:06.880379-05:00,clerk_001,complete,new_business,low,43.12
case_0403,assigned_to_reviewer,2024-01-05 09:00:00-05:00,,complete,new_business,low,0.0
case_0403,review_in_progress,2024-01-05 09:21:10.986863-05:00,reviewer_004,complete,new_business,low,51.89
case_0403,health_inspection,2024-01-08 09:00:00-05:00,inspector_003,complete,new_business,low,48.14
case_0403,approved,2024-01-16 09:00:00-05:00,,complete,new_business,low,0.0
case_0404,submitted,2024-01-02 09:00:00-05:00,,complete,renewal,normal,0.0
case_0404,intake_validation,2024-01-03 12:10:37.438033-05:00,clerk_003,complete,renewal,normal,61.57
case_0404,assigned_to_reviewer,2024-01-05 09:00:00-05:00,,complete,renewal,normal,0.0
case_0404,review_in_progress,2024-01-05 09:08:51.402687-05:00,reviewer_004,complete,renewal,normal,42.06
case_0404,health_inspection,2024-01-09 15:07:01.135742-05:00,inspector_001,complete,renewal,normal,49.01
case_0404,approved,2024-01-16 09:00:00-05:00,,complete,renewal,normal,0.0
case_0405,submitted,2024-01-02 09:00:00-05:00,,complete,existing_business,normal,0.0
case_0405,intake_validation,2024-01-03 12:13:49.918642-05:00,clerk_003,complete,existing_business,normal,35.99
case_0405,assigned_to_reviewer,2024-01-08 09:00:00-05:00,,complete,existing_business,normal,0.0
case_0405,review_in_progress,2024-01-08 09:27:29.662807-05:00,reviewer_002,complete,existing_business,normal,41.34
case_0405,request_additional_info,2024-01-16 09:00:00-05:00,,complete,existing_business,normal,0.0
case_0405,applicant_provided_info,2024-01-23 09:00:00-05:00,,complete,existing_business,normal,0.0
case_0405,review_in_progress,2024-01-25 16:08:10.913232-05:00,reviewer_003,complete,existing_business,normal,38.18
case_0405,request_additional_info,2024-01-30 09:00:00-05:00,,complete,existing_business,normal,0.0
case_0405,applicant_provided_info,2024-02-05 09:00:00-05:00,,complete,existing_business,normal,0.0
case_0405,review_in_progress,2024-02-07 16:38:45.165211-05:00,reviewer_001,complete,existing_business,normal,59.56
case_0405,health_inspection,2024-02-12 09:00:00-05:00,inspector_002,complete,existing_business,normal,27.52
case_0405,approved,2024-02-20 09:00:00-05:00,,complete,existing_business,normal,0.0
case_0406,submitted,2024-01-02 09:00:00-05:00,,complete,existing_business,normal,0.0
case_0406,intake_validation,2024-01-04 09:00:00-05:00,clerk_003,complete,existing_business,normal,75.04
case_0406,assigned_to_reviewer,2024-01-08 09:00:00-05:00,,complete,existing_business,normal,0.0
case_0406,review_in_progress,2024-01-08 09:10:57.854081-05:00,reviewer_004,complete,existing_business,normal,48.24
case_0406,request_additional_info,2024-01-11 09:00:00-05:00,,complete,existing_business,normal,0.0
case_0406,applicant_provided_info,2024-01-16 09:00:00-05:00,,complete,existing_business,normal,0.0
case_0406,review_in_progress,2024-01-18 09:09:35.865225-05:00,reviewer_001,complete,existing_business,normal,60.38
case_0406,health_inspection,2024-01-22 09:00:00-05:00,inspector_003,complete,existing_business,normal,84.23
case_0406,approved,2024-01-25 09:00:00-05:00,,complete,existing_business,normal,0.0
case_0407,submitted,2024-01-02 09:00:00-05:00,,complete,existing_business,normal,0.0
case_0407,intake_validation,2024-01-03 15:18:48.084382-05:00,clerk_003,complete,existing_business,normal,49.14
case_0407,assigned_to_reviewer,2024-01-05 09:00:00-05:00,,complete,existing_business,normal,0.0
case_0407,review_in_progress,2024-01-05 09:23:27.400690-05:00,reviewer_002,complete,existing_business,normal,42.59
case_0407,health_inspection,2024-01-09 13:23:16.798588-05:00,inspector_003,complete,existing_business,normal,46.5
case_0407,rejected,2024-01-16 09:00:00-05:00,,complete,existing_business,normal,0.0
case_0408,submitted,2024-01-02 09:00:00-05:00,,complete,renewal,normal,0.0
case_0408,intake_validation,2024-01-04 09:00:00-05:00,clerk_001,complete,renewal,normal,37.43
case_0408,assigned_to_reviewer,2024-01-08 09:00:00-05:00,,complete,renewal,normal,0.0
case_0408,review_in_progress,2024-01-08 09:15:01.741042-05:00,reviewer_003,complete,renewal,normal,49.18
case_0408,health_inspection,2024-01-16 09:00:00-05:00,inspector_001,complete,renewal,normal,58.56
case_0408,rejected,2024-01-22 12:17:40.372149-05:00,,complete,renewal,normal,0.0
case_0409,submitted,2024-01-02 09:00:00-05:00,,complete,new_business,low,0.0
case_0409,intake_validation,2024-01-04 09:00:00-05:00,clerk_001,complete,new_business,low,39.8
case_0409,assigned_to_reviewer,2024-01-08 09:00:00-05:00,,complete,new_business,low,0.0
case_0409,review_in_progress,2024-01-08 09:17:37.295611-05:00,reviewer_001,complete,new_business,low,55.76
case_0409,health_inspection,2024-01-10 09:00:00-05:00,inspector_002,complete,new_business,low,54.33
case_0409,approved,2024-01-16 09:00:00-05:00,,complete,new_business,low,0.0
case_0410,submitted,2024-01-02 09:00:00-05:00,,complete,renewal,high,0.0
case_0410,intake_validation,2024-01-03 15:53:40.244964-05:00,clerk_002,complete,renewal,high,35.67
case_0410,assigned_to_reviewer,2024-01-08 09:00:00-05:00,,complete,renewal,high,0.0
case_0410,review_in_progress,2024-01-08 09:13:39.224575-05:00,reviewer_003,complete,renewal,high,42.76
case_0410,health_inspection,2024-01-12 09:00:00-05:00,inspector_002,complete,renewal,high,25.18
case_0410,approved,2024-01-16 09:00:00-05:00,,complete,renewal,high,0.0
case_0411,submitted,2024-01-02 09:00:00-05:00,,complete,new_business,normal,0.0
case_0411,intake_validation,2024-01-04 09:00:00-05:00,clerk_001,complete,new_business,normal,37.43
case_0411,assigned_to_reviewer,2024-01-08 09:00:00-05:00,,complete,new_business,normal,0.0
case_0411,review_in_progress,2024-01-08 09:23:28.589060-05:00,reviewer_004,complete,new_business,normal,60.22
case_0411,health_inspection,2024-01-11 13:13:55.899639-05:00,inspector_001,complete,new_business,normal,55.71
case_0411,approved,2024-01-17 16:57:01.418588-05:00,,complete,new_business,normal,0.0
case_0412,submitted,2024-01-02 09:00:00-05:00,,complete,renewal,low,0.0
case_0412,intake_validation,2024-01-04 09:00:00-05:00,clerk_002,complete,renewal,low,70.23
case_0412,assigned_to_reviewer,2024-01-08 09:00:00-05:00,,complete,renewal,low,0.0
case_0412,review_in_progress,2024-01-08 09:21:43.101479-05:00,reviewer_002,complete,renewal,low,52.79
case_0412,health_inspection,2024-01-16 09:00:00-05:00,inspector_003,complete,renewal,low,58.31
case_0412,approved,2024-01-23 09:00:00-05:00,,complete,renewal,low,0.0
case_0413,submitted,2024-01-02 09:00:00-05:00,,complete,new_business,high,0.0
case_0413,intake_validation,2024-01-03 09:28:50.451450-05:00,clerk_001,complete,new_business,high,36.15
case_0413,assigned_to_reviewer,2024-01-04 10:12:23.592914-05:00,,complete,new_business,high,0.0
case_0413,review_in_progress,2024-01-04 10:36:55.865668-05:00,reviewer_002,complete,new_business,high,60.34
case_0413,request_additional_info,2024-01-08 09:00:00-05:00,,complete,new_business,high,0.0
case_0413,applicant_provided_info,2024-01-10 09:00:00-05:00,,complete,new_business,high,0.0
case_0413,review_in_progress,2024-01-12 15:28:47.884323-05:00,reviewer_001,complete,new_business,high,45.57
case_0413,request_additional_info,2024-01-16 09:00:00-05:00,,complete,new_business,high,0.0
case_0413,applicant_provided_info,2024-01-22 09:00:00-05:00,,complete,new_business,high,0.0
case_0413,review_in_progress,2024-01-25 09:00:00-05:00,reviewer_001,complete,new_business,high,24.96
case_0413,health_inspection,2024-01-29 09:00:00-05:00,inspector_002,complete,new_business,high,61.88
case_0413,approved,2024-02-01 09:00:00-05:00,,complete,new_business,high,0.0
case_0414,submitted,2024-01-02 09:00:00-05:00,,complete,new_business,normal,0.0
case_0414,intake_validation,2024-01-04 09:00:00-05:00,clerk_002,complete,new_business,normal,51.76
case_0414,assigned_to_reviewer,2024-01-08 09:00:00-05:00,,complete,new_business,normal,0.0
case_0414,review_in_progress,2024-01-08 09:06:24.786047-05:00,reviewer_002,complete,new_business,normal,36.85
case_0414,health_inspection,2024-01-11 09:00:00-05:00,inspector_002,complete,new_business,normal,63.53
case_0414,approved,2024-01-16 09:00:00-05:00,,complete,new_business,normal,0.0
case_0415,submitted,2024-01-02 09:00:00-05:00,,complete,renewal,normal,0.0
case_0415,intake_validation,2024-01-04 09:00:00-05:00,clerk_001,complete,renewal,normal,61.49
case_0415,assigned_to_reviewer,2024-01-05 12:45:57.191348-05:00,,complete,renewal,normal,0.0
case_0415,review_in_progress,2024-01-05 13:03:19.052455-05:00,reviewer_003,complete,renewal,normal,36.93
case_0415,health_inspection,2024-01-08 09:00:00-05:00,inspector_001,complete,renewal,normal,45.5
case_0415,approved,2024-01-11 09:00:00-05:00,,complete,renewal,normal,0.0
case_0416,submitted,2024-01-02 09:00:00-05:00,,complete,renewal,normal,0.0
case_0416,intake_validation,2024-01-04 09:00:00-05:00,clerk_001,complete,renewal,normal,57.3
case_0416,assigned_to_reviewer,2024-01-08 09:00:00-05:00,,complete,renewal,normal,0.0
case_0416,review_in_progress,2024-01-08 09:18:20.780807-05:00,reviewer_004,complete,renewal,normal,56.16
case_0416,request_additional_info,2024-01-16 09:00:00-05:00,,complete,renewal,normal,0.0
case_0416,applicant_provided_info,2024-01-18 09:00:00-05:00,,complete,renewal,normal,0.0
case_0416,review_in_progress,2024-01-22 09:00:00-05:00,reviewer_004,complete,renewal,normal,53.46
case_0416,health_inspection,2024-01-24 16:02:46.172316-05:00,inspector_003,complete,renewal,normal,25.14
case_0416,approved,2024-01-29 09:00:00-05:00,,complete,renewal,normal,0.0
case_0417,submitted,2024-01-02 09:00:00-05:00,,complete,renewal,normal,0.0
case_0417,intake_validation,2024-01-04 09:00:00-05:00,clerk_002,complete,renewal,normal,52.0
case_0417,assigned_to_reviewer,2024-01-08 09:00:00-05:00,,complete,renewal,normal,0.0
case_0417,review_in_progress,2024-01-08 09:18:33.481786-05:00,reviewer_003,complete,renewal,normal,45.98
case_0417,request_additional_info,2024-01-11 09:00:00-05:00,,complete,renewal,normal,0.0
case_0417,applicant_provided_info,2024-01-18 09:00:00-05:00,,complete,renewal,normal,0.0
case_0417,review_in_progress,2024-01-22 09:00:00-05:00,reviewer_003,complete,renewal,normal,32.29
case_0417,health_inspection,2024-01-29 09:00:00-05:00,inspector_001,complete,renewal,normal,87.59
case_0417,approved,2024-02-01 09:00:00-05:00,,complete,renewal,normal,0.0
case_0418,submitted,2024-01-02 09:00:00-05:00,,complete,new_business,normal,0.0
case_0418,intake_validation,2024-01-04 09:00:00-05:00,clerk_002,complete,new_business,normal,66.85
case_0418,assigned_to_reviewer,2024-01-08 09:00:00-05:00,,complete,new_business,normal,0.0
case_0418,review_in_progress,2024-01-08 09:28:16.146478-05:00,reviewer_004,complete,new_business,normal,63.43
case_0418,health_inspection,2024-01-11 16:24:15.392525-05:00,inspector_001,complete,new_business,normal,35.35
case_0418,approved,2024-01-16 09:00:00-05:00,,complete,new_business,normal,0.0
case_0419,submitted,2024-01-02 09:00:00-05:00,,complete,new_business,normal,0.0
case_0419,intake_validation,2024-01-03 15:18:37.810111-05:00,clerk_003,complete,new_business,normal,28.18
case_0419,assigned_to_reviewer,2024-01-05 09:00:00-05:00,,complete,new_business,normal,0.0
case_0419,review_in_progress,2024-01-05 09:12:39.222006-05:00,reviewer_004,complete,new_business,normal,36.67
case_0419,health_inspection,2024-01-10 09:00:00-05:00,inspector_003,complete,new_business,normal,56.55
case_0419,approved,2024-01-16 09:00:00-05:00,,complete,new_business,normal,0.0
case_0420,submitted,2024-01-02 09:00:00-05:00,,complete,renewal,normal,0.0
case_0420,intake_validation,2024-01-03 10:15:09.145777-05:00,clerk_002,complete,renewal,normal,49.55
case_0420,assigned_to_reviewer,2024-01-08 09:00:00-05:00,,complete,renewal,normal,0.0
case_0420,review_in_progress,2024-01-08 09:08:48.906955-05:00,reviewer_002,complete,renewal,normal,37.2
case_0420,health_inspection,2024-01-12 12:38:23.469271-05:00,inspector_003,complete,renewal,normal,61.21
case_0420,rejected,2024-01-18 13:54:55.398198-05:00,,complete,renewal,normal,0.0
case_0421,submitted,2024-01-02 09:00:00-05:00,,complete,renewal,normal,0.0
case_0421,intake_validation,2024-01-04 09:00:00-05:00,clerk_003,complete,renewal,normal,42.43
case_0421,rejected,2024-01-08 09:00:00-05:00,,complete,renewal,normal,0.0
case_0422,submitted,2024-01-02 09:00:00-05:00,,complete,existing_business,normal,0.0
case_0422,intake_validation,2024-01-04 09:00:00-05:00,clerk_002,complete,existing_business,normal,32.39
case_0422,assigned_to_reviewer,2024-01-08 10:39:09.127624-05:00,,complete,existing_business,normal,0.0
case_0422,review_in_progress,2024-01-08 10:49:26.895688-05:00,reviewer_001,complete,existing_business,normal,32.87
case_0422,health_inspection,2024-01-10 09:00:00-05:00,inspector_002,complete,existing_business,normal,56.52
case_0422,approved,2024-01-16 09:00:00-05:00,,complete,existing_business,normal,0.0
case_0423,submitted,2024-01-02 09:00:00-05:00,,complete,existing_business,normal,0.0
case_0423,intake_validation,2024-01-03 10:03:14.462297-05:00,clerk_001,complete,existing_business,normal,21.8
case_0423,assigned_to_reviewer,2024-01-05 14:42:54.995102-05:00,,complete,existing_business,normal,0.0
case_0423,review_in_progress,2024-01-05 15:12:51.008573-05:00,reviewer_002,complete,existing_business,normal,21.71
case_0423,request_additional_info,2024-01-11 09:00:00-05:00,,complete,existing_business,normal,0.0
case_0423,applicant_provided_info,2024-01-17 09:00:00-05:00,,complete,existing_business,normal,0.0
case_0423,review_in_progress,2024-01-19 09:41:31.514219-05:00,reviewer_001,complete,existing_business,normal,47.37
case_0423,request_additional_info,2024-01-22 09:00:00-05:00,,complete,existing_business,normal,0.0
case_0423,applicant_provided_info,2024-01-24 09:00:00-05:00,,complete,existing_business,normal,0.0
case_0423,review_in_progress,2024-01-26 10:29:44.920823-05:00,reviewer_003,complete,existing_business,normal,19.76
case_0423,request_additional_info,2024-01-31 09:18:03.089436-05:00,,complete,existing_business,normal,0.0
case_0423,applicant_provided_info,2024-02-01 11:42:07.126394-05:00,,complete,existing_business,normal,0.0
case_0423,review_in_progress,2024-02-05 09:00:00-05:00,reviewer_003,complete,existing_business,normal,66.55
case_0423,request_additional_info,2024-02-12 09:00:00-05:00,,complete,existing_business,normal,0.0
case_0423,applicant_provided_info,2024-02-16 09:00:00-05:00,,complete,existing_business,normal,0.0
case_0423,review_in_progress,2024-02-20 09:00:00-05:00,reviewer_004,complete,existing_business,normal,38.86
case_0423,health_inspection,2024-02-26 09:00:00-05:00,inspector_002,complete,existing_business,normal,48.41
case_0423,approved,2024-03-04 09:00:00-05:00,,complete,existing_business,normal,0.0
case_0424,submitted,2024-01-02 09:00:00-05:00,,complete,new_business,low,0.0
case_0424,intake_validation,2024-01-04 09:00:00-05:00,clerk_002,complete,new_business,low,59.86
case_0424,assigned_to_reviewer,2024-01-08 09:00:00-05:00,,complete,new_business,low,0.0
case_0424,review_in_progress,2024-01-08 09:08:47.416834-05:00,reviewer_003,complete,new_business,low,57.89
case_0424,request_additional_info,2024-01-16 09:00:00-05:00,,complete,new_business,low,0.0
case_0424,applicant_provided_info,2024-01-18 16:19:25.401682-05:00,,complete,new_business,low,0.0
case_0424,review_in_progress,2024-01-22 09:00:00-05:00,reviewer_002,complete,new_business,low,68.44
case_0424,request_additional_info,2024-01-29 09:00:00-05:00,,complete,new_business,low,0.0
case_0424,applicant_provided_info,2024-01-31 12:30:59.013202-05:00,,complete,new_business,low,0.0
case_0424,review_in_progress,2024-02-02 15:42:07.301227-05:00,reviewer_003,complete,new_business,low,53.61
case_0424,health_inspection,2024-02-05 14:25:15.523219-05:00,inspector_003,complete,new_business,low,57.42
case_0424,approved,2024-02-07 15:55:30.429355-05:00,,complete,new_business,low,0.0
case_0425,submitted,2024-01-02 09:00:00-05:00,,complete,existing_business,normal,0.0
case_0425,intake_validation,2024-01-04 09:00:00-05:00,clerk_002,complete,existing_business,normal,30.75
case_0425,assigned_to_reviewer,2024-01-08 09:00:00-05:00,,complete,existing_business,normal,0.0
case_0425,review_in_progress,2024-01-08 09:18:54.646249-05:00,reviewer_003,complete,existing_business,normal,29.23
case_0425,request_additional_info,2024-01-11 10:17:36.707009-05:00,,complete,existing_business,normal,0.0
case_0425,applicant_provided_info,2024-01-16 09:00:00-05:00,,complete,existing_business,normal,0.0
case_0425,review_in_progress,2024-01-19 09:00:00-05:00,reviewer_004,complete,existing_business,normal,71.76
case_0425,health_inspection,2024-01-22 09:46:37.795808-05:00,inspector_001,complete,existing_business,normal,63.95
case_0425,approved,2024-01-26 13:59:29.575212-05:00,,complete,existing_business,normal,0.0
case_0426,submitted,2024-01-02 09:00:00-05:00,,complete,new_business,normal,0.0
case_0426,intake_validation,2024-01-04 09:00:00-05:00,clerk_002,complete,new_business,normal,29.21
case_0426,assigned_to_reviewer,2024-01-05 13:33:54.643650-05:00,,complete,new_business,normal,0.0
case_0426,review_in_progress,2024-01-05 13:55:27.592741-05:00,reviewer_004,complete,new_business,normal,28.01
case_0426,health_inspection,2024-01-09 09:00:00-05:00,inspector_001,complete,new_business,normal,56.02
case_0426,approved,2024-01-16 09:00:00-05:00,,complete,new_business,normal,0.0
case_0427,submitted,2024-01-02 09:00:00-05:00,,complete,new_business,normal,0.0
case_0427,intake_validation,2024-01-04 09:00:00-05:00,clerk_001,complete,new_business,normal,34.57
case_0427,assigned_to_reviewer,2024-01-08 09:00:00-05:00,,complete,new_business,normal,0.0
case_0427,review_in_progress,2024-01-08 09:27:37.246355-05:00,reviewer_002,complete,new_business,normal,55.61
case_0427,health_inspection,2024-01-12 09:00:00-05:00,inspector_003,complete,new_business,normal,13.2
case_0427,rejected,2024-01-18 16:40:10.975616-05:00,,complete,new_business,normal,0.0
case_0428,submitted,2024-01-02 09:00:00-05:00,,complete,renewal,high,0.0
case_0428,intake_validation,2024-01-03 12:07:02.567437-05:00,clerk_003,complete,renewal,high,62.68
case_0428,assigned_to_reviewer,2024-01-08 09:00:00-05:00,,complete,renewal,high,0.0
case_0428,review_in_progress,2024-01-08 09:09:58.092597-05:00,reviewer_001,complete,renewal,high,47.61
case_0428,health_inspection,2024-01-11 13:42:54.189035-05:00,inspector_001,complete,renewal,high,51.89
case_0428,approved,2024-01-16 09:00:00-05:00,,complete,renewal,high,0.0
case_0429,submitted,2024-01-02 09:00:00-05:00,,complete,new_business,normal,0.0
case_0429,intake_validation,2024-01-04 09:00:00-05:00,clerk_002,complete,new_business,normal,56.24
case_0429,assigned_to_reviewer,2024-01-08 09:00:00-05:00,,complete,new_business,normal,0.0
case_0429,review_in_progress,2024-01-08 09:22:56.962705-05:00,reviewer_001,complete,new_business,normal,67.6
case_0429,request_additional_info,2024-01-10 09:00:00-05:00,,complete,new_business,normal,0.0
case_0429,applicant_provided_info,2024-01-16 09:00:00-05:00,,complete,new_business,normal,0.0
case_0429,review_in_progress,2024-01-19 09:00:00-05:00,reviewer_001,complete,new_business,normal,68.39
case_0429,request_additional_info,2024-01-22 09:00:00-05:00,,complete,new_business,normal,0.0
case_0429,applicant_provided_info,2024-01-24 16:55:26.192366-05:00,,complete,new_business,normal,0.0
case_0429,review_in_progress,2024-01-29 09:00:00-05:00,reviewer_002,complete,new_business,normal,59.15
case_0429,request_additional_info,2024-02-05 09:00:00-05:00,,complete,new_business,normal,0.0
case_0429,applicant_provided_info,2024-02-07 09:00:00-05:00,,complete,new_business,normal,0.0
case_0429,review_in_progress,2024-02-09 14:04:10.474528-05:00,reviewer_002,complete,new_business,normal,31.54
case_0429,health_inspection,2024-02-15 09:00:00-05:00,inspector_002,complete,new_business,normal,51.73
case_0429,approved,2024-02-26 09:00:00-05:00,,complete,new_business,normal,0.0
case_0430,submitted,2024-01-02 09:00:00-05:00,,complete,existing_business,high,0.0
case_0430,intake_validation,2024-01-03 10:59:00.136751-05:00,clerk_001,complete,existing_business,high,46.4
case_0430,rejected,2024-01-05 16:53:24.792066-05:00,,complete,existing_business,high,0.0
case_0431,submitted,2024-01-02 09:00:00-05:00,,complete,new_business,normal,0.0
case_0431,intake_validation,2024-01-04 09:00:00-05:00,clerk_003,complete,new_business,normal,28.99
case_0431,assigned_to_reviewer,2024-01-08 09:00:00-05:00,,complete,new_business,normal,0.0
case_0431,review_in_progress,2024-01-08 09:20:29.235908-05:00,reviewer_002,complete,new_business,normal,64.92
case_0431,health_inspection,2024-01-16 09:00:00-05:00,inspector_002,complete,new_business,normal,32.61
case_0431,approved,2024-01-25 09:00:00-05:00,,complete,new_business,normal,0.0
case_0432,submitted,2024-01-02 09:00:00-05:00,,complete,new_business,low,0.0
case_0432,intake_validation,2024-01-04 09:00:00-05:00,clerk_001,complete,new_business,low,69.76
case_0432,assigned_to_reviewer,2024-01-08 09:00:00-05:00,,complete,new_business,low,0.0
case_0432,review_in_progress,2024-01-08 09:07:09.902781-05:00,reviewer_001,complete,new_business,low,35.68
case_0432,health_inspection,2024-01-11 16:59:41.711641-05:00,inspector_002,complete,new_business,low,50.93
case_0432,approved,2024-01-16 09:00:00-05:00,,complete,new_business,low,0.0
case_0433,submitted,2024-01-02 09:00:00-05:00,,complete,new_business,normal,0.0
case_0433,intake_validation,2024-01-03 16:47:28.252321-05:00,clerk_002,complete,new_business,normal,47.44
case_0433,assigned_to_reviewer,2024-01-08 09:00:00-05:00,,complete,new_business,normal,0.0
case_0433,review_in_progress,2024-01-08 09:08:16.184508-05:00,reviewer_003,complete,new_business,normal,53.2
case_0433,health_inspection,2024-01-11 16:10:37.446165-05:00,inspector_002,complete,new_business,normal,51.04
case_0433,approved,2024-01-19 16:02:11.461771-05:00,,complete,new_business,normal,0.0
case_0434,submitted,2024-01-02 09:00:00-05:00,,complete,new_business,low,0.0
case_0434,intake_validation,2024-01-03 12:31:19.238640-05:00,clerk_002,complete,new_business,low,78.01
case_0434,assigned_to_reviewer,2024-01-08 09:00:00-05:00,,complete,new_business,low,0.0
case_0434,review_in_progress,2024-01-08 09:07:53.421407-05:00,reviewer_004,complete,new_business,low,47.18
case_0434,request_additional_info,2024-01-16 09:00:00-05:00,,complete,new_business,low,0.0
case_0434,applicant_provided_info,2024-01-22 16:08:28.507653-05:00,,complete,new_business,low,0.0
case_0434,review_in_progress,2024-01-25 09:00:00-05:00,reviewer_001,complete,new_business,low,51.49
case_0434,health_inspection,2024-01-29 09:00:00-05:00,inspector_003,complete,new_business,low,51.05
case_0434,approved,2024-02-01 14:53:24.142925-05:00,,complete,new_business,low,0.0
case_0435,submitted,2024-01-02 09:00:00-05:00,,complete,renewal,normal,0.0
case_0435,intake_validation,2024-01-03 15:38:40.169271-05:00,clerk_002,complete,renewal,normal,76.85
case_0435,assigned_to_reviewer,2024-01-08 09:00:00-05:00,,complete,renewal,normal,0.0
case_0435,review_in_progress,2024-01-08 09:15:46.343220-05:00,reviewer_002,complete,renewal,normal,58.11
case_0435,health_inspection,2024-01-16 09:00:00-05:00,inspector_001,complete,renewal,normal,58.61
case_0435,approved,2024-01-17 09:00:00-05:00,,complete,renewal,normal,0.0
case_0436,submitted,2024-01-02 09:00:00-05:00,,complete,renewal,normal,0.0
case_0436,intake_validation,2024-01-04 09:00:00-05:00,clerk_002,complete,renewal,normal,23.49
case_0436,assigned_to_reviewer,2024-01-05 13:06:43.217824-05:00,,complete,renewal,normal,0.0
case_0436,review_in_progress,2024-01-05 13:23:23.129436-05:00,reviewer_004,complete,renewal,normal,72.2
case_0436,request_additional_info,2024-01-08 13:37:11.746658-05:00,,complete,renewal,normal,0.0
case_0436,applicant_provided_info,2024-01-11 09:00:00-05:00,,complete,renewal,normal,0.0
case_0436,review_in_progress,2024-01-16 09:00:00-05:00,reviewer_003,complete,renewal,normal,37.21
case_0436,health_inspection,2024-01-19 09:00:00-05:00,inspector_001,complete,renewal,normal,44.81
case_0436,approved,2024-01-22 09:00:00-05:00,,complete,renewal,normal,0.0
case_0437,submitted,2024-01-02 09:00:00-05:00,,complete,new_business,low,0.0
case_0437,intake_validation,2024-01-04 09:00:00-05:00,clerk_001,complete,new_business,low,68.86
case_0437,assigned_to_reviewer,2024-01-08 09:00:00-05:00,,complete,new_business,low,0.0
case_0437,review_in_progress,2024-01-08 09:09:09.644241-05:00,reviewer_004,complete,new_business,low,46.81
case_0437,health_inspection,2024-01-11 09:00:00-05:00,inspector_002,complete,new_business,low,53.83
case_0437,approved,2024-01-19 09:00:00-05:00,,complete,new_business,low,0.0
case_0438,submitted,2024-01-02 09:00:00-05:00,,complete,existing_business,normal,0.0
case_0438,intake_validation,2024-01-04 09:00:00-05:00,clerk_002,complete,existing_business,normal,57.96
case_0438,assigned_to_reviewer,2024-01-08 09:00:00-05:00,,complete,existing_business,normal,0.0
case_0438,review_in_progress,2024-01-08 09:24:16.924510-05:00,reviewer_003,complete,existing_business,normal,26.86
case_0438,request_additional_info,2024-01-12 09:00:00-05:00,,complete,existing_business,normal,0.0
case_0438,withdrawn,2024-01-16 09:00:00-05:00,,complete,existing_business,normal,0.0
case_0439,submitted,2024-01-02 09:00:00-05:00,,complete,existing_business,normal,0.0
case_0439,intake_validation,2024-01-04 09:00:00-05:00,clerk_001,complete,existing_business,normal,68.61
case_0439,assigned_to_reviewer,2024-01-08 09:00:00-05:00,,complete,existing_business,normal,0.0
case_0439,review_in_progress,2024-01-08 09:29:22.916244-05:00,reviewer_003,complete,existing_business,normal,43.99
case_0439,request_additional_info,2024-01-12 09:00:00-05:00,,complete,existing_business,normal,0.0
case_0439,withdrawn,2024-01-18 09:00:00-05:00,,complete,existing_business,normal,0.0
case_0440,submitted,2024-01-02 09:00:00-05:00,,complete,existing_business,normal,0.0
case_0440,intake_validation,2024-01-04 09:00:00-05:00,clerk_002,complete,existing_business,normal,44.43
case_0440,assigned_to_reviewer,2024-01-08 09:00:00-05:00,,complete,existing_business,normal,0.0
case_0440,review_in_progress,2024-01-08 09:19:14.962598-05:00,reviewer_004,complete,existing_business,normal,57.61
case_0440,request_additional_info,2024-01-16 09:00:00-05:00,,complete,existing_business,normal,0.0
case_0440,applicant_provided_info,2024-01-23 09:00:00-05:00,,complete,existing_business,normal,0.0
case_0440,review_in_progress,2024-01-25 16:01:53.637513-05:00,reviewer_002,complete,existing_business,normal,62.22
case_0440,request_additional_info,2024-01-30 09:00:00-05:00,,complete,existing_business,normal,0.0
case_0440,applicant_provided_info,2024-02-06 09:00:00-05:00,,complete,existing_business,normal,0.0
case_0440,review_in_progress,2024-02-09 09:00:00-05:00,reviewer_001,complete,existing_business,normal,39.32
case_0440,health_inspection,2024-02-12 14:15:02.910711-05:00,inspector_003,complete,existing_business,normal,41.82
case_0440,approved,2024-02-13 15:14:31.220621-05:00,,complete,existing_business,normal,0.0
case_0441,submitted,2024-01-02 09:00:00-05:00,,complete,renewal,high,0.0
case_0441,intake_validation,2024-01-03 10:41:19.589013-05:00,clerk_001,complete,renewal,high,48.38
case_0441,assigned_to_reviewer,2024-01-05 12:25:52.077279-05:00,,complete,renewal,high,0.0
case_0441,review_in_progress,2024-01-05 12:32:26.234261-05:00,reviewer_003,complete,renewal,high,42.56
case_0441,request_additional_info,2024-01-08 09:38:02.262330-05:00,,complete,renewal,high,0.0
case_0441,applicant_provided_info,2024-01-16 09:00:00-05:00,,complete,renewal,high,0.0
case_0441,review_in_progress,2024-01-19 09:00:00-05:00,reviewer_003,complete,renewal,high,43.04
case_0441,request_additional_info,2024-01-22 09:00:00-05:00,,complete,renewal,high,0.0
case_0441,applicant_provided_info,2024-01-29 09:00:00-05:00,,complete,renewal,high,0.0
case_0441,review_in_progress,2024-01-31 13:03:17.579477-05:00,reviewer_002,complete,renewal,high,53.35
case_0441,health_inspection,2024-02-08 09:00:00-05:00,inspector_001,complete,renewal,high,46.31
case_0441,approved,2024-02-14 09:00:00-05:00,,complete,renewal,high,0.0
case_0442,submitted,2024-01-02 09:00:00-05:00,,complete,existing_business,normal,0.0
case_0442,intake_validation,2024-01-04 09:00:00-05:00,clerk_002,complete,existing_business,normal,45.42
case_0442,assigned_to_reviewer,2024-01-08 09:00:00-05:00,,complete,existing_business,normal,0.0
case_0442,review_in_progress,2024-01-08 09:12:55.339819-05:00,reviewer_002,complete,existing_business,normal,41.9
case_0442,request_additional_info,2024-01-16 09:00:00-05:00,,complete,existing_business,normal,0.0
case_0442,applicant_provided_info,2024-01-22 09:00:00-05:00,,complete,existing_business,normal,0.0
case_0442,review_in_progress,2024-01-24 16:04:37.598862-05:00,reviewer_003,complete,existing_business,normal,59.45
case_0442,health_inspection,2024-01-29 09:00:00-05:00,inspector_002,complete,existing_business,normal,60.19
case_0442,approved,2024-02-02 09:00:00-05:00,,complete,existing_business,normal,0.0
case_0443,submitted,2024-01-02 09:00:00-05:00,,complete,renewal,normal,0.0
case_0443,intake_validation,2024-01-04 09:00:00-05:00,clerk_001,complete,renewal,normal,51.81
case_0443,assigned_to_reviewer,2024-01-05 16:18:08.022652-05:00,,complete,renewal,normal,0.0
case_0443,review_in_progress,2024-01-05 16:31:40.609230-05:00,reviewer_004,complete,renewal,normal,40.91
case_0443,request_additional_info,2024-01-09 09:00:00-05:00,,complete,renewal,normal,0.0
case_0443,withdrawn,2024-01-10 11:02:58.177651-05:00,,complete,renewal,normal,0.0
case_0444,submitted,2024-01-02 09:00:00-05:00,,complete,new_business,normal,0.0
case_0444,intake_validation,2024-01-03 15:40:46.463404-05:00,clerk_003,complete,new_business,normal,50.85
case_0444,assigned_to_reviewer,2024-01-08 09:00:00-05:00,,complete,new_business,normal,0.0
case_0444,review_in_progress,2024-01-08 09:27:54.291608-05:00,reviewer_004,complete,new_business,normal,64.84
case_0444,health_inspection,2024-01-12 09:00:00-05:00,inspector_002,complete,new_business,normal,28.38
case_0444,approved,2024-01-16 14:33:12.176744-05:00,,complete,new_business,normal,0.0
case_0445,submitted,2024-01-02 09:00:00-05:00,,complete,existing_business,normal,0.0
case_0445,intake_validation,2024-01-04 09:00:00-05:00,clerk_003,complete,existing_business,normal,68.21
case_0445,assigned_to_reviewer,2024-01-08 09:00:00-05:00,,complete,existing_business,normal,0.0
case_0445,review_in_progress,2024-01-08 09:22:33.166615-05:00,reviewer_002,complete,existing_business,normal,56.68
case_0445,health_inspection,2024-01-16 09:00:00-05:00,inspector_002,complete,existing_business,normal,43.78
case_0445,approved,2024-01-19 09:00:00-05:00,,complete,existing_business,normal,0.0
case_0446,submitted,2024-01-02 09:00:00-05:00,,complete,new_business,normal,0.0
case_0446,intake_validation,2024-01-03 14:27:43.451900-05:00,clerk_002,complete,new_business,normal,47.89
case_0446,assigned_to_reviewer,2024-01-08 09:00:00-05:00,,complete,new_business,normal,0.0
case_0446,review_in_progress,2024-01-08 09:13:39.156008-05:00,reviewer_002,complete,new_business,normal,54.66
case_0446,health_inspection,2024-01-12 09:00:00-05:00,inspector_002,complete,new_business,normal,54.18
case_0446,rejected,2024-01-18 09:00:00-05:00,,complete,new_business,normal,0.0
case_0447,submitted,2024-01-02 09:00:00-05:00,,complete,renewal,high,0.0
case_0447,intake_validation,2024-01-03 13:40:30.613253-05:00,clerk_002,complete,renewal,high,49.55
case_0447,assigned_to_reviewer,2024-01-08 09:00:00-05:00,,complete,renewal,high,0.0
case_0447,review_in_progress,2024-01-08 09:10:14.205902-05:00,reviewer_002,complete,renewal,high,50.13
case_0447,request_additional_info,2024-01-16 09:00:00-05:00,,complete,renewal,high,0.0
case_0447,applicant_provided_info,2024-01-19 09:00:00-05:00,,complete,renewal,high,0.0
case_0447,review_in_progress,2024-01-22 09:00:00-05:00,reviewer_002,complete,renewal,high,85.84
case_0447,health_inspection,2024-01-29 09:00:00-05:00,inspector_002,complete,renewal,high,44.84
case_0447,approved,2024-02-01 09:00:00-05:00,,complete,renewal,high,0.0
case_0448,submitted,2024-01-02 09:00:00-05:00,,complete,existing_business,high,0.0
case_0448,intake_validation,2024-01-04 09:00:00-05:00,clerk_001,complete,existing_business,high,54.58
case_0448,assigned_to_reviewer,2024-01-05 12:23:32.588525-05:00,,complete,existing_business,high,0.0
case_0448,review_in_progress,2024-01-05 12:42:16.363833-05:00,reviewer_002,complete,existing_business,high,24.97
case_0448,health_inspection,2024-01-11 09:00:00-05:00,inspector_001,complete,existing_business,high,52.71
case_0448,approved,2024-01-17 09:00:00-05:00,,complete,existing_business,high,0.0
case_0449,submitted,2024-01-02 09:00:00-05:00,,complete,existing_business,high,0.0
case_0449,intake_validation,2024-01-04 09:00:00-05:00,clerk_001,complete,existing_business,high,23.81
case_0449,assigned_to_reviewer,2024-01-08 09:00:00-05:00,,complete,existing_business,high,0.0
case_0449,review_in_progress,2024-01-08 09:13:17.210094-05:00,reviewer_002,complete,existing_business,high,34.93
case_0449,health_inspection,2024-01-16 09:00:00-05:00,inspector_002,complete,existing_business,high,69.7
case_0449,rejected,2024-01-23 13:13:12.656282-05:00,,complete,existing_business,high,0.0
case_0450,submitted,2024-01-02 09:00:00-05:00,,complete,renewal,high,0.0
case_0450,intake_validation,2024-01-04 09:00:00-05:00,clerk_002,complete,renewal,high,56.13
case_0450,assigned_to_reviewer,2024-01-08 09:00:00-05:00,,complete,renewal,high,0.0
case_0450,review_in_progress,2024-01-08 09:24:58.924757-05:00,reviewer_003,complete,renewal,high,73.02
case_0450,health_inspection,2024-01-11 09:00:00-05:00,inspector_003,complete,renewal,high,58.77
case_0450,approved,2024-01-16 09:00:00-05:00,,complete,renewal,high,0.0
case_0451,submitted,2024-01-02 09:00:00-05:00,,complete,new_business,high,0.0
case_0451,intake_validation,2024-01-04 09:00:00-05:00,clerk_003,complete,new_business,high,56.96
case_0451,assigned_to_reviewer,2024-01-08 09:00:00-05:00,,complete,new_business,high,0.0
case_0451,review_in_progress,2024-01-08 09:15:00.027306-05:00,reviewer_003,complete,new_business,high,47.65
case_0451,health_inspection,2024-01-16 09:00:00-05:00,inspector_003,complete,new_business,high,64.21
case_0451,approved,2024-01-19 09:00:00-05:00,,complete,new_business,high,0.0
case_0452,submitted,2024-01-02 09:00:00-05:00,,complete,new_business,low,0.0
case_0452,intake_validation,2024-01-03 13:47:59.508166-05:00,clerk_001,complete,new_business,low,27.17
case_0452,assigned_to_reviewer,2024-01-05 09:00:00-05:00,,complete,new_business,low,0.0
case_0452,review_in_progress,2024-01-05 09:06:31.466605-05:00,reviewer_001,complete,new_business,low,38.77
case_0452,health_inspection,2024-01-08 11:51:56.890137-05:00,inspector_003,complete,new_business,low,63.49
case_0452,approved,2024-01-16 09:00:00-05:00,,complete,new_business,low,0.0
case_0453,submitted,2024-01-02 09:00:00-05:00,,complete,existing_business,normal,0.0
case_0453,intake_validation,2024-01-04 09:00:00-05:00,clerk_003,complete,existing_business,normal,40.85
case_0453,assigned_to_reviewer,2024-01-05 10:06:38.299636-05:00,,complete,existing_business,normal,0.0
case_0453,review_in_progress,2024-01-05 10:22:08.983129-05:00,reviewer_001,complete,existing_business,normal,17.38
case_0453,health_inspection,2024-01-08 09:00:00-05:00,inspector_001,complete,existing_business,normal,44.12
case_0453,approved,2024-01-12 09:00:00-05:00,,complete,existing_business,normal,0.0
case_0454,submitted,2024-01-02 09:00:00-05:00,,complete,existing_business,normal,0.0
case_0454,intake_validation,2024-01-04 09:00:00-05:00,clerk_003,complete,existing_business,normal,53.53
case_0454,assigned_to_reviewer,2024-01-08 09:00:00-05:00,,complete,existing_business,normal,0.0
case_0454,review_in_progress,2024-01-08 09:28:08.395509-05:00,reviewer_004,complete,existing_business,normal,31.86
case_0454,health_inspection,2024-01-16 09:00:00-05:00,inspector_001,complete,existing_business,normal,20.52
case_0454,approved,2024-01-22 09:00:00-05:00,,complete,existing_business,normal,0.0
case_0455,submitted,2024-01-02 09:00:00-05:00,,complete,existing_business,normal,0.0
case_0455,intake_validation,2024-01-04 09:00:00-05:00,clerk_002,complete,existing_business,normal,59.32
case_0455,rejected,2024-01-05 15:42:39.353511-05:00,,complete,existing_business,normal,0.0
case_0456,submitted,2024-01-02 09:00:00-05:00,,complete,new_business,low,0.0
case_0456,intake_validation,2024-01-04 09:00:00-05:00,clerk_001,complete,new_business,low,43.91
case_0456,assigned_to_reviewer,2024-01-08 09:00:00-05:00,,complete,new_business,low,0.0
case_0456,review_in_progress,2024-01-08 09:19:47.191317-05:00,reviewer_004,complete,new_business,low,38.13
case_0456,request_additional_info,2024-01-16 09:00:00-05:00,,complete,new_business,low,0.0
case_0456,applicant_provided_info,2024-01-18 14:41:05.138387-05:00,,complete,new_business,low,0.0
case_0456,review_in_progress,2024-01-22 09:00:00-05:00,reviewer_004,complete,new_business,low,53.44
case_0456,health_inspection,2024-01-29 09:00:00-05:00,inspector_001,complete,new_business,low,31.62
case_0456,approved,2024-01-31 09:00:00-05:00,,complete,new_business,low,0.0
case_0457,submitted,2024-01-02 09:00:00-05:00,,complete,new_business,high,0.0
case_0457,intake_validation,2024-01-04 09:00:00-05:00,clerk_003,complete,new_business,high,23.59
case_0457,assigned_to_reviewer,2024-01-08 09:00:00-05:00,,complete,new_business,high,0.0
case_0457,review_in_progress,2024-01-08 09:23:45.474381-05:00,reviewer_002,complete,new_business,high,60.53
case_0457,health_inspection,2024-01-12 09:00:00-05:00,inspector_003,complete,new_business,high,57.77
case_0457,approved,2024-01-19 09:00:00-05:00,,complete,new_business,high,0.0
case_0458,submitted,2024-01-02 09:00:00-05:00,,complete,existing_business,low,0.0
case_0458,intake_validation,2024-01-04 09:00:00-05:00,clerk_001,complete,existing_business,low,55.13
case_0458,assigned_to_reviewer,2024-01-05 12:49:15.466047-05:00,,complete,existing_business,low,0.0
case_0458,review_in_progress,2024-01-05 13:03:53.662257-05:00,reviewer_001,complete,existing_business,low,48.26
case_0458,request_additional_info,2024-01-08 14:25:05.590691-05:00,,complete,existing_business,low,0.0
case_0458,withdrawn,2024-01-12 09:00:00-05:00,,complete,existing_business,low,0.0
case_0459,submitted,2024-01-02 09:00:00-05:00,,complete,renewal,normal,0.0
case_0459,intake_validation,2024-01-03 16:12:59.999404-05:00,clerk_001,complete,renewal,normal,50.48
case_0459,assigned_to_reviewer,2024-01-05 11:38:44.831777-05:00,,complete,renewal,normal,0.0
case_0459,review_in_progress,2024-01-05 12:07:34.716945-05:00,reviewer_003,complete,renewal,normal,46.33
case_0459,health_inspection,2024-01-08 09:00:00-05:00,inspector_001,complete,renewal,normal,57.4
case_0459,approved,2024-01-16 09:00:00-05:00,,complete,renewal,normal,0.0
case_0460,submitted,2024-01-02 09:00:00-05:00,,complete,existing_business,high,0.0
case_0460,intake_validation,2024-01-04 09:00:00-05:00,clerk_001,complete,existing_business,high,66.49
case_0460,assigned_to_reviewer,2024-01-08 09:00:00-05:00,,complete,existing_business,high,0.0
case_0460,review_in_progress,2024-01-08 09:10:21.525157-05:00,reviewer_001,complete,existing_business,high,81.1
case_0460,health_inspection,2024-01-10 09:00:00-05:00,inspector_002,complete,existing_business,high,59.9
case_0460,approved,2024-01-16 09:00:00-05:00,,complete,existing_business,high,0.0
case_0461,submitted,2024-01-02 09:00:00-05:00,,complete,renewal,low,0.0
case_0461,intake_validation,2024-01-04 09:00:00-05:00,clerk_002,complete,renewal,low,43.63
case_0461,assigned_to_reviewer,2024-01-08 09:00:00-05:00,,complete,renewal,low,0.0
case_0461,review_in_progress,2024-01-08 09:06:21.511384-05:00,reviewer_001,complete,renewal,low,57.31
case_0461,request_additional_info,2024-01-11 09:00:00-05:00,,complete,renewal,low,0.0
case_0461,applicant_provided_info,2024-01-16 09:00:00-05:00,,complete,renewal,low,0.0
case_0461,review_in_progress,2024-01-19 09:00:00-05:00,reviewer_002,complete,renewal,low,49.46
case_0461,health_inspection,2024-01-25 09:00:00-05:00,inspector_002,complete,renewal,low,36.26
case_0461,approved,2024-02-01 09:00:00-05:00,,complete,renewal,low,0.0
case_0462,submitted,2024-01-02 09:00:00-05:00,,complete,new_business,low,0.0
case_0462,intake_validation,2024-01-03 12:06:55.377706-05:00,clerk_001,complete,new_business,low,65.47
case_0462,assigned_to_reviewer,2024-01-04 09:33:55.973152-05:00,,complete,new_business,low,0.0
case_0462,review_in_progress,2024-01-04 10:01:13.134962-05:00,reviewer_002,complete,new_business,low,58.79
case_0462,request_additional_info,2024-01-09 09:21:56.758536-05:00,,complete,new_business,low,0.0
case_0462,applicant_provided_info,2024-01-16 09:00:00-05:00,,complete,new_business,low,0.0
case_0462,review_in_progress,2024-01-19 09:00:00-05:00,reviewer_001,complete,new_business,low,70.18
case_0462,health_inspection,2024-01-22 09:00:00-05:00,inspector_003,complete,new_business,low,81.87
case_0462,approved,2024-01-25 16:26:39.559030-05:00,,complete,new_business,low,0.0
case_0463,submitted,2024-01-02 09:00:00-05:00,,complete,new_business,low,0.0
case_0463,intake_validation,2024-01-04 09:00:00-05:00,clerk_001,complete,new_business,low,56.96
case_0463,assigned_to_reviewer,2024-01-08 09:00:00-05:00,,complete,new_business,low,0.0
case_0463,review_in_progress,2024-01-08 09:21:05.346607-05:00,reviewer_003,complete,new_business,low,40.04
case_0463,health_inspection,2024-01-12 09:00:00-05:00,inspector_001,complete,new_business,low,53.09
case_0463,approved,2024-01-18 09:00:00-05:00,,complete,new_business,low,0.0
case_0464,submitted,2024-01-02 09:00:00-05:00,,complete,renewal,normal,0.0
case_0464,intake_validation,2024-01-04 09:00:00-05:00,clerk_002,complete,renewal,normal,43.23
case_0464,assigned_to_reviewer,2024-01-08 09:00:00-05:00,,complete,renewal,normal,0.0
case_0464,review_in_progress,2024-01-08 09:21:24.901479-05:00,reviewer_001,complete,renewal,normal,38.05
case_0464,health_inspection,2024-01-10 09:00:00-05:00,inspector_002,complete,renewal,normal,41.36
case_0464,rejected,2024-01-16 09:00:00-05:00,,complete,renewal,normal,0.0
case_0465,submitted,2024-01-02 09:00:00-05:00,,complete,existing_business,high,0.0
case_0465,intake_validation,2024-01-04 09:00:00-05:00,clerk_003,complete,existing_business,high,79.24
case_0465,assigned_to_reviewer,2024-01-08 09:00:00-05:00,,complete,existing_business,high,0.0
case_0465,review_in_progress,2024-01-08 09:06:24.075703-05:00,reviewer_002,complete,existing_business,high,43.07
case_0465,request_additional_info,2024-01-16 09:00:00-05:00,,complete,existing_business,high,0.0
case_0465,applicant_provided_info,2024-01-19 13:13:20.948319-05:00,,complete,existing_business,high,0.0
case_0465,review_in_progress,2024-01-22 11:57:15.874708-05:00,reviewer_002,complete,existing_business,high,44.9
case_0465,request_additional_info,2024-01-25 09:00:00-05:00,,complete,existing_business,high,0.0
case_0465,applicant_provided_info,2024-01-30 09:00:00-05:00,,complete,existing_business,high,0.0
case_0465,review_in_progress,2024-02-02 09:00:00-05:00,reviewer_004,complete,existing_business,high,27.11
case_0465,request_additional_info,2024-02-06 09:00:00-05:00,,complete,existing_business,high,0.0
case_0465,withdrawn,2024-02-09 09:00:00-05:00,,complete,existing_business,high,0.0
case_0466,submitted,2024-01-02 09:00:00-05:00,,complete,existing_business,high,0.0
case_0466,intake_validation,2024-01-03 12:16:00.757434-05:00,clerk_001,complete,existing_business,high,31.15
case_0466,assigned_to_reviewer,2024-01-05 09:00:00-05:00,,complete,existing_business,high,0.0
case_0466,review_in_progress,2024-01-05 09:28:09.195100-05:00,reviewer_004,complete,existing_business,high,64.36
case_0466,request_additional_info,2024-01-08 09:00:00-05:00,,complete,existing_business,high,0.0
case_0466,withdrawn,2024-01-16 09:00:00-05:00,,complete,existing_business,high,0.0
case_0467,submitted,2024-01-02 09:00:00-05:00,,complete,existing_business,normal,0.0
case_0467,intake_validation,2024-01-04 09:00:00-05:00,clerk_003,complete,existing_business,normal,55.61
case_0467,assigned_to_reviewer,2024-01-05 12:23:07.867075-05:00,,complete,existing_business,normal,0.0
case_0467,review_in_progress,2024-01-05 12:50:33.266515-05:00,reviewer_004,complete,existing_business,normal,58.09
case_0467,request_additional_info,2024-01-09 09:00:00-05:00,,complete,existing_business,normal,0.0
case_0467,applicant_provided_info,2024-01-10 10:33:02.668618-05:00,,complete,existing_business,normal,0.0
case_0467,review_in_progress,2024-01-16 09:00:00-05:00,reviewer_003,complete,existing_business,normal,47.05
case_0467,health_inspection,2024-01-22 09:00:00-05:00,inspector_001,complete,existing_business,normal,49.26
case_0467,rejected,2024-01-24 09:00:00-05:00,,complete,existing_business,normal,0.0
case_0468,submitted,2024-01-02 09:00:00-05:00,,complete,renewal,normal,0.0
case_0468,intake_validation,2024-01-04 09:00:00-05:00,clerk_001,complete,renewal,normal,33.51
case_0468,assigned_to_reviewer,2024-01-08 09:00:00-05:00,,complete,renewal,normal,0.0
case_0468,review_in_progress,2024-01-08 09:22:35.669169-05:00,reviewer_004,complete,renewal,normal,51.11
case_0468,request_additional_info,2024-01-16 09:00:00-05:00,,complete,renewal,normal,0.0
case_0468,withdrawn,2024-01-19 13:12:25.599248-05:00,,complete,renewal,normal,0.0
case_0469,submitted,2024-01-02 09:00:00-05:00,,complete,renewal,high,0.0
case_0469,intake_validation,2024-01-04 09:00:00-05:00,clerk_003,complete,renewal,high,56.91
case_0469,assigned_to_reviewer,2024-01-08 09:00:00-05:00,,complete,renewal,high,0.0
case_0469,review_in_progress,2024-01-08 09:12:02.405959-05:00,reviewer_002,complete,renewal,high,72.11
case_0469,request_additional_info,2024-01-11 09:00:00-05:00,,complete,renewal,high,0.0
case_0469,applicant_provided_info,2024-01-16 09:00:00-05:00,,complete,renewal,high,0.0
case_0469,review_in_progress,2024-01-19 09:00:00-05:00,reviewer_001,complete,renewal,high,13.3
case_0469,health_inspection,2024-01-22 11:28:47.500893-05:00,inspector_003,complete,renewal,high,37.1
case_0469,approved,2024-01-29 09:00:00-05:00,,complete,renewal,high,0.0
case_0470,submitted,2024-01-02 09:00:00-05:00,,complete,renewal,normal,0.0
case_0470,intake_validation,2024-01-04 09:00:00-05:00,clerk_003,complete,renewal,normal,62.77
case_0470,assigned_to_reviewer,2024-01-08 09:00:00-05:00,,complete,renewal,normal,0.0
case_0470,review_in_progress,2024-01-08 09:16:07.434230-05:00,reviewer_004,complete,renewal,normal,34.83
case_0470,health_inspection,2024-01-16 09:00:00-05:00,inspector_003,complete,renewal,normal,71.64
case_0470,approved,2024-01-22 09:00:00-05:00,,complete,renewal,normal,0.0
case_0471,submitted,2024-01-02 09:00:00-05:00,,complete,existing_business,low,0.0
case_0471,intake_validation,2024-01-03 09:34:46.078168-05:00,clerk_001,complete,existing_business,low,73.71
case_0471,assigned_to_reviewer,2024-01-05 10:25:27.956666-05:00,,complete,existing_business,low,0.0
case_0471,review_in_progress,2024-01-05 10:51:06.407209-05:00,reviewer_004,complete,existing_business,low,37.1
case_0471,health_inspection,2024-01-08 10:33:57.736501-05:00,inspector_002,complete,existing_business,low,61.7
case_0471,approved,2024-01-16 09:00:00-05:00,,complete,existing_business,low,0.0
case_0472,submitted,2024-01-02 09:00:00-05:00,,complete,existing_business,normal,0.0
case_0472,intake_validation,2024-01-04 09:00:00-05:00,clerk_003,complete,existing_business,normal,49.34
case_0472,assigned_to_reviewer,2024-01-08 09:00:00-05:00,,complete,existing_business,normal,0.0
case_0472,review_in_progress,2024-01-08 09:23:45.397430-05:00,reviewer_002,complete,existing_business,normal,53.29
case_0472,health_inspection,2024-01-16 09:00:00-05:00,inspector_002,complete,existing_business,normal,43.9
case_0472,approved,2024-01-19 09:00:00-05:00,,complete,existing_business,normal,0.0
case_0473,submitted,2024-01-02 09:00:00-05:00,,complete,renewal,normal,0.0
case_0473,intake_validation,2024-01-04 09:00:00-05:00,clerk_003,complete,renewal,normal,46.78
case_0473,assigned_to_reviewer,2024-01-08 09:00:00-05:00,,complete,renewal,normal,0.0
case_0473,review_in_progress,2024-01-08 09:19:27.098819-05:00,reviewer_003,complete,renewal,normal,56.54
case_0473,health_inspection,2024-01-11 13:58:41.242250-05:00,inspector_001,complete,renewal,normal,24.93
case_0473,approved,2024-01-16 09:00:00-05:00,,complete,renewal,normal,0.0
case_0474,submitted,2024-01-02 09:00:00-05:00,,complete,renewal,normal,0.0
case_0474,intake_validation,2024-01-03 11:29:13.288694-05:00,clerk_003,complete,renewal,normal,32.27
case_0474,assigned_to_reviewer,2024-01-08 09:00:00-05:00,,complete,renewal,normal,0.0
case_0474,review_in_progress,2024-01-08 09:07:58.384706-05:00,reviewer_002,complete,renewal,normal,68.29
case_0474,health_inspection,2024-01-16 09:00:00-05:00,inspector_003,complete,renewal,normal,54.79
case_0474,approved,2024-01-23 09:00:00-05:00,,complete,renewal,normal,0.0
case_0475,submitted,2024-01-02 09:00:00-05:00,,complete,new_business,normal,0.0
case_0475,intake_validation,2024-01-03 14:50:53.969384-05:00,clerk_002,complete,new_business,normal,58.15
case_0475,assigned_to_reviewer,2024-01-08 09:00:00-05:00,,complete,new_business,normal,0.0
case_0475,review_in_progress,2024-01-08 09:26:20.982877-05:00,reviewer_003,complete,new_business,normal,36.79
case_0475,request_additional_info,2024-01-16 09:00:00-05:00,,complete,new_business,normal,0.0
case_0475,withdrawn,2024-01-22 09:00:00-05:00,,complete,new_business,normal,0.0
case_0476,submitted,2024-01-02 09:00:00-05:00,,complete,new_business,normal,0.0
case_0476,intake_validation,2024-01-04 09:00:00-05:00,clerk_001,complete,new_business,normal,26.46
case_0476,assigned_to_reviewer,2024-01-05 10:14:29.442162-05:00,,complete,new_business,normal,0.0
case_0476,review_in_progress,2024-01-05 10:26:24.971475-05:00,reviewer_001,complete,new_business,normal,79.55
case_0476,health_inspection,2024-01-09 09:00:00-05:00,inspector_002,complete,new_business,normal,39.43
case_0476,approved,2024-01-16 09:00:00-05:00,,complete,new_business,normal,0.0
case_0477,submitted,2024-01-02 09:00:00-05:00,,complete,renewal,normal,0.0
case_0477,intake_validation,2024-01-04 09:00:00-05:00,clerk_001,complete,renewal,normal,75.08
case_0477,assigned_to_reviewer,2024-01-08 09:00:00-05:00,,complete,renewal,normal,0.0
case_0477,review_in_progress,2024-01-08 09:28:52.556176-05:00,reviewer_003,complete,renewal,normal,45.19
case_0477,health_inspection,2024-01-11 10:30:31.279983-05:00,inspector_002,complete,renewal,normal,48.13
case_0477,approved,2024-01-16 09:00:00-05:00,,complete,renewal,normal,0.0
case_0478,submitted,2024-01-02 09:00:00-05:00,,complete,renewal,normal,0.0
case_0478,intake_validation,2024-01-04 09:00:00-05:00,clerk_003,complete,renewal,normal,60.4
case_0478,assigned_to_reviewer,2024-01-08 09:00:00-05:00,,complete,renewal,normal,0.0
case_0478,review_in_progress,2024-01-08 09:13:55.967873-05:00,reviewer_004,complete,renewal,normal,49.1
case_0478,health_inspection,2024-01-16 09:00:00-05:00,inspector_002,complete,renewal,normal,49.31
case_0478,approved,2024-01-22 13:23:54.353457-05:00,,complete,renewal,normal,0.0
case_0479,submitted,2024-01-02 09:00:00-05:00,,complete,existing_business,high,0.0
case_0479,intake_validation,2024-01-04 09:00:00-05:00,clerk_002,complete,existing_business,high,51.61
case_0479,assigned_to_reviewer,2024-01-08 09:00:00-05:00,,complete,existing_business,high,0.0
case_0479,review_in_progress,2024-01-08 09:10:18.250775-05:00,reviewer_003,complete,existing_business,high,42.44
case_0479,health_inspection,2024-01-10 15:35:14.454952-05:00,inspector_003,complete,existing_business,high,50.24
case_0479,approved,2024-01-16 09:00:00-05:00,,complete,existing_business,high,0.0
case_0480,submitted,2024-01-02 09:00:00-05:00,,complete,new_business,normal,0.0
case_0480,intake_validation,2024-01-04 09:00:00-05:00,clerk_003,complete,new_business,normal,40.42
case_0480,assigned_to_reviewer,2024-01-08 09:00:00-05:00,,complete,new_business,normal,0.0
case_0480,review_in_progress,2024-01-08 09:21:11.530549-05:00,reviewer_004,complete,new_business,normal,50.02
case_0480,request_additional_info,2024-01-12 09:00:00-05:00,,complete,new_business,normal,0.0
case_0480,applicant_provided_info,2024-01-19 09:00:00-05:00,,complete,new_business,normal,0.0
case_0480,review_in_progress,2024-01-22 09:00:00-05:00,reviewer_004,complete,new_business,normal,48.57
case_0480,request_additional_info,2024-01-25 12:24:20.833148-05:00,,complete,new_business,normal,0.0
case_0480,applicant_provided_info,2024-01-30 09:00:00-05:00,,complete,new_business,normal,0.0
case_0480,review_in_progress,2024-02-02 09:00:00-05:00,reviewer_003,complete,new_business,normal,49.74
case_0480,health_inspection,2024-02-05 09:00:00-05:00,inspector_003,complete,new_business,normal,67.31
case_0480,approved,2024-02-12 09:00:00-05:00,,complete,new_business,normal,0.0
case_0481,submitted,2024-01-02 09:00:00-05:00,,complete,new_business,low,0.0
case_0481,intake_validation,2024-01-04 09:00:00-05:00,clerk_001,complete,new_business,low,39.41
case_0481,assigned_to_reviewer,2024-01-08 09:00:00-05:00,,complete,new_business,low,0.0
case_0481,review_in_progress,2024-01-08 09:25:22.374962-05:00,reviewer_002,complete,new_business,low,44.48
case_0481,health_inspection,2024-01-16 09:00:00-05:00,inspector_002,complete,new_business,low,57.69
case_0481,rejected,2024-01-26 09:00:00-05:00,,complete,new_business,low,0.0
case_0482,submitted,2024-01-02 09:00:00-05:00,,complete,new_business,normal,0.0
case_0482,intake_validation,2024-01-04 09:00:00-05:00,clerk_002,complete,new_business,normal,42.46
case_0482,assigned_to_reviewer,2024-01-08 09:00:00-05:00,,complete,new_business,normal,0.0
case_0482,review_in_progress,2024-01-08 09:15:42.169959-05:00,reviewer_004,complete,new_business,normal,62.16
case_0482,request_additional_info,2024-01-16 09:00:00-05:00,,complete,new_business,normal,0.0
case_0482,applicant_provided_info,2024-01-22 09:00:00-05:00,,complete,new_business,normal,0.0
case_0482,review_in_progress,2024-01-24 11:22:14.623978-05:00,reviewer_003,complete,new_business,normal,42.12
case_0482,health_inspection,2024-01-29 09:00:00-05:00,inspector_002,complete,new_business,normal,66.59
case_0482,approved,2024-02-01 09:00:00-05:00,,complete,new_business,normal,0.0
case_0483,submitted,2024-01-02 09:00:00-05:00,,complete,existing_business,high,0.0
case_0483,intake_validation,2024-01-04 09:00:00-05:00,clerk_001,complete,existing_business,high,65.26
case_0483,assigned_to_reviewer,2024-01-08 09:00:00-05:00,,complete,existing_business,high,0.0
case_0483,review_in_progress,2024-01-08 09:24:29.866712-05:00,reviewer_003,complete,existing_business,high,61.74
case_0483,request_additional_info,2024-01-12 09:00:00-05:00,,complete,existing_business,high,0.0
case_0483,applicant_provided_info,2024-01-16 09:00:00-05:00,,complete,existing_business,high,0.0
case_0483,review_in_progress,2024-01-19 09:00:00-05:00,reviewer_003,complete,existing_business,high,48.75
case_0483,health_inspection,2024-01-22 09:00:00-05:00,inspector_003,complete,existing_business,high,31.5
case_0483,rejected,2024-01-23 16:33:02.436310-05:00,,complete,existing_business,high,0.0
case_0484,submitted,2024-01-02 09:00:00-05:00,,complete,new_business,normal,0.0
case_0484,intake_validation,2024-01-04 09:00:00-05:00,clerk_003,complete,new_business,normal,79.88
case_0484,assigned_to_reviewer,2024-01-08 09:00:00-05:00,,complete,new_business,normal,0.0
case_0484,review_in_progress,2024-01-08 09:10:53.195856-05:00,reviewer_003,complete,new_business,normal,71.33
case_0484,health_inspection,2024-01-10 10:18:14.826164-05:00,inspector_002,complete,new_business,normal,51.3
case_0484,approved,2024-01-16 09:00:00-05:00,,complete,new_business,normal,0.0
case_0485,submitted,2024-01-02 09:00:00-05:00,,complete,renewal,high,0.0
case_0485,intake_validation,2024-01-04 09:00:00-05:00,clerk_001,complete,renewal,high,49.33
case_0485,assigned_to_reviewer,2024-01-05 09:00:52.825303-05:00,,complete,renewal,high,0.0
case_0485,review_in_progress,2024-01-05 09:28:02.825800-05:00,reviewer_003,complete,renewal,high,63.79
case_0485,request_additional_info,2024-01-08 09:00:00-05:00,,complete,renewal,high,0.0
case_0485,applicant_provided_info,2024-01-11 09:00:00-05:00,,complete,renewal,high,0.0
case_0485,review_in_progress,2024-01-16 09:00:00-05:00,reviewer_002,complete,renewal,high,34.11
case_0485,health_inspection,2024-01-24 09:00:00-05:00,inspector_002,complete,renewal,high,39.46
case_0485,approved,2024-01-31 09:00:00-05:00,,complete,renewal,high,0.0
case_0486,submitted,2024-01-02 09:00:00-05:00,,complete,new_business,normal,0.0
case_0486,intake_validation,2024-01-04 09:00:00-05:00,clerk_001,complete,new_business,normal,39.26
case_0486,assigned_to_reviewer,2024-01-08 09:00:00-05:00,,complete,new_business,normal,0.0
case_0486,review_in_progress,2024-01-08 09:22:20.504065-05:00,reviewer_002,complete,new_business,normal,38.04
case_0486,health_inspection,2024-01-16 09:00:00-05:00,inspector_003,complete,new_business,normal,47.23
case_0486,approved,2024-01-22 16:17:59.368037-05:00,,complete,new_business,normal,0.0
case_0487,submitted,2024-01-02 09:00:00-05:00,,complete,renewal,low,0.0
case_0487,intake_validation,2024-01-04 09:00:00-05:00,clerk_001,complete,renewal,low,54.78
case_0487,assigned_to_reviewer,2024-01-08 09:00:00-05:00,,complete,renewal,low,0.0
case_0487,review_in_progress,2024-01-08 09:20:46.061991-05:00,reviewer_001,complete,renewal,low,41.7
case_0487,request_additional_info,2024-01-11 09:00:00-05:00,,complete,renewal,low,0.0
case_0487,applicant_provided_info,2024-01-17 09:00:00-05:00,,complete,renewal,low,0.0
case_0487,review_in_progress,2024-01-19 14:03:01.269302-05:00,reviewer_003,complete,renewal,low,63.0
case_0487,health_inspection,2024-01-24 10:28:48.681443-05:00,inspector_001,complete,renewal,low,45.65
case_0487,approved,2024-01-29 09:00:00-05:00,,complete,renewal,low,0.0
case_0488,submitted,2024-01-02 09:00:00-05:00,,complete,new_business,low,0.0
case_0488,intake_validation,2024-01-03 13:39:50.897514-05:00,clerk_002,complete,new_business,low,53.93
case_0488,assigned_to_reviewer,2024-01-05 09:00:00-05:00,,complete,new_business,low,0.0
case_0488,review_in_progress,2024-01-05 09:09:26.443368-05:00,reviewer_001,complete,new_business,low,45.89
case_0488,health_inspection,2024-01-08 09:00:00-05:00,inspector_002,complete,new_business,low,66.81
case_0488,approved,2024-01-12 09:56:58.216961-05:00,,complete,new_business,low,0.0
case_0489,submitted,2024-01-02 09:00:00-05:00,,complete,existing_business,normal,0.0
case_0489,intake_validation,2024-01-04 09:00:00-05:00,clerk_001,complete,existing_business,normal,80.54
case_0489,assigned_to_reviewer,2024-01-05 13:10:42.263409-05:00,,complete,existing_business,normal,0.0
case_0489,review_in_progress,2024-01-05 13:18:28.713987-05:00,reviewer_004,complete,existing_business,normal,69.92
case_0489,health_inspection,2024-01-09 09:00:00-05:00,inspector_003,complete,existing_business,normal,41.7
case_0489,approved,2024-01-16 09:00:00-05:00,,complete,existing_business,normal,0.0
case_0490,submitted,2024-01-02 09:00:00-05:00,,complete,renewal,normal,0.0
case_0490,intake_validation,2024-01-03 12:40:31.116134-05:00,clerk_002,complete,renewal,normal,63.15
case_0490,assigned_to_reviewer,2024-01-05 09:00:00-05:00,,complete,renewal,normal,0.0
case_0490,review_in_progress,2024-01-05 09:27:09.989986-05:00,reviewer_001,complete,renewal,normal,66.83
case_0490,health_inspection,2024-01-08 09:00:21.698210-05:00,inspector_003,complete,renewal,normal,39.6
case_0490,approved,2024-01-12 09:00:00-05:00,,complete,renewal,normal,0.0
case_0491,submitted,2024-01-02 09:00:00-05:00,,complete,existing_business,normal,0.0
case_0491,intake_validation,2024-01-04 09:00:00-05:00,clerk_002,complete,existing_business,normal,47.23
case_0491,assigned_to_reviewer,2024-01-08 09:00:00-05:00,,complete,existing_business,normal,0.0
case_0491,review_in_progress,2024-01-08 09:23:21.563103-05:00,reviewer_002,complete,existing_business,normal,53.58
case_0491,request_additional_info,2024-01-16 09:00:00-05:00,,complete,existing_business,normal,0.0
case_0491,applicant_provided_info,2024-01-23 09:00:00-05:00,,complete,existing_business,normal,0.0
case_0491,review_in_progress,2024-01-26 09:00:00-05:00,reviewer_003,complete,existing_business,normal,59.2
case_0491,health_inspection,2024-01-29 09:00:00-05:00,inspector_002,complete,existing_business,normal,41.18
case_0491,approved,2024-02-06 09:00:00-05:00,,complete,existing_business,normal,0.0
case_0492,submitted,2024-01-02 09:00:00-05:00,,complete,new_business,normal,0.0
case_0492,intake_validation,2024-01-04 09:00:00-05:00,clerk_001,complete,new_business,normal,76.97
case_0492,assigned_to_reviewer,2024-01-08 09:00:00-05:00,,complete,new_business,normal,0.0
case_0492,review_in_progress,2024-01-08 09:22:00.470694-05:00,reviewer_004,complete,new_business,normal,41.95
case_0492,health_inspection,2024-01-12 09:00:00-05:00,inspector_002,complete,new_business,normal,46.61
case_0492,approved,2024-01-17 12:17:40.836878-05:00,,complete,new_business,normal,0.0
case_0493,submitted,2024-01-02 09:00:00-05:00,,complete,renewal,normal,0.0
case_0493,intake_validation,2024-01-04 09:00:00-05:00,clerk_003,complete,renewal,normal,38.2
case_0493,assigned_to_reviewer,2024-01-05 13:06:57.610101-05:00,,complete,renewal,normal,0.0
case_0493,review_in_progress,2024-01-05 13:14:13.573997-05:00,reviewer_002,complete,renewal,normal,26.41
case_0493,health_inspection,2024-01-11 09:00:00-05:00,inspector_001,complete,renewal,normal,57.68
case_0493,approved,2024-01-17 09:00:00-05:00,,complete,renewal,normal,0.0
case_0494,submitted,2024-01-02 09:00:00-05:00,,complete,new_business,normal,0.0
case_0494,intake_validation,2024-01-03 11:26:09.555847-05:00,clerk_003,complete,new_business,normal,38.01
case_0494,assigned_to_reviewer,2024-01-05 09:00:00-05:00,,complete,new_business,normal,0.0
case_0494,review_in_progress,2024-01-05 09:20:50.336005-05:00,reviewer_003,complete,new_business,normal,10.0
case_0494,health_inspection,2024-01-09 11:01:28.930196-05:00,inspector_002,complete,new_business,normal,58.16
case_0494,approved,2024-01-12 09:00:00-05:00,,complete,new_business,normal,0.0
case_0495,submitted,2024-01-02 09:00:00-05:00,,complete,new_business,normal,0.0
case_0495,intake_validation,2024-01-03 13:05:27.567523-05:00,clerk_002,complete,new_business,normal,64.36
case_0495,assigned_to_reviewer,2024-01-08 09:00:00-05:00,,complete,new_business,normal,0.0
case_0495,review_in_progress,2024-01-08 09:29:17.227258-05:00,reviewer_003,complete,new_business,normal,18.43
case_0495,request_additional_info,2024-01-16 09:00:00-05:00,,complete,new_business,normal,0.0
case_0495,applicant_provided_info,2024-01-18 09:00:00-05:00,,complete,new_business,normal,0.0
case_0495,review_in_progress,2024-01-22 09:00:00-05:00,reviewer_001,complete,new_business,normal,76.51
case_0495,health_inspection,2024-01-25 09:00:00-05:00,inspector_003,complete,new_business,normal,48.82
case_0495,approved,2024-02-01 09:00:00-05:00,,complete,new_business,normal,0.0
case_0496,submitted,2024-01-02 09:00:00-05:00,,complete,renewal,low,0.0
case_0496,intake_validation,2024-01-04 09:00:00-05:00,clerk_003,complete,renewal,low,54.33
case_0496,assigned_to_reviewer,2024-01-08 09:00:00-05:00,,complete,renewal,low,0.0
case_0496,review_in_progress,2024-01-08 09:27:44.375980-05:00,reviewer_002,complete,renewal,low,61.37
case_0496,health_inspection,2024-01-12 09:34:01.633353-05:00,inspector_001,complete,renewal,low,50.0
case_0496,approved,2024-01-16 09:00:00-05:00,,complete,renewal,low,0.0
case_0497,submitted,2024-01-02 09:00:00-05:00,,complete,existing_business,high,0.0
case_0497,intake_validation,2024-01-04 09:00:00-05:00,clerk_002,complete,existing_business,high,24.67
case_0497,assigned_to_reviewer,2024-01-08 09:00:00-05:00,,complete,existing_business,high,0.0
case_0497,review_in_progress,2024-01-08 09:22:07.541642-05:00,reviewer_002,complete,existing_business,high,59.64
case_0497,health_inspection,2024-01-16 09:00:00-05:00,inspector_003,complete,existing_business,high,22.22
case_0497,approved,2024-01-22 09:00:00-05:00,,complete,existing_business,high,0.0
case_0498,submitted,2024-01-02 09:00:00-05:00,,complete,renewal,high,0.0
case_0498,intake_validation,2024-01-03 11:02:06.314110-05:00,clerk_001,complete,renewal,high,42.65
case_0498,assigned_to_reviewer,2024-01-05 14:54:33.886397-05:00,,complete,renewal,high,0.0
case_0498,review_in_progress,2024-01-05 15:02:21.043460-05:00,reviewer_001,complete,renewal,high,49.59
case_0498,request_additional_info,2024-01-09 09:00:00-05:00,,complete,renewal,high,0.0
case_0498,applicant_provided_info,2024-01-10 10:23:20.094441-05:00,,complete,renewal,high,0.0
case_0498,review_in_progress,2024-01-16 09:00:00-05:00,reviewer_003,complete,renewal,high,61.69
case_0498,request_additional_info,2024-01-22 09:00:00-05:00,,complete,renewal,high,0.0
case_0498,applicant_provided_info,2024-01-29 09:00:00-05:00,,complete,renewal,high,0.0
case_0498,review_in_progress,2024-01-31 11:55:38.933337-05:00,reviewer_002,complete,renewal,high,67.49
case_0498,health_inspection,2024-02-05 10:28:22.143904-05:00,inspector_003,complete,renewal,high,76.56
case_0498,approved,2024-02-08 09:00:00-05:00,,complete,renewal,high,0.0
case_0499,submitted,2024-01-02 09:00:00-05:00,,complete,existing_business,normal,0.0
case_0499,intake_validation,2024-01-03 13:44:06.698740-05:00,clerk_002,complete,existing_business,normal,50.64
case_0499,assigned_to_reviewer,2024-01-05 09:00:00-05:00,,complete,existing_business,normal,0.0
case_0499,review_in_progress,2024-01-05 09:26:45.611846-05:00,reviewer_001,complete,existing_business,normal,59.32
case_0499,health_inspection,2024-01-08 09:00:00-05:00,inspector_003,complete,existing_business,normal,50.37
case_0499,approved,2024-01-16 09:00:00-05:00,,complete,existing_business,normal,0.0
case_0500,submitted,2024-01-02 09:00:00-05:00,,complete,renewal,normal,0.0
case_0500,intake_validation,2024-01-03 12:53:53.396999-05:00,clerk_002,complete,renewal,normal,35.68
case_0500,assigned_to_reviewer,2024-01-05 09:08:24.616138-05:00,,complete,renewal,normal,0.0
case_0500,review_in_progress,2024-01-05 09:32:03.654280-05:00,reviewer_003,complete,renewal,normal,39.38
case_0500,request_additional_info,2024-01-10 09:00:00-05:00,,complete,renewal,normal,0.0
case_0500,applicant_provided_info,2024-01-12 09:00:00-05:00,,complete,renewal,normal,0.0
case_0500,review_in_progress,2024-01-16 09:00:00-05:00,reviewer_003,complete,renewal,normal,52.53
case_0500,health_inspection,2024-01-22 09:00:00-05:00,inspector_003,complete,renewal,normal,44.42
case_0500,rejected,2024-01-24 09:00:00-05:00,,complete,renewal,normal,0.0
case_0501,submitted,2024-01-02 09:00:00-05:00,,complete,existing_business,normal,0.0
case_0501,intake_validation,2024-01-03 10:34:51.929421-05:00,clerk_003,complete,existing_business,normal,26.47
case_0501,assigned_to_reviewer,2024-01-05 09:38:33.483367-05:00,,complete,existing_business,normal,0.0
case_0501,review_in_progress,2024-01-05 09:52:04.886898-05:00,reviewer_001,complete,existing_business,normal,57.52
case_0501,health_inspection,2024-01-08 09:00:00-05:00,inspector_002,complete,existing_business,normal,16.98
case_0501,approved,2024-01-16 15:37:06.990781-05:00,,complete,existing_business,normal,0.0
case_0502,submitted,2024-01-02 09:00:00-05:00,,complete,new_business,normal,0.0
case_0502,intake_validation,2024-01-04 09:00:00-05:00,clerk_001,complete,new_business,normal,58.12
case_0502,assigned_to_reviewer,2024-01-05 09:06:15.009162-05:00,,complete,new_business,normal,0.0
case_0502,review_in_progress,2024-01-05 09:27:25.367136-05:00,reviewer_001,complete,new_business,normal,55.68
case_0502,health_inspection,2024-01-08 09:00:00-05:00,inspector_001,complete,new_business,normal,28.66
case_0502,approved,2024-01-11 09:00:00-05:00,,complete,new_business,normal,0.0
case_0503,submitted,2024-01-02 09:00:00-05:00,,complete,new_business,normal,0.0
case_0503,intake_validation,2024-01-04 09:00:00-05:00,clerk_001,complete,new_business,normal,26.03
case_0503,assigned_to_reviewer,2024-01-08 09:00:00-05:00,,complete,new_business,normal,0.0
case_0503,review_in_progress,2024-01-08 09:29:15.503876-05:00,reviewer_004,complete,new_business,normal,52.03
case_0503,health_inspection,2024-01-11 09:00:00-05:00,inspector_001,complete,new_business,normal,53.35
case_0503,approved,2024-01-16 12:38:43.850752-05:00,,complete,new_business,normal,0.0
case_0504,submitted,2024-01-02 09:00:00-05:00,,complete,existing_business,low,0.0
case_0504,intake_validation,2024-01-04 09:00:00-05:00,clerk_001,complete,existing_business,low,85.79
case_0504,assigned_to_reviewer,2024-01-05 09:00:00-05:00,,complete,existing_business,low,0.0
case_0504,review_in_progress,2024-01-05 09:25:22.258970-05:00,reviewer_002,complete,existing_business,low,55.32
case_0504,health_inspection,2024-01-10 09:00:00-05:00,inspector_001,complete,existing_business,low,49.0
case_0504,approved,2024-01-12 16:42:36.754956-05:00,,complete,existing_business,low,0.0
case_0505,submitted,2024-01-02 09:00:00-05:00,,complete,renewal,high,0.0
case_0505,intake_validation,2024-01-04 09:00:00-05:00,clerk_002,complete,renewal,high,52.68
case_0505,assigned_to_reviewer,2024-01-08 09:00:00-05:00,,complete,renewal,high,0.0
case_0505,review_in_progress,2024-01-08 09:11:29.654450-05:00,reviewer_002,complete,renewal,high,57.35
case_0505,health_inspection,2024-01-16 09:00:00-05:00,inspector_001,complete,renewal,high,43.29
case_0505,approved,2024-01-22 09:00:00-05:00,,complete,renewal,high,0.0
case_0506,submitted,2024-01-02 09:00:00-05:00,,complete,renewal,normal,0.0
case_0506,intake_validation,2024-01-04 09:00:00-05:00,clerk_002,complete,renewal,normal,49.54
case_0506,assigned_to_reviewer,2024-01-08 09:00:00-05:00,,complete,renewal,normal,0.0
case_0506,review_in_progress,2024-01-08 09:09:26.040037-05:00,reviewer_001,complete,renewal,normal,50.46
case_0506,health_inspection,2024-01-10 12:52:33.591149-05:00,inspector_001,complete,renewal,normal,71.24
case_0506,rejected,2024-01-16 09:00:00-05:00,,complete,renewal,normal,0.0
case_0507,submitted,2024-01-02 09:00:00-05:00,,complete,renewal,normal,0.0
case_0507,intake_validation,2024-01-04 09:00:00-05:00,clerk_002,complete,renewal,normal,67.74
case_0507,assigned_to_reviewer,2024-01-08 09:00:00-05:00,,complete,renewal,normal,0.0
case_0507,review_in_progress,2024-01-08 09:12:46.737012-05:00,reviewer_002,complete,renewal,normal,66.74
case_0507,health_inspection,2024-01-16 09:00:00-05:00,inspector_001,complete,renewal,normal,71.51
case_0507,approved,2024-01-22 09:00:00-05:00,,complete,renewal,normal,0.0
case_0508,submitted,2024-01-02 09:00:00-05:00,,complete,existing_business,low,0.0
case_0508,intake_validation,2024-01-04 09:00:00-05:00,clerk_003,complete,existing_business,low,53.45
case_0508,assigned_to_reviewer,2024-01-05 14:10:18.313899-05:00,,complete,existing_business,low,0.0
case_0508,review_in_progress,2024-01-05 14:33:15.381192-05:00,reviewer_001,complete,existing_business,low,75.92
case_0508,health_inspection,2024-01-08 09:00:00-05:00,inspector_002,complete,existing_business,low,77.1
case_0508,approved,2024-01-12 09:00:00-05:00,,complete,existing_business,low,0.0
case_0509,submitted,2024-01-02 09:00:00-05:00,,complete,new_business,normal,0.0
case_0509,intake_validation,2024-01-03 16:50:19.144214-05:00,clerk_001,complete,new_business,normal,46.02
case_0509,assigned_to_reviewer,2024-01-05 11:26:33.943320-05:00,,complete,new_business,normal,0.0
case_0509,review_in_progress,2024-01-05 11:49:46.812452-05:00,reviewer_001,complete,new_business,normal,68.96
case_0509,health_inspection,2024-01-08 09:00:00-05:00,inspector_003,complete,new_business,normal,52.36
case_0509,approved,2024-01-16 09:00:00-05:00,,complete,new_business,normal,0.0
case_0510,submitted,2024-01-02 09:00:00-05:00,,complete,existing_business,normal,0.0
case_0510,intake_validation,2024-01-04 09:00:00-05:00,clerk_002,complete,existing_business,normal,75.03
case_0510,assigned_to_reviewer,2024-01-08 09:00:00-05:00,,complete,existing_business,normal,0.0
case_0510,review_in_progress,2024-01-08 09:16:45.837330-05:00,reviewer_004,complete,existing_business,normal,49.25
case_0510,health_inspection,2024-01-16 09:00:00-05:00,inspector_003,complete,existing_business,normal,61.07
case_0510,approved,2024-01-19 09:00:00-05:00,,complete,existing_business,normal,0.0
case_0511,submitted,2024-01-02 09:00:00-05:00,,complete,renewal,low,0.0
case_0511,intake_validation,2024-01-04 09:00:00-05:00,clerk_003,complete,renewal,low,48.58
case_0511,assigned_to_reviewer,2024-01-08 09:00:00-05:00,,complete,renewal,low,0.0
case_0511,review_in_progress,2024-01-08 09:22:43.859633-05:00,reviewer_001,complete,renewal,low,47.41
case_0511,request_additional_info,2024-01-11 09:00:00-05:00,,complete,renewal,low,0.0
case_0511,applicant_provided_info,2024-01-12 10:01:47.790532-05:00,,complete,renewal,low,0.0
case_0511,review_in_progress,2024-01-16 09:00:00-05:00,reviewer_004,complete,renewal,low,55.33
case_0511,request_additional_info,2024-01-22 09:00:00-05:00,,complete,renewal,low,0.0
case_0511,applicant_provided_info,2024-01-25 09:00:00-05:00,,complete,renewal,low,0.0
case_0511,review_in_progress,2024-01-29 09:00:00-05:00,reviewer_002,complete,renewal,low,58.9
case_0511,health_inspection,2024-02-05 09:00:00-05:00,inspector_001,complete,renewal,low,59.01
case_0511,approved,2024-02-06 10:51:30.617406-05:00,,complete,renewal,low,0.0
case_0512,submitted,2024-01-02 09:00:00-05:00,,complete,new_business,normal,0.0
case_0512,intake_validation,2024-01-03 09:59:59.431621-05:00,clerk_003,complete,new_business,normal,58.37
case_0512,assigned_to_reviewer,2024-01-08 09:00:00-05:00,,complete,new_business,normal,0.0
case_0512,review_in_progress,2024-01-08 09:23:56.073174-05:00,reviewer_003,complete,new_business,normal,70.95
case_0512,request_additional_info,2024-01-11 11:23:11.286114-05:00,,complete,new_business,normal,0.0
case_0512,withdrawn,2024-01-16 09:00:00-05:00,,complete,new_business,normal,0.0
case_0513,submitted,2024-01-02 09:00:00-05:00,,complete,new_business,normal,0.0
case_0513,intake_validation,2024-01-03 14:11:38.995147-05:00,clerk_002,complete,new_business,normal,31.91
case_0513,assigned_to_reviewer,2024-01-08 09:00:00-05:00,,complete,new_business,normal,0.0
case_0513,review_in_progress,2024-01-08 09:16:59.353441-05:00,reviewer_004,complete,new_business,normal,65.08
case_0513,request_additional_info,2024-01-16 09:00:00-05:00,,complete,new_business,normal,0.0
case_0513,applicant_provided_info,2024-01-23 09:00:00-05:00,,complete,new_business,normal,0.0
case_0513,review_in_progress,2024-01-25 11:34:27.401359-05:00,reviewer_001,complete,new_business,normal,41.81
case_0513,health_inspection,2024-01-29 09:00:00-05:00,inspector_001,complete,new_business,normal,27.2
case_0513,approved,2024-02-05 09:00:00-05:00,,complete,new_business,normal,0.0
case_0514,submitted,2024-01-02 09:00:00-05:00,,complete,renewal,high,0.0
case_0514,intake_validation,2024-01-04 09:00:00-05:00,clerk_002,complete,renewal,high,58.2
case_0514,assigned_to_reviewer,2024-01-08 09:00:00-05:00,,complete,renewal,high,0.0
case_0514,review_in_progress,2024-01-08 09:09:24.246840-05:00,reviewer_004,complete,renewal,high,83.09
case_0514,request_additional_info,2024-01-11 09:00:00-05:00,,complete,renewal,high,0.0
case_0514,withdrawn,2024-01-17 09:00:00-05:00,,complete,renewal,high,0.0
case_0515,submitted,2024-01-02 09:00:00-05:00,,complete,new_business,low,0.0
case_0515,intake_validation,2024-01-04 09:00:00-05:00,clerk_003,complete,new_business,low,46.51
case_0515,rejected,2024-01-08 09:00:00-05:00,,complete,new_business,low,0.0
case_0516,submitted,2024-01-02 09:00:00-05:00,,complete,existing_business,low,0.0
case_0516,intake_validation,2024-01-03 14:10:17.089647-05:00,clerk_002,complete,existing_business,low,65.53
case_0516,rejected,2024-01-05 16:22:22.176845-05:00,,complete,existing_business,low,0.0
case_0517,submitted,2024-01-02 09:00:00-05:00,,complete,renewal,normal,0.0
case_0517,intake_validation,2024-01-04 09:00:00-05:00,clerk_002,complete,renewal,normal,53.69
case_0517,assigned_to_reviewer,2024-01-08 09:00:00-05:00,,complete,renewal,normal,0.0
case_0517,review_in_progress,2024-01-08 09:29:06.993036-05:00,reviewer_003,complete,renewal,normal,68.39
case_0517,request_additional_info,2024-01-10 12:39:43.701790-05:00,,complete,renewal,normal,0.0
case_0517,applicant_provided_info,2024-01-16 09:00:00-05:00,,complete,renewal,normal,0.0
case_0517,review_in_progress,2024-01-19 09:00:00-05:00,reviewer_004,complete,renewal,normal,10.0
case_0517,health_inspection,2024-01-22 09:00:00-05:00,inspector_003,complete,renewal,normal,36.07
case_0517,approved,2024-01-29 09:00:00-05:00,,complete,renewal,normal,0.0
case_0518,submitted,2024-01-02 09:00:00-05:00,,complete,existing_business,normal,0.0
case_0518,intake_validation,2024-01-04 09:00:00-05:00,clerk_003,complete,existing_business,normal,45.99
case_0518,assigned_to_reviewer,2024-01-08 09:00:00-05:00,,complete,existing_business,normal,0.0
case_0518,review_in_progress,2024-01-08 09:27:20.777877-05:00,reviewer_002,complete,existing_business,normal,56.19
case_0518,request_additional_info,2024-01-11 16:44:19.804778-05:00,,complete,existing_business,normal,0.0
case_0518,applicant_provided_info,2024-01-16 13:41:08.415303-05:00,,complete,existing_business,normal,0.0
case_0518,review_in_progress,2024-01-19 09:00:00-05:00,reviewer_004,complete,existing_business,normal,48.47
case_0518,health_inspection,2024-01-23 09:00:00-05:00,inspector_001,complete,existing_business,normal,38.44
case_0518,approved,2024-01-29 09:00:00-05:00,,complete,existing_business,normal,0.0
case_0519,submitted,2024-01-02 09:00:00-05:00,,complete,renewal,normal,0.0
case_0519,intake_validation,2024-01-04 09:00:00-05:00,clerk_003,complete,renewal,normal,67.81
case_0519,assigned_to_reviewer,2024-01-08 09:00:00-05:00,,complete,renewal,normal,0.0
case_0519,review_in_progress,2024-01-08 09:19:48.669012-05:00,reviewer_003,complete,renewal,normal,73.01
case_0519,health_inspection,2024-01-12 10:34:44.239803-05:00,inspector_001,complete,renewal,normal,41.27
case_0519,rejected,2024-01-18 09:00:00-05:00,,complete,renewal,normal,0.0
case_0520,submitted,2024-01-02 09:00:00-05:00,,complete,new_business,high,0.0
case_0520,intake_validation,2024-01-04 09:00:00-05:00,clerk_003,complete,new_business,high,66.83
case_0520,assigned_to_reviewer,2024-01-08 09:00:00-05:00,,complete,new_business,high,0.0
case_0520,review_in_progress,2024-01-08 09:10:31.196831-05:00,reviewer_004,complete,new_business,high,63.3
case_0520,health_inspection,2024-01-12 09:00:00-05:00,inspector_001,complete,new_business,high,60.62
case_0520,approved,2024-01-16 09:00:00-05:00,,complete,new_business,high,0.0
case_0521,submitted,2024-01-02 09:00:00-05:00,,complete,new_business,high,0.0
case_0521,intake_validation,2024-01-03 09:44:46.819172-05:00,clerk_001,complete,new_business,high,46.56
case_0521,assigned_to_reviewer,2024-01-05 09:00:00-05:00,,complete,new_business,high,0.0
case_0521,review_in_progress,2024-01-05 09:28:49.458226-05:00,reviewer_002,complete,new_business,high,30.97
case_0521,health_inspection,2024-01-09 09:00:00-05:00,inspector_002,complete,new_business,high,63.28
case_0521,approved,2024-01-16 09:00:00-05:00,,complete,new_business,high,0.0
case_0522,submitted,2024-01-02 09:00:00-05:00,,complete,new_business,normal,0.0
case_0522,intake_validation,2024-01-03 16:40:16.191613-05:00,clerk_002,complete,new_business,normal,59.49
case_0522,assigned_to_reviewer,2024-01-08 09:00:00-05:00,,complete,new_business,normal,0.0
case_0522,review_in_progress,2024-01-08 09:20:53.133683-05:00,reviewer_004,complete,new_business,normal,38.7
case_0522,health_inspection,2024-01-12 09:00:00-05:00,inspector_002,complete,new_business,normal,64.13
case_0522,approved,2024-01-17 16:26:28.133083-05:00,,complete,new_business,normal,0.0
case_0523,submitted,2024-01-02 09:00:00-05:00,,complete,existing_business,high,0.0
case_0523,intake_validation,2024-01-04 09:00:00-05:00,clerk_003,complete,existing_business,high,40.51
case_0523,assigned_to_reviewer,2024-01-05 10:38:54.323488-05:00,,complete,existing_business,high,0.0
case_0523,review_in_progress,2024-01-05 11:05:25.008246-05:00,reviewer_002,complete,existing_business,high,57.85
case_0523,request_additional_info,2024-01-12 14:34:11.037789-05:00,,complete,existing_business,high,0.0
case_0523,applicant_provided_info,2024-01-16 09:00:00-05:00,,complete,existing_business,high,0.0
case_0523,review_in_progress,2024-01-19 09:00:00-05:00,reviewer_002,complete,existing_business,high,50.51
case_0523,health_inspection,2024-01-26 11:18:06.877942-05:00,inspector_002,complete,existing_business,high,44.43
case_0523,approved,2024-02-05 09:00:00-05:00,,complete,existing_business,high,0.0
case_0524,submitted,2024-01-02 09:00:00-05:00,,complete,new_business,normal,0.0
case_0524,intake_validation,2024-01-03 12:42:54.390844-05:00,clerk_001,complete,new_business,normal,33.48
case_0524,assigned_to_reviewer,2024-01-05 09:00:00-05:00,,complete,new_business,normal,0.0
case_0524,review_in_progress,2024-01-05 09:25:21.795827-05:00,reviewer_004,complete,new_business,normal,59.17
case_0524,request_additional_info,2024-01-09 09:00:00-05:00,,complete,new_business,normal,0.0
case_0524,applicant_provided_info,2024-01-12 09:00:00-05:00,,complete,new_business,normal,0.0
case_0524,review_in_progress,2024-01-16 09:00:00-05:00,reviewer_001,complete,new_business,normal,52.59
case_0524,request_additional_info,2024-01-18 09:00:00-05:00,,complete,new_business,normal,0.0
case_0524,applicant_provided_info,2024-01-23 09:00:00-05:00,,complete,new_business,normal,0.0
case_0524,review_in_progress,2024-01-26 09:00:00-05:00,reviewer_001,complete,new_business,normal,27.21
case_0524,health_inspection,2024-01-29 09:00:00-05:00,inspector_001,complete,new_business,normal,46.36
case_0524,approved,2024-02-02 09:00:00-05:00,,complete,new_business,normal,0.0
case_0525,submitted,2024-01-02 09:00:00-05:00,,complete,new_business,high,0.0
case_0525,intake_validation,2024-01-04 09:00:00-05:00,clerk_003,complete,new_business,high,55.41
case_0525,assigned_to_reviewer,2024-01-05 16:46:32.791669-05:00,,complete,new_business,high,0.0
case_0525,review_in_progress,2024-01-08 09:00:00-05:00,reviewer_002,complete,new_business,high,44.63
case_0525,request_additional_info,2024-01-11 14:28:24.696235-05:00,,complete,new_business,high,0.0
case_0525,applicant_provided_info,2024-01-16 09:00:00-05:00,,complete,new_business,high,0.0
case_0525,review_in_progress,2024-01-19 09:00:00-05:00,reviewer_001,complete,new_business,high,65.62
case_0525,request_additional_info,2024-01-22 09:00:00-05:00,,complete,new_business,high,0.0
case_0525,applicant_provided_info,2024-01-24 09:00:00-05:00,,complete,new_business,high,0.0
case_0525,review_in_progress,2024-01-29 09:00:00-05:00,reviewer_004,complete,new_business,high,67.32
case_0525,request_additional_info,2024-02-01 09:00:00-05:00,,complete,new_business,high,0.0
case_0525,applicant_provided_info,2024-02-07 09:00:00-05:00,,complete,new_business,high,0.0
case_0525,review_in_progress,2024-02-12 09:00:00-05:00,reviewer_001,complete,new_business,high,33.81
case_0525,health_inspection,2024-02-15 09:00:00-05:00,inspector_001,complete,new_business,high,63.76
case_0525,approved,2024-02-20 09:00:00-05:00,,complete,new_business,high,0.0
case_0526,submitted,2024-01-02 09:00:00-05:00,,complete,existing_business,high,0.0
case_0526,intake_validation,2024-01-03 14:55:46.659754-05:00,clerk_003,complete,existing_business,high,43.08
case_0526,assigned_to_reviewer,2024-01-05 09:00:00-05:00,,complete,existing_business,high,0.0
case_0526,review_in_progress,2024-01-05 09:26:53.762966-05:00,reviewer_001,complete,existing_business,high,58.18
case_0526,health_inspection,2024-01-08 09:00:00-05:00,inspector_002,complete,existing_business,high,66.71
case_0526,approved,2024-01-10 16:40:04.178559-05:00,,complete,existing_business,high,0.0
case_0527,submitted,2024-01-02 09:00:00-05:00,,complete,renewal,normal,0.0
case_0527,intake_validation,2024-01-03 12:46:29.434874-05:00,clerk_001,complete,renewal,normal,31.5
case_0527,assigned_to_reviewer,2024-01-05 13:19:58.960512-05:00,,complete,renewal,normal,0.0
case_0527,review_in_progress,2024-01-05 13:27:34.481438-05:00,reviewer_004,complete,renewal,normal,63.11
case_0527,health_inspection,2024-01-09 09:00:00-05:00,inspector_003,complete,renewal,normal,67.02
case_0527,approved,2024-01-16 09:00:00-05:00,,complete,renewal,normal,0.0
case_0528,submitted,2024-01-02 09:00:00-05:00,,complete,renewal,normal,0.0
case_0528,intake_validation,2024-01-04 09:00:00-05:00,clerk_003,complete,renewal,normal,41.28
case_0528,assigned_to_reviewer,2024-01-08 09:00:00-05:00,,complete,renewal,normal,0.0
case_0528,review_in_progress,2024-01-08 09:19:46.542880-05:00,reviewer_001,complete,renewal,normal,28.58
case_0528,health_inspection,2024-01-11 09:00:00-05:00,inspector_002,complete,renewal,normal,49.88
case_0528,approved,2024-01-16 09:00:00-05:00,,complete,renewal,normal,0.0
case_0529,submitted,2024-01-02 09:00:00-05:00,,complete,renewal,high,0.0
case_0529,intake_validation,2024-01-04 09:00:00-05:00,clerk_001,complete,renewal,high,61.85
case_0529,assigned_to_reviewer,2024-01-08 09:00:00-05:00,,complete,renewal,high,0.0
case_0529,review_in_progress,2024-01-08 09:12:20.030615-05:00,reviewer_003,complete,renewal,high,53.62
case_0529,health_inspection,2024-01-11 09:00:00-05:00,inspector_002,complete,renewal,high,18.66
case_0529,approved,2024-01-16 09:00:00-05:00,,complete,renewal,high,0.0
case_0530,submitted,2024-01-02 09:00:00-05:00,,complete,new_business,normal,0.0
case_0530,intake_validation,2024-01-04 09:00:00-05:00,clerk_002,complete,new_business,normal,57.28
case_0530,assigned_to_reviewer,2024-01-08 09:00:00-05:00,,complete,new_business,normal,0.0
case_0530,review_in_progress,2024-01-08 09:17:55.616191-05:00,reviewer_002,complete,new_business,normal,75.48
case_0530,health_inspection,2024-01-12 10:22:00.219251-05:00,inspector_001,complete,new_business,normal,41.0
case_0530,rejected,2024-01-19 09:00:00-05:00,,complete,new_business,normal,0.0
case_0531,submitted,2024-01-02 09:00:00-05:00,,complete,renewal,low,0.0
case_0531,intake_validation,2024-01-04 09:00:00-05:00,clerk_003,complete,renewal,low,42.93
case_0531,assigned_to_reviewer,2024-01-08 09:00:00-05:00,,complete,renewal,low,0.0
case_0531,review_in_progress,2024-01-08 09:10:46.833622-05:00,reviewer_002,complete,renewal,low,70.04
case_0531,health_inspection,2024-01-16 09:00:00-05:00,inspector_001,complete,renewal,low,47.68
case_0531,approved,2024-01-19 09:33:09.131049-05:00,,complete,renewal,low,0.0
case_0532,submitted,2024-01-02 09:00:00-05:00,,complete,existing_business,normal,0.0
case_0532,intake_validation,2024-01-03 15:26:30.994631-05:00,clerk_003,complete,existing_business,normal,46.07
case_0532,rejected,2024-01-08 09:00:00-05:00,,complete,existing_business,normal,0.0
case_0533,submitted,2024-01-02 09:00:00-05:00,,complete,new_business,normal,0.0
case_0533,intake_validation,2024-01-04 09:00:00-05:00,clerk_002,complete,new_business,normal,40.63
case_0533,assigned_to_reviewer,2024-01-08 09:00:00-05:00,,complete,new_business,normal,0.0
case_0533,review_in_progress,2024-01-08 09:26:10.705915-05:00,reviewer_003,complete,new_business,normal,45.7
case_0533,health_inspection,2024-01-16 09:00:00-05:00,inspector_002,complete,new_business,normal,59.66
case_0533,approved,2024-01-25 09:00:00-05:00,,complete,new_business,normal,0.0
case_0534,submitted,2024-01-02 09:00:00-05:00,,complete,existing_business,normal,0.0
case_0534,intake_validation,2024-01-03 11:17:47.068092-05:00,clerk_001,complete,existing_business,normal,41.26
case_0534,assigned_to_reviewer,2024-01-04 12:26:13.751636-05:00,,complete,existing_business,normal,0.0
case_0534,review_in_progress,2024-01-04 12:37:57.581506-05:00,reviewer_003,complete,existing_business,normal,52.27
case_0534,health_inspection,2024-01-08 09:00:00-05:00,inspector_001,complete,existing_business,normal,70.61
case_0534,approved,2024-01-12 09:00:00-05:00,,complete,existing_business,normal,0.0
case_0535,submitted,2024-01-02 09:00:00-05:00,,complete,existing_business,normal,0.0
case_0535,intake_validation,2024-01-03 15:31:16.893271-05:00,clerk_002,complete,existing_business,normal,61.67
case_0535,assigned_to_reviewer,2024-01-08 09:00:00-05:00,,complete,existing_business,normal,0.0
case_0535,review_in_progress,2024-01-08 09:17:58.606297-05:00,reviewer_004,complete,existing_business,normal,38.64
case_0535,request_additional_info,2024-01-16 09:00:00-05:00,,complete,existing_business,normal,0.0
case_0535,applicant_provided_info,2024-01-19 15:23:01.157190-05:00,,complete,existing_business,normal,0.0
case_0535,review_in_progress,2024-01-22 09:00:00-05:00,reviewer_002,complete,existing_business,normal,41.01
case_0535,health_inspection,2024-01-26 09:00:00-05:00,inspector_002,complete,existing_business,normal,46.73
case_0535,approved,2024-02-05 09:00:00-05:00,,complete,existing_business,normal,0.0
case_0536,submitted,2024-01-02 09:00:00-05:00,,complete,new_business,high,0.0
case_0536,intake_validation,2024-01-04 09:00:00-05:00,clerk_002,complete,new_business,high,50.63
case_0536,assigned_to_reviewer,2024-01-08 09:00:00-05:00,,complete,new_business,high,0.0
case_0536,review_in_progress,2024-01-08 09:12:07.093052-05:00,reviewer_002,complete,new_business,high,67.11
case_0536,request_additional_info,2024-01-12 09:18:00.871995-05:00,,complete,new_business,high,0.0
case_0536,applicant_provided_info,2024-01-17 09:00:00-05:00,,complete,new_business,high,0.0
case_0536,review_in_progress,2024-01-22 09:00:00-05:00,reviewer_002,complete,new_business,high,49.69
case_0536,request_additional_info,2024-01-29 09:00:00-05:00,,complete,new_business,high,0.0
case_0536,applicant_provided_info,2024-01-31 09:00:00-05:00,,complete,new_business,high,0.0
case_0536,review_in_progress,2024-02-02 10:12:05.622243-05:00,reviewer_004,complete,new_business,high,38.04
case_0536,request_additional_info,2024-02-07 09:00:00-05:00,,complete,new_business,high,0.0
case_0536,applicant_provided_info,2024-02-12 09:00:00-05:00,,complete,new_business,high,0.0
case_0536,review_in_progress,2024-02-15 09:00:00-05:00,reviewer_001,complete,new_business,high,53.63
case_0536,request_additional_info,2024-02-20 09:00:00-05:00,,complete,new_business,high,0.0
case_0536,withdrawn,2024-02-27 09:00:00-05:00,,complete,new_business,high,0.0
case_0537,submitted,2024-01-02 09:00:00-05:00,,complete,renewal,normal,0.0
case_0537,intake_validation,2024-01-04 09:00:00-05:00,clerk_003,complete,renewal,normal,57.97
case_0537,assigned_to_reviewer,2024-01-05 12:14:03.627399-05:00,,complete,renewal,normal,0.0
case_0537,review_in_progress,2024-01-05 12:24:20.999457-05:00,reviewer_002,complete,renewal,normal,72.3
case_0537,health_inspection,2024-01-12 09:00:00-05:00,inspector_003,complete,renewal,normal,50.05
case_0537,approved,2024-01-18 12:10:43.159195-05:00,,complete,renewal,normal,0.0
case_0538,submitted,2024-01-02 09:00:00-05:00,,complete,new_business,normal,0.0
case_0538,intake_validation,2024-01-03 12:14:19.602607-05:00,clerk_001,complete,new_business,normal,51.99
case_0538,assigned_to_reviewer,2024-01-04 13:23:48.949763-05:00,,complete,new_business,normal,0.0
case_0538,review_in_progress,2024-01-04 13:43:35.314647-05:00,reviewer_002,complete,new_business,normal,53.28
case_0538,request_additional_info,2024-01-08 15:06:57.139003-05:00,,complete,new_business,normal,0.0
case_0538,applicant_provided_info,2024-01-10 09:00:00-05:00,,complete,new_business,normal,0.0
case_0538,review_in_progress,2024-01-12 09:00:49.541015-05:00,reviewer_004,complete,new_business,normal,56.45
case_0538,health_inspection,2024-01-17 09:00:00-05:00,inspector_002,complete,new_business,normal,12.1
case_0538,approved,2024-01-26 09:00:00-05:00,,complete,new_business,normal,0.0
case_0539,submitted,2024-01-02 09:00:00-05:00,,complete,renewal,normal,0.0
case_0539,intake_validation,2024-01-04 09:00:00-05:00,clerk_002,complete,renewal,normal,43.98
case_0539,assigned_to_reviewer,2024-01-08 09:00:00-05:00,,complete,renewal,normal,0.0
case_0539,review_in_progress,2024-01-08 09:20:23.709433-05:00,reviewer_002,complete,renewal,normal,37.74
case_0539,health_inspection,2024-01-12 13:07:20.888497-05:00,inspector_001,complete,renewal,normal,40.57
case_0539,approved,2024-01-16 09:00:00-05:00,,complete,renewal,normal,0.0
case_0540,submitted,2024-01-02 09:00:00-05:00,,complete,renewal,high,0.0
case_0540,intake_validation,2024-01-04 09:00:00-05:00,clerk_001,complete,renewal,high,50.09
case_0540,assigned_to_reviewer,2024-01-05 12:44:57.510675-05:00,,complete,renewal,high,0.0
case_0540,review_in_progress,2024-01-05 13:02:09.053304-05:00,reviewer_004,complete,renewal,high,52.72
case_0540,health_inspection,2024-01-09 09:00:00-05:00,inspector_003,complete,renewal,high,77.09
case_0540,approved,2024-01-12 09:00:00-05:00,,complete,renewal,high,0.0
case_0541,submitted,2024-01-02 09:00:00-05:00,,complete,existing_business,normal,0.0
case_0541,intake_validation,2024-01-04 09:00:00-05:00,clerk_002,complete,existing_business,normal,29.54
case_0541,assigned_to_reviewer,2024-01-08 09:00:00-05:00,,complete,existing_business,normal,0.0
case_0541,review_in_progress,2024-01-08 09:17:30.420256-05:00,reviewer_001,complete,existing_business,normal,57.97
case_0541,request_additional_info,2024-01-12 09:00:00-05:00,,complete,existing_business,normal,0.0
case_0541,applicant_provided_info,2024-01-16 09:00:00-05:00,,complete,existing_business,normal,0.0
case_0541,review_in_progress,2024-01-18 14:14:55.144106-05:00,reviewer_001,complete,existing_business,normal,45.75
case_0541,health_inspection,2024-01-22 09:00:00-05:00,inspector_002,complete,existing_business,normal,48.94
case_0541,approved,2024-01-29 09:00:00-05:00,,complete,existing_business,normal,0.0
case_0542,submitted,2024-01-02 09:00:00-05:00,,complete,new_business,normal,0.0
case_0542,intake_validation,2024-01-04 09:00:00-05:00,clerk_002,complete,new_business,normal,54.73
case_0542,assigned_to_reviewer,2024-01-08 09:00:00-05:00,,complete,new_business,normal,0.0
case_0542,review_in_progress,2024-01-08 09:15:04.211984-05:00,reviewer_002,complete,new_business,normal,47.97
case_0542,health_inspection,2024-01-12 09:00:00-05:00,inspector_002,complete,new_business,normal,38.35
case_0542,approved,2024-01-16 13:13:11.945861-05:00,,complete,new_business,normal,0.0
case_0543,submitted,2024-01-02 09:00:00-05:00,,complete,existing_business,low,0.0
case_0543,intake_validation,2024-01-04 09:00:00-05:00,clerk_001,complete,existing_business,low,38.99
case_0543,assigned_to_reviewer,2024-01-08 09:00:00-05:00,,complete,existing_business,low,0.0
case_0543,review_in_progress,2024-01-08 09:26:36.730539-05:00,reviewer_002,complete,existing_business,low,46.65
case_0543,health_inspection,2024-01-11 10:22:08.194481-05:00,inspector_003,complete,existing_business,low,43.88
case_0543,approved,2024-01-16 09:00:00-05:00,,complete,existing_business,low,0.0
case_0544,submitted,2024-01-02 09:00:00-05:00,,complete,renewal,high,0.0
case_0544,intake_validation,2024-01-03 15:11:38.402538-05:00,clerk_003,complete,renewal,high,50.25
case_0544,assigned_to_reviewer,2024-01-08 09:00:00-05:00,,complete,renewal,high,0.0
case_0544,review_in_progress,2024-01-08 09:18:38.461184-05:00,reviewer_004,complete,renewal,high,30.8
case_0544,health_inspection,2024-01-16 09:00:00-05:00,inspector_003,complete,renewal,high,37.85
case_0544,rejected,2024-01-22 09:00:00-05:00,,complete,renewal,high,0.0
case_0545,submitted,2024-01-02 09:00:00-05:00,,complete,renewal,high,0.0
case_0545,intake_validation,2024-01-03 10:13:51.159680-05:00,clerk_003,complete,renewal,high,48.66
case_0545,assigned_to_reviewer,2024-01-05 12:52:17.593216-05:00,,complete,renewal,high,0.0
case_0545,review_in_progress,2024-01-05 13:21:14.487804-05:00,reviewer_001,complete,renewal,high,77.93
case_0545,health_inspection,2024-01-08 09:00:00-05:00,inspector_003,complete,renewal,high,38.24
case_0545,approved,2024-01-10 09:00:00-05:00,,complete,renewal,high,0.0
case_0546,submitted,2024-01-02 09:00:00-05:00,,complete,new_business,low,0.0
case_0546,intake_validation,2024-01-04 09:00:00-05:00,clerk_003,complete,new_business,low,56.53
case_0546,assigned_to_reviewer,2024-01-05 16:23:39.138869-05:00,,complete,new_business,low,0.0
case_0546,review_in_progress,2024-01-05 16:52:09.274260-05:00,reviewer_002,complete,new_business,low,62.66
case_0546,health_inspection,2024-01-16 09:00:00-05:00,inspector_003,complete,new_business,low,37.98
case_0546,approved,2024-01-19 09:00:00-05:00,,complete,new_business,low,0.0
case_0547,submitted,2024-01-02 09:00:00-05:00,,complete,new_business,normal,0.0
case_0547,intake_validation,2024-01-03 10:59:20.691541-05:00,clerk_003,complete,new_business,normal,68.68
case_0547,assigned_to_reviewer,2024-01-05 10:38:10.347866-05:00,,complete,new_business,normal,0.0
case_0547,review_in_progress,2024-01-05 11:03:34.009696-05:00,reviewer_004,complete,new_business,normal,51.0
case_0547,health_inspection,2024-01-08 09:00:00-05:00,inspector_003,complete,new_business,normal,34.72
case_0547,approved,2024-01-16 09:00:00-05:00,,complete,new_business,normal,0.0
case_0548,submitted,2024-01-02 09:00:00-05:00,,complete,new_business,high,0.0
case_0548,intake_validation,2024-01-03 09:56:04.610193-05:00,clerk_003,complete,new_business,high,66.95
case_0548,assigned_to_reviewer,2024-01-05 15:25:26.595781-05:00,,complete,new_business,high,0.0
case_0548,review_in_progress,2024-01-05 15:35:31.301304-05:00,reviewer_004,complete,new_business,high,65.7
case_0548,request_additional_info,2024-01-10 09:00:00-05:00,,complete,new_business,high,0.0
case_0548,applicant_provided_info,2024-01-16 09:00:00-05:00,,complete,new_business,high,0.0
case_0548,review_in_progress,2024-01-19 09:00:00-05:00,reviewer_003,complete,new_business,high,62.59
case_0548,request_additional_info,2024-01-23 11:23:45.154774-05:00,,complete,new_business,high,0.0
case_0548,applicant_provided_info,2024-01-29 09:00:00-05:00,,complete,new_business,high,0.0
case_0548,review_in_progress,2024-02-01 09:00:00-05:00,reviewer_003,complete,new_business,high,55.23
case_0548,request_additional_info,2024-02-05 09:00:00-05:00,,complete,new_business,high,0.0
case_0548,applicant_provided_info,2024-02-09 09:00:00-05:00,,complete,new_business,high,0.0
case_0548,review_in_progress,2024-02-12 09:00:00-05:00,reviewer_002,complete,new_business,high,36.86
case_0548,health_inspection,2024-02-16 09:00:00-05:00,inspector_001,complete,new_business,high,67.53
case_0548,approved,2024-02-20 09:00:00-05:00,,complete,new_business,high,0.0
case_0549,submitted,2024-01-02 09:00:00-05:00,,complete,renewal,low,0.0
case_0549,intake_validation,2024-01-04 09:00:00-05:00,clerk_002,complete,renewal,low,59.56
case_0549,assigned_to_reviewer,2024-01-08 09:00:00-05:00,,complete,renewal,low,0.0
case_0549,review_in_progress,2024-01-08 09:28:37.313372-05:00,reviewer_003,complete,renewal,low,59.51
case_0549,health_inspection,2024-01-12 09:00:00-05:00,inspector_001,complete,renewal,low,46.06
case_0549,rejected,2024-01-16 09:00:00-05:00,,complete,renewal,low,0.0
case_0550,submitted,2024-01-02 09:00:00-05:00,,complete,existing_business,low,0.0
case_0550,intake_validation,2024-01-04 09:00:00-05:00,clerk_002,complete,existing_business,low,46.43
case_0550,assigned_to_reviewer,2024-01-08 09:00:00-05:00,,complete,existing_business,low,0.0
case_0550,review_in_progress,2024-01-08 09:13:33.295265-05:00,reviewer_003,complete,existing_business,low,57.17
case_0550,request_additional_info,2024-01-12 11:36:55.775293-05:00,,complete,existing_business,low,0.0
case_0550,applicant_provided_info,2024-01-19 09:00:00-05:00,,complete,existing_business,low,0.0
case_0550,review_in_progress,2024-01-22 09:00:00-05:00,reviewer_001,complete,existing_business,low,58.3
case_0550,request_additional_info,2024-01-25 09:00:00-05:00,,complete,existing_business,low,0.0
case_0550,applicant_provided_info,2024-01-30 16:47:34.627687-05:00,,complete,existing_business,low,0.0
case_0550,review_in_progress,2024-02-02 11:17:36.926668-05:00,reviewer_003,complete,existing_business,low,42.61
case_0550,health_inspection,2024-02-07 09:00:00-05:00,inspector_002,complete,existing_business,low,57.96
case_0550,approved,2024-02-12 09:00:00-05:00,,complete,existing_business,low,0.0
case_0551,submitted,2024-01-02 09:00:00-05:00,,complete,existing_business,normal,0.0
case_0551,intake_validation,2024-01-04 09:00:00-05:00,clerk_002,complete,existing_business,normal,34.21
case_0551,assigned_to_reviewer,2024-01-08 09:00:00-05:00,,complete,existing_business,normal,0.0
case_0551,review_in_progress,2024-01-08 09:25:12.402403-05:00,reviewer_003,complete,existing_business,normal,32.15
case_0551,health_inspection,2024-01-12 15:50:08.913695-05:00,inspector_002,complete,existing_business,normal,44.55
case_0551,approved,2024-01-19 09:00:00-05:00,,complete,existing_business,normal,0.0
case_0552,submitted,2024-01-02 09:00:00-05:00,,complete,renewal,high,0.0
case_0552,intake_validation,2024-01-04 09:00:00-05:00,clerk_001,complete,renewal,high,36.22
case_0552,assigned_to_reviewer,2024-01-05 16:11:53.250940-05:00,,complete,renewal,high,0.0
case_0552,review_in_progress,2024-01-05 16:23:23.691952-05:00,reviewer_002,complete,renewal,high,41.14
case_0552,health_inspection,2024-01-09 15:29:38.759664-05:00,inspector_003,complete,renewal,high,35.67
case_0552,approved,2024-01-16 09:00:00-05:00,,complete,renewal,high,0.0
case_0553,submitted,2024-01-02 09:00:00-05:00,,complete,existing_business,high,0.0
case_0553,intake_validation,2024-01-04 09:00:00-05:00,clerk_003,complete,existing_business,high,54.73
case_0553,assigned_to_reviewer,2024-01-08 09:00:00-05:00,,complete,existing_business,high,0.0
case_0553,review_in_progress,2024-01-08 09:20:24.352763-05:00,reviewer_004,complete,existing_business,high,55.03
case_0553,health_inspection,2024-01-11 09:00:00-05:00,inspector_003,complete,existing_business,high,71.49
case_0553,approved,2024-01-16 09:00:00-05:00,,complete,existing_business,high,0.0
case_0554,submitted,2024-01-02 09:00:00-05:00,,complete,new_business,normal,0.0
case_0554,intake_validation,2024-01-04 09:00:00-05:00,clerk_001,complete,new_business,normal,67.1
case_0554,assigned_to_reviewer,2024-01-05 14:34:22.980515-05:00,,complete,new_business,normal,0.0
case_0554,review_in_progress,2024-01-05 14:50:21.409447-05:00,reviewer_002,complete,new_business,normal,68.18
case_0554,request_additional_info,2024-01-08 13:05:07.478308-05:00,,complete,new_business,normal,0.0
case_0554,applicant_provided_info,2024-01-11 09:39:08.350969-05:00,,complete,new_business,normal,0.0
case_0554,review_in_progress,2024-01-16 09:00:00-05:00,reviewer_004,complete,new_business,normal,70.54
case_0554,request_additional_info,2024-01-18 11:17:58.298321-05:00,,complete,new_business,normal,0.0
case_0554,withdrawn,2024-01-24 09:00:00-05:00,,complete,new_business,normal,0.0
case_0555,submitted,2024-01-02 09:00:00-05:00,,complete,existing_business,low,0.0
case_0555,intake_validation,2024-01-03 11:54:52.333353-05:00,clerk_003,complete,existing_business,low,29.0
case_0555,assigned_to_reviewer,2024-01-05 10:14:55.693996-05:00,,complete,existing_business,low,0.0
case_0555,review_in_progress,2024-01-05 10:27:36.446812-05:00,reviewer_004,complete,existing_business,low,41.02
case_0555,request_additional_info,2024-01-08 12:17:07.555487-05:00,,complete,existing_business,low,0.0
case_0555,applicant_provided_info,2024-01-16 09:00:00-05:00,,complete,existing_business,low,0.0
case_0555,review_in_progress,2024-01-19 09:00:00-05:00,reviewer_004,complete,existing_business,low,61.84
case_0555,health_inspection,2024-01-22 09:00:00-05:00,inspector_002,complete,existing_business,low,65.84
case_0555,approved,2024-01-29 11:23:55.045350-05:00,,complete,existing_business,low,0.0
case_0556,submitted,2024-01-02 09:00:00-05:00,,complete,new_business,normal,0.0
case_0556,intake_validation,2024-01-04 09:00:00-05:00,clerk_001,complete,new_business,normal,93.3
case_0556,assigned_to_reviewer,2024-01-05 11:51:57.185645-05:00,,complete,new_business,normal,0.0
case_0556,review_in_progress,2024-01-05 12:15:53.923099-05:00,reviewer_004,complete,new_business,normal,53.19
case_0556,request_additional_info,2024-01-11 09:00:00-05:00,,complete,new_business,normal,0.0
case_0556,applicant_provided_info,2024-01-16 09:00:00-05:00,,complete,new_business,normal,0.0
case_0556,review_in_progress,2024-01-18 13:46:43.369911-05:00,reviewer_002,complete,new_business,normal,71.71
case_0556,health_inspection,2024-01-22 09:00:00-05:00,inspector_003,complete,new_business,normal,40.76
case_0556,rejected,2024-01-29 09:00:00-05:00,,complete,new_business,normal,0.0
case_0557,submitted,2024-01-02 09:00:00-05:00,,complete,existing_business,high,0.0
case_0557,intake_validation,2024-01-04 09:00:00-05:00,clerk_001,complete,existing_business,high,37.5
case_0557,assigned_to_reviewer,2024-01-08 09:00:00-05:00,,complete,existing_business,high,0.0
case_0557,review_in_progress,2024-01-08 09:14:10.612798-05:00,reviewer_001,complete,existing_business,high,56.68
case_0557,health_inspection,2024-01-10 12:09:11.441700-05:00,inspector_003,complete,existing_business,high,38.73
case_0557,rejected,2024-01-12 09:00:00-05:00,,complete,existing_business,high,0.0
case_0558,submitted,2024-01-02 09:00:00-05:00,,complete,new_business,normal,0.0
case_0558,intake_validation,2024-01-03 12:40:22.376098-05:00,clerk_002,complete,new_business,normal,66.48
case_0558,assigned_to_reviewer,2024-01-05 09:00:00-05:00,,complete,new_business,normal,0.0
case_0558,review_in_progress,2024-01-05 09:06:32.734419-05:00,reviewer_002,complete,new_business,normal,58.32
case_0558,request_additional_info,2024-01-12 09:00:00-05:00,,complete,new_business,normal,0.0
case_0558,applicant_provided_info,2024-01-17 09:00:00-05:00,,complete,new_business,normal,0.0
case_0558,review_in_progress,2024-01-22 09:00:00-05:00,reviewer_002,complete,new_business,normal,34.22
case_0558,request_additional_info,2024-01-25 12:45:23.694373-05:00,,complete,new_business,normal,0.0
case_0558,applicant_provided_info,2024-01-29 09:00:00-05:00,,complete,new_business,normal,0.0
case_0558,review_in_progress,2024-02-01 09:00:00-05:00,reviewer_003,complete,new_business,normal,77.16
case_0558,health_inspection,2024-02-06 09:00:00-05:00,inspector_002,complete,new_business,normal,45.4
case_0558,rejected,2024-02-12 09:00:00-05:00,,complete,new_business,normal,0.0
case_0559,submitted,2024-01-02 09:00:00-05:00,,complete,renewal,low,0.0
case_0559,intake_validation,2024-01-04 09:00:00-05:00,clerk_001,complete,renewal,low,38.27
case_0559,assigned_to_reviewer,2024-01-05 09:00:00-05:00,,complete,renewal,low,0.0
case_0559,review_in_progress,2024-01-05 09:20:07.158133-05:00,reviewer_002,complete,renewal,low,36.07
case_0559,request_additional_info,2024-01-10 09:00:00-05:00,,complete,renewal,low,0.0
case_0559,applicant_provided_info,2024-01-16 09:00:00-05:00,,complete,renewal,low,0.0
case_0559,review_in_progress,2024-01-18 10:58:05.567093-05:00,reviewer_003,complete,renewal,low,52.73
case_0559,request_additional_info,2024-01-22 09:00:00-05:00,,complete,renewal,low,0.0
case_0559,applicant_provided_info,2024-01-23 11:25:32.702307-05:00,,complete,renewal,low,0.0
case_0559,review_in_progress,2024-01-26 09:00:00-05:00,reviewer_004,complete,renewal,low,61.74
case_0559,health_inspection,2024-01-31 09:00:00-05:00,inspector_001,complete,renewal,low,36.48
case_0559,approved,2024-02-06 09:00:00-05:00,,complete,renewal,low,0.0
case_0560,submitted,2024-01-02 09:00:00-05:00,,complete,new_business,low,0.0
case_0560,intake_validation,2024-01-04 09:00:00-05:00,clerk_002,complete,new_business,low,41.47
case_0560,assigned_to_reviewer,2024-01-08 09:00:00-05:00,,complete,new_business,low,0.0
case_0560,review_in_progress,2024-01-08 09:11:58.604174-05:00,reviewer_001,complete,new_business,low,62.67
case_0560,health_inspection,2024-01-10 16:47:29.379145-05:00,inspector_003,complete,new_business,low,41.9
case_0560,approved,2024-01-16 09:00:00-05:00,,complete,new_business,low,0.0
case_0561,submitted,2024-01-02 09:00:00-05:00,,complete,existing_business,low,0.0
case_0561,intake_validation,2024-01-03 12:10:43.556814-05:00,clerk_003,complete,existing_business,low,55.46
case_0561,assigned_to_reviewer,2024-01-08 09:00:00-05:00,,complete,existing_business,low,0.0
case_0561,review_in_progress,2024-01-08 09:09:11.465381-05:00,reviewer_004,complete,existing_business,low,30.56
case_0561,health_inspection,2024-01-16 09:00:00-05:00,inspector_001,complete,existing_business,low,40.16
case_0561,approved,2024-01-18 09:00:00-05:00,,complete,existing_business,low,0.0
case_0562,submitted,2024-01-02 09:00:00-05:00,,complete,new_business,high,0.0
case_0562,intake_validation,2024-01-04 09:00:00-05:00,clerk_002,complete,new_business,high,40.57
case_0562,assigned_to_reviewer,2024-01-08 09:00:00-05:00,,complete,new_business,high,0.0
case_0562,review_in_progress,2024-01-08 09:26:52.729547-05:00,reviewer_003,complete,new_business,high,53.5
case_0562,health_inspection,2024-01-12 09:00:00-05:00,inspector_001,complete,new_business,high,41.95
case_0562,approved,2024-01-18 09:00:00-05:00,,complete,new_business,high,0.0
case_0563,submitted,2024-01-02 09:00:00-05:00,,complete,new_business,normal,0.0
case_0563,intake_validation,2024-01-03 15:53:34.938517-05:00,clerk_001,complete,new_business,normal,53.59
case_0563,assigned_to_reviewer,2024-01-05 16:29:39.336007-05:00,,complete,new_business,normal,0.0
case_0563,review_in_progress,2024-01-05 16:37:13.360850-05:00,reviewer_002,complete,new_business,normal,51.61
case_0563,request_additional_info,2024-01-16 09:00:00-05:00,,complete,new_business,normal,0.0
case_0563,applicant_provided_info,2024-01-19 09:00:00-05:00,,complete,new_business,normal,0.0
case_0563,review_in_progress,2024-01-22 09:00:00-05:00,reviewer_004,complete,new_business,normal,59.92
case_0563,health_inspection,2024-01-26 14:30:10.891762-05:00,inspector_002,complete,new_business,normal,44.73
case_0563,approved,2024-01-30 09:00:00-05:00,,complete,new_business,normal,0.0
case_0564,submitted,2024-01-02 09:00:00-05:00,,complete,existing_business,high,0.0
case_0564,intake_validation,2024-01-03 16:26:42.764133-05:00,clerk_001,complete,existing_business,high,43.48
case_0564,assigned_to_reviewer,2024-01-08 09:00:00-05:00,,complete,existing_business,high,0.0
case_0564,review_in_progress,2024-01-08 09:12:03.022225-05:00,reviewer_004,complete,existing_business,high,76.82
case_0564,request_additional_info,2024-01-16 09:00:00-05:00,,complete,existing_business,high,0.0
case_0564,withdrawn,2024-01-22 09:00:00-05:00,,complete,existing_business,high,0.0
case_0565,submitted,2024-01-02 09:00:00-05:00,,complete,new_business,high,0.0
case_0565,intake_validation,2024-01-04 09:00:00-05:00,clerk_002,complete,new_business,high,37.66
case_0565,assigned_to_reviewer,2024-01-05 11:13:39.107287-05:00,,complete,new_business,high,0.0
case_0565,review_in_progress,2024-01-05 11:27:00.234086-05:00,reviewer_002,complete,new_business,high,56.7
case_0565,request_additional_info,2024-01-11 09:00:00-05:00,,complete,new_business,high,0.0
case_0565,applicant_provided_info,2024-01-16 09:00:00-05:00,,complete,new_business,high,0.0
case_0565,review_in_progress,2024-01-19 09:00:00-05:00,reviewer_004,complete,new_business,high,31.23
case_0565,health_inspection,2024-01-23 09:00:00-05:00,inspector_003,complete,new_business,high,32.88
case_0565,approved,2024-01-29 09:00:00-05:00,,complete,new_business,high,0.0
case_0566,submitted,2024-01-02 09:00:00-05:00,,complete,new_business,high,0.0
case_0566,intake_validation,2024-01-04 09:00:00-05:00,clerk_002,complete,new_business,high,46.46
case_0566,assigned_to_reviewer,2024-01-08 09:00:00-05:00,,complete,new_business,high,0.0
case_0566,review_in_progress,2024-01-08 09:29:25.335265-05:00,reviewer_001,complete,new_business,high,49.21
case_0566,request_additional_info,2024-01-10 09:00:00-05:00,,complete,new_business,high,0.0
case_0566,withdrawn,2024-01-16 09:00:00-05:00,,complete,new_business,high,0.0
case_0567,submitted,2024-01-02 09:00:00-05:00,,complete,renewal,high,0.0
case_0567,intake_validation,2024-01-03 11:14:36.927643-05:00,clerk_002,complete,renewal,high,39.5
case_0567,assigned_to_reviewer,2024-01-05 09:00:00-05:00,,complete,renewal,high,0.0
case_0567,review_in_progress,2024-01-05 09:23:54.841539-05:00,reviewer_002,complete,renewal,high,38.05
case_0567,request_additional_info,2024-01-09 09:00:00-05:00,,complete,renewal,high,0.0
case_0567,applicant_provided_info,2024-01-16 09:00:00-05:00,,complete,renewal,high,0.0
case_0567,review_in_progress,2024-01-19 09:00:00-05:00,reviewer_004,complete,renewal,high,51.81
case_0567,health_inspection,2024-01-22 09:00:00-05:00,inspector_002,complete,renewal,high,73.16
case_0567,approved,2024-01-31 09:00:00-05:00,,complete,renewal,high,0.0
case_0568,submitted,2024-01-02 09:00:00-05:00,,complete,renewal,normal,0.0
case_0568,intake_validation,2024-01-04 09:00:00-05:00,clerk_001,complete,renewal,normal,50.01
case_0568,assigned_to_reviewer,2024-01-08 09:00:00-05:00,,complete,renewal,normal,0.0
case_0568,review_in_progress,2024-01-08 09:10:18.323853-05:00,reviewer_002,complete,renewal,normal,48.51
case_0568,health_inspection,2024-01-16 09:00:00-05:00,inspector_003,complete,renewal,normal,55.12
case_0568,approved,2024-01-22 09:00:00-05:00,,complete,renewal,normal,0.0
case_0569,submitted,2024-01-02 09:00:00-05:00,,complete,existing_business,high,0.0
case_0569,intake_validation,2024-01-04 09:00:00-05:00,clerk_001,complete,existing_business,high,43.37
case_0569,assigned_to_reviewer,2024-01-05 09:00:00-05:00,,complete,existing_business,high,0.0
case_0569,review_in_progress,2024-01-05 09:16:05.313582-05:00,reviewer_001,complete,existing_business,high,56.38
case_0569,health_inspection,2024-01-08 09:00:00-05:00,inspector_002,complete,existing_business,high,61.92
case_0569,approved,2024-01-16 09:00:00-05:00,,complete,existing_business,high,0.0
case_0570,submitted,2024-01-02 09:00:00-05:00,,complete,renewal,normal,0.0
case_0570,intake_validation,2024-01-04 09:00:00-05:00,clerk_002,complete,renewal,normal,70.51
case_0570,assigned_to_reviewer,2024-01-08 09:00:00-05:00,,complete,renewal,normal,0.0
case_0570,review_in_progress,2024-01-08 09:11:10.446124-05:00,reviewer_001,complete,renewal,normal,58.44
case_0570,request_additional_info,2024-01-10 11:13:30.956626-05:00,,complete,renewal,normal,0.0
case_0570,applicant_provided_info,2024-01-16 09:00:00-05:00,,complete,renewal,normal,0.0
case_0570,review_in_progress,2024-01-18 13:42:37.697700-05:00,reviewer_004,complete,renewal,normal,36.08
case_0570,request_additional_info,2024-01-22 09:00:00-05:00,,complete,renewal,normal,0.0
case_0570,applicant_provided_info,2024-01-29 09:00:00-05:00,,complete,renewal,normal,0.0
case_0570,review_in_progress,2024-01-31 10:17:27.645669-05:00,reviewer_003,complete,renewal,normal,61.99
case_0570,request_additional_info,2024-02-05 09:00:00-05:00,,complete,renewal,normal,0.0
case_0570,applicant_provided_info,2024-02-12 09:00:00-05:00,,complete,renewal,normal,0.0
case_0570,review_in_progress,2024-02-14 13:18:54.080161-05:00,reviewer_004,complete,renewal,normal,34.97
case_0570,request_additional_info,2024-02-20 09:00:00-05:00,,complete,renewal,normal,0.0
case_0570,applicant_provided_info,2024-02-26 09:00:00-05:00,,complete,renewal,normal,0.0
case_0570,review_in_progress,2024-02-29 09:00:00-05:00,reviewer_003,complete,renewal,normal,59.71
case_0570,health_inspection,2024-03-04 09:00:00-05:00,inspector_002,complete,renewal,normal,56.47
case_0570,approved,2024-03-12 09:00:00-04:00,,complete,renewal,normal,0.0
case_0571,submitted,2024-01-02 09:00:00-05:00,,complete,new_business,low,0.0
case_0571,intake_validation,2024-01-04 09:00:00-05:00,clerk_002,complete,new_business,low,72.2
case_0571,assigned_to_reviewer,2024-01-08 09:00:00-05:00,,complete,new_business,low,0.0
case_0571,review_in_progress,2024-01-08 09:14:06.261342-05:00,reviewer_001,complete,new_business,low,62.23
case_0571,health_inspection,2024-01-10 09:00:00-05:00,inspector_003,complete,new_business,low,63.0
case_0571,approved,2024-01-16 09:00:00-05:00,,complete,new_business,low,0.0
case_0572,submitted,2024-01-02 09:00:00-05:00,,complete,renewal,low,0.0
case_0572,intake_validation,2024-01-03 11:21:29.715811-05:00,clerk_002,complete,renewal,low,52.51
case_0572,assigned_to_reviewer,2024-01-08 09:00:00-05:00,,complete,renewal,low,0.0
case_0572,review_in_progress,2024-01-08 09:20:31.013915-05:00,reviewer_004,complete,renewal,low,41.38
case_0572,health_inspection,2024-01-16 09:00:00-05:00,inspector_001,complete,renewal,low,70.68
case_0572,approved,2024-01-18 09:00:00-05:00,,complete,renewal,low,0.0
case_0573,submitted,2024-01-02 09:00:00-05:00,,complete,new_business,normal,0.0
case_0573,intake_validation,2024-01-04 09:00:00-05:00,clerk_001,complete,new_business,normal,55.58
case_0573,assigned_to_reviewer,2024-01-08 09:00:00-05:00,,complete,new_business,normal,0.0
case_0573,review_in_progress,2024-01-08 09:06:58.151756-05:00,reviewer_001,complete,new_business,normal,38.94
case_0573,health_inspection,2024-01-11 09:00:00-05:00,inspector_001,complete,new_business,normal,42.27
case_0573,approved,2024-01-16 09:00:00-05:00,,complete,new_business,normal,0.0
case_0574,submitted,2024-01-02 09:00:00-05:00,,complete,new_business,normal,0.0
case_0574,intake_validation,2024-01-03 12:34:57.192276-05:00,clerk_001,complete,new_business,normal,61.32
case_0574,assigned_to_reviewer,2024-01-05 09:00:00-05:00,,complete,new_business,normal,0.0
case_0574,review_in_progress,2024-01-05 09:25:43.072627-05:00,reviewer_002,complete,new_business,normal,72.93
case_0574,health_inspection,2024-01-10 09:00:00-05:00,inspector_002,complete,new_business,normal,56.17
case_0574,approved,2024-01-18 09:33:48.302066-05:00,,complete,new_business,normal,0.0
case_0575,submitted,2024-01-02 09:00:00-05:00,,complete,existing_business,low,0.0
case_0575,intake_validation,2024-01-04 09:00:00-05:00,clerk_003,complete,existing_business,low,52.18
case_0575,assigned_to_reviewer,2024-01-08 09:00:00-05:00,,complete,existing_business,low,0.0
case_0575,review_in_progress,2024-01-08 09:15:24.014249-05:00,reviewer_001,complete,existing_business,low,55.02
case_0575,health_inspection,2024-01-11 09:00:00-05:00,inspector_002,complete,existing_business,low,48.39
case_0575,approved,2024-01-16 09:00:00-05:00,,complete,existing_business,low,0.0
case_0576,submitted,2024-01-02 09:00:00-05:00,,complete,new_business,normal,0.0
case_0576,intake_validation,2024-01-04 09:00:00-05:00,clerk_001,complete,new_business,normal,79.54
case_0576,assigned_to_reviewer,2024-01-05 13:27:57.267861-05:00,,complete,new_business,normal,0.0
case_0576,review_in_progress,2024-01-05 13:50:40.435999-05:00,reviewer_002,complete,new_business,normal,59.31
case_0576,health_inspection,2024-01-11 16:57:01.570530-05:00,inspector_001,complete,new_business,normal,67.16
case_0576,approved,2024-01-16 09:00:00-05:00,,complete,new_business,normal,0.0
case_0577,submitted,2024-01-02 09:00:00-05:00,,complete,existing_business,normal,0.0
case_0577,intake_validation,2024-01-03 14:07:58.741117-05:00,clerk_003,complete,existing_business,normal,76.52
case_0577,assigned_to_reviewer,2024-01-08 09:00:00-05:00,,complete,existing_business,normal,0.0
case_0577,review_in_progress,2024-01-08 09:15:21.428427-05:00,reviewer_004,complete,existing_business,normal,65.06
case_0577,health_inspection,2024-01-16 09:00:00-05:00,inspector_002,complete,existing_business,normal,52.95
case_0577,approved,2024-01-22 09:00:00-05:00,,complete,existing_business,normal,0.0
case_0578,submitted,2024-01-02 09:00:00-05:00,,complete,new_business,high,0.0
case_0578,intake_validation,2024-01-03 11:01:50.032670-05:00,clerk_002,complete,new_business,high,72.32
case_0578,assigned_to_reviewer,2024-01-05 09:00:00-05:00,,complete,new_business,high,0.0
case_0578,review_in_progress,2024-01-05 09:25:33.199581-05:00,reviewer_004,complete,new_business,high,53.35
case_0578,health_inspection,2024-01-09 09:00:00-05:00,inspector_001,complete,new_business,high,25.93
case_0578,rejected,2024-01-16 09:00:00-05:00,,complete,new_business,high,0.0
case_0579,submitted,2024-01-02 09:00:00-05:00,,complete,new_business,high,0.0
case_0579,intake_validation,2024-01-04 09:00:00-05:00,clerk_002,complete,new_business,high,77.47
case_0579,assigned_to_reviewer,2024-01-08 09:00:00-05:00,,complete,new_business,high,0.0
case_0579,review_in_progress,2024-01-08 09:24:21.666861-05:00,reviewer_004,complete,new_business,high,60.39
case_0579,request_additional_info,2024-01-11 09:00:00-05:00,,complete,new_business,high,0.0
case_0579,applicant_provided_info,2024-01-16 09:00:00-05:00,,complete,new_business,high,0.0
case_0579,review_in_progress,2024-01-18 12:23:38.349213-05:00,reviewer_001,complete,new_business,high,35.16
case_0579,health_inspection,2024-01-22 09:00:00-05:00,inspector_002,complete,new_business,high,39.24
case_0579,approved,2024-01-25 09:00:00-05:00,,complete,new_business,high,0.0
case_0580,submitted,2024-01-02 09:00:00-05:00,,complete,existing_business,normal,0.0
case_0580,intake_validation,2024-01-03 16:45:08.942484-05:00,clerk_003,complete,existing_business,normal,64.72
case_0580,assigned_to_reviewer,2024-01-08 09:00:00-05:00,,complete,existing_business,normal,0.0
case_0580,review_in_progress,2024-01-08 09:18:07.036480-05:00,reviewer_002,complete,existing_business,normal,30.98
case_0580,health_inspection,2024-01-16 09:00:00-05:00,inspector_002,complete,existing_business,normal,21.65
case_0580,approved,2024-01-24 09:00:00-05:00,,complete,existing_business,normal,0.0
case_0581,submitted,2024-01-02 09:00:00-05:00,,complete,new_business,high,0.0
case_0581,intake_validation,2024-01-03 11:33:42.836209-05:00,clerk_001,complete,new_business,high,40.29
case_0581,assigned_to_reviewer,2024-01-04 11:54:28.387033-05:00,,complete,new_business,high,0.0
case_0581,review_in_progress,2024-01-04 12:06:20.302637-05:00,reviewer_002,complete,new_business,high,46.57
case_0581,health_inspection,2024-01-09 09:00:00-05:00,inspector_003,complete,new_business,high,38.77
case_0581,approved,2024-01-16 09:00:00-05:00,,complete,new_business,high,0.0
case_0582,submitted,2024-01-02 09:00:00-05:00,,complete,renewal,normal,0.0
case_0582,intake_validation,2024-01-03 12:12:51.232436-05:00,clerk_001,complete,renewal,normal,56.94
case_0582,assigned_to_reviewer,2024-01-05 09:00:00-05:00,,complete,renewal,normal,0.0
case_0582,review_in_progress,2024-01-05 09:18:56.490233-05:00,reviewer_002,complete,renewal,normal,53.31
case_0582,request_additional_info,2024-01-11 09:00:00-05:00,,complete,renewal,normal,0.0
case_0582,applicant_provided_info,2024-01-17 09:00:00-05:00,,complete,renewal,normal,0.0
case_0582,review_in_progress,2024-01-19 13:05:39.899492-05:00,reviewer_004,complete,renewal,normal,36.04
case_0582,health_inspection,2024-01-22 09:00:00-05:00,inspector_002,complete,renewal,normal,38.95
case_0582,approved,2024-01-24 11:34:00.311325-05:00,,complete,renewal,normal,0.0
case_0583,submitted,2024-01-02 09:00:00-05:00,,complete,existing_business,normal,0.0
case_0583,intake_validation,2024-01-04 09:00:00-05:00,clerk_003,complete,existing_business,normal,32.24
case_0583,assigned_to_reviewer,2024-01-08 09:00:00-05:00,,complete,existing_business,normal,0.0
case_0583,review_in_progress,2024-01-08 09:16:26.934600-05:00,reviewer_001,complete,existing_business,normal,30.97
case_0583,health_inspection,2024-01-11 09:00:00-05:00,inspector_003,complete,existing_business,normal,54.37
case_0583,approved,2024-01-16 09:00:00-05:00,,complete,existing_business,normal,0.0
case_0584,submitted,2024-01-02 09:00:00-05:00,,complete,renewal,normal,0.0
case_0584,intake_validation,2024-01-03 11:07:16.010124-05:00,clerk_001,complete,renewal,normal,50.5
case_0584,assigned_to_reviewer,2024-01-04 12:07:22.687972-05:00,,complete,renewal,normal,0.0
case_0584,review_in_progress,2024-01-04 12:31:15.720239-05:00,reviewer_001,complete,renewal,normal,56.27
case_0584,health_inspection,2024-01-08 09:00:00-05:00,inspector_001,complete,renewal,normal,81.4
case_0584,approved,2024-01-12 09:00:00-05:00,,complete,renewal,normal,0.0
case_0585,submitted,2024-01-02 09:00:00-05:00,,complete,renewal,normal,0.0
case_0585,intake_validation,2024-01-04 09:00:00-05:00,clerk_003,complete,renewal,normal,40.32
case_0585,assigned_to_reviewer,2024-01-05 14:33:35.176560-05:00,,complete,renewal,normal,0.0
case_0585,review_in_progress,2024-01-05 14:58:38.264933-05:00,reviewer_004,complete,renewal,normal,87.3
case_0585,request_additional_info,2024-01-09 09:00:00-05:00,,complete,renewal,normal,0.0
case_0585,applicant_provided_info,2024-01-16 09:00:00-05:00,,complete,renewal,normal,0.0
case_0585,review_in_progress,2024-01-19 09:00:00-05:00,reviewer_002,complete,renewal,normal,37.32
case_0585,health_inspection,2024-01-22 09:00:00-05:00,inspector_002,complete,renewal,normal,33.62
case_0585,approved,2024-01-24 09:00:00-05:00,,complete,renewal,normal,0.0
case_0586,submitted,2024-01-02 09:00:00-05:00,,complete,new_business,normal,0.0
case_0586,intake_validation,2024-01-03 15:56:39.805682-05:00,clerk_003,complete,new_business,normal,46.37
case_0586,assigned_to_reviewer,2024-01-05 09:00:00-05:00,,complete,new_business,normal,0.0
case_0586,review_in_progress,2024-01-05 09:20:20.904526-05:00,reviewer_004,complete,new_business,normal,33.93
case_0586,request_additional_info,2024-01-09 09:00:00-05:00,,complete,new_business,normal,0.0
case_0586,applicant_provided_info,2024-01-16 09:00:00-05:00,,complete,new_business,normal,0.0
case_0586,review_in_progress,2024-01-19 09:00:00-05:00,reviewer_004,complete,new_business,normal,49.44
case_0586,health_inspection,2024-01-24 10:05:18.134566-05:00,inspector_002,complete,new_business,normal,27.49
case_0586,approved,2024-01-29 09:00:00-05:00,,complete,new_business,normal,0.0
case_0587,submitted,2024-01-02 09:00:00-05:00,,complete,new_business,normal,0.0
case_0587,intake_validation,2024-01-04 09:00:00-05:00,clerk_003,complete,new_business,normal,64.8
case_0587,assigned_to_reviewer,2024-01-08 09:00:00-05:00,,complete,new_business,normal,0.0
case_0587,review_in_progress,2024-01-08 09:27:22.377135-05:00,reviewer_004,complete,new_business,normal,37.34
case_0587,request_additional_info,2024-01-16 09:00:00-05:00,,complete,new_business,normal,0.0
case_0587,applicant_provided_info,2024-01-22 09:00:00-05:00,,complete,new_business,normal,0.0
case_0587,review_in_progress,2024-01-25 09:00:00-05:00,reviewer_001,complete,new_business,normal,47.67
case_0587,request_additional_info,2024-01-29 09:00:00-05:00,,complete,new_business,normal,0.0
case_0587,applicant_provided_info,2024-02-02 09:00:00-05:00,,complete,new_business,normal,0.0
case_0587,review_in_progress,2024-02-05 09:00:00-05:00,reviewer_001,complete,new_business,normal,47.75
case_0587,health_inspection,2024-02-07 09:00:00-05:00,inspector_001,complete,new_business,normal,39.57
case_0587,approved,2024-02-12 09:00:00-05:00,,complete,new_business,normal,0.0
case_0588,submitted,2024-01-02 09:00:00-05:00,,complete,existing_business,normal,0.0
case_0588,intake_validation,2024-01-04 09:00:00-05:00,clerk_003,complete,existing_business,normal,41.72
case_0588,assigned_to_reviewer,2024-01-08 09:00:00-05:00,,complete,existing_business,normal,0.0
case_0588,review_in_progress,2024-01-08 09:15:46.759936-05:00,reviewer_004,complete,existing_business,normal,65.84
case_0588,request_additional_info,2024-01-11 16:15:04.076769-05:00,,complete,existing_business,normal,0.0
case_0588,applicant_provided_info,2024-01-17 09:09:29.101618-05:00,,complete,existing_business,normal,0.0
case_0588,review_in_progress,2024-01-22 09:00:00-05:00,reviewer_001,complete,existing_business,normal,38.83
case_0588,health_inspection,2024-01-25 09:00:00-05:00,inspector_002,complete,existing_business,normal,38.14
case_0588,approved,2024-02-02 15:17:21.240051-05:00,,complete,existing_business,normal,0.0
case_0589,submitted,2024-01-02 09:00:00-05:00,,complete,renewal,low,0.0
case_0589,intake_validation,2024-01-04 09:00:00-05:00,clerk_003,complete,renewal,low,67.52
case_0589,assigned_to_reviewer,2024-01-08 09:00:00-05:00,,complete,renewal,low,0.0
case_0589,review_in_progress,2024-01-08 09:08:53.067748-05:00,reviewer_004,complete,renewal,low,43.15
case_0589,request_additional_info,2024-01-16 09:00:00-05:00,,complete,renewal,low,0.0
case_0589,withdrawn,2024-01-19 09:00:00-05:00,,complete,renewal,low,0.0
case_0590,submitted,2024-01-02 09:00:00-05:00,,complete,new_business,high,0.0
case_0590,intake_validation,2024-01-04 09:00:00-05:00,clerk_002,complete,new_business,high,55.06
case_0590,assigned_to_reviewer,2024-01-08 09:00:00-05:00,,complete,new_business,high,0.0
case_0590,review_in_progress,2024-01-08 09:15:20.572254-05:00,reviewer_001,complete,new_business,high,64.72
case_0590,health_inspection,2024-01-10 09:00:00-05:00,inspector_002,complete,new_business,high,48.11
case_0590,approved,2024-01-18 09:00:00-05:00,,complete,new_business,high,0.0
case_0591,submitted,2024-01-02 09:00:00-05:00,,complete,new_business,normal,0.0
case_0591,intake_validation,2024-01-04 09:00:00-05:00,clerk_002,complete,new_business,normal,71.99
case_0591,assigned_to_reviewer,2024-01-05 16:02:44.853837-05:00,,complete,new_business,normal,0.0
case_0591,review_in_progress,2024-01-05 16:23:51.387457-05:00,reviewer_003,complete,new_business,normal,60.89
case_0591,health_inspection,2024-01-09 09:00:00-05:00,inspector_003,complete,new_business,normal,52.24
case_0591,approved,2024-01-10 11:25:18.401554-05:00,,complete,new_business,normal,0.0
case_0592,submitted,2024-01-02 09:00:00-05:00,,complete,renewal,low,0.0
case_0592,intake_validation,2024-01-04 09:00:00-05:00,clerk_002,complete,renewal,low,61.95
case_0592,assigned_to_reviewer,2024-01-08 09:00:00-05:00,,complete,renewal,low,0.0
case_0592,review_in_progress,2024-01-08 09:14:16.152696-05:00,reviewer_001,complete,renewal,low,66.77
case_0592,request_additional_info,2024-01-11 15:38:58.184216-05:00,,complete,renewal,low,0.0
case_0592,applicant_provided_info,2024-01-18 13:03:17.889332-05:00,,complete,renewal,low,0.0
case_0592,review_in_progress,2024-01-22 09:00:00-05:00,reviewer_004,complete,renewal,low,32.69
case_0592,request_additional_info,2024-01-25 09:00:00-05:00,,complete,renewal,low,0.0
case_0592,withdrawn,2024-01-29 09:00:00-05:00,,complete,renewal,low,0.0
case_0593,submitted,2024-01-02 09:00:00-05:00,,complete,new_business,normal,0.0
case_0593,intake_validation,2024-01-03 12:11:02.313980-05:00,clerk_002,complete,new_business,normal,59.15
case_0593,assigned_to_reviewer,2024-01-08 09:00:00-05:00,,complete,new_business,normal,0.0
case_0593,review_in_progress,2024-01-08 09:28:15.120200-05:00,reviewer_002,complete,new_business,normal,45.74
case_0593,request_additional_info,2024-01-16 12:24:29.477188-05:00,,complete,new_business,normal,0.0
case_0593,applicant_provided_info,2024-01-18 09:00:00-05:00,,complete,new_business,normal,0.0
case_0593,review_in_progress,2024-01-22 09:00:00-05:00,reviewer_002,complete,new_business,normal,69.03
case_0593,health_inspection,2024-01-26 10:56:55.858033-05:00,inspector_003,complete,new_business,normal,12.74
case_0593,approved,2024-01-30 09:00:00-05:00,,complete,new_business,normal,0.0
case_0594,submitted,2024-01-02 09:00:00-05:00,,complete,new_business,normal,0.0
case_0594,intake_validation,2024-01-04 09:00:00-05:00,clerk_001,complete,new_business,normal,45.87
case_0594,assigned_to_reviewer,2024-01-08 09:00:00-05:00,,complete,new_business,normal,0.0
case_0594,review_in_progress,2024-01-08 09:25:37.144301-05:00,reviewer_002,complete,new_business,normal,47.77
case_0594,request_additional_info,2024-01-11 09:00:00-05:00,,complete,new_business,normal,0.0
case_0594,applicant_provided_info,2024-01-17 09:00:00-05:00,,complete,new_business,normal,0.0
case_0594,review_in_progress,2024-01-22 09:00:00-05:00,reviewer_004,complete,new_business,normal,48.99
case_0594,health_inspection,2024-01-26 14:13:15.469198-05:00,inspector_003,complete,new_business,normal,32.38
case_0594,rejected,2024-01-31 10:14:45.451015-05:00,,complete,new_business,normal,0.0
case_0595,submitted,2024-01-02 09:00:00-05:00,,complete,new_business,high,0.0
case_0595,intake_validation,2024-01-03 13:38:28.498074-05:00,clerk_003,complete,new_business,high,58.91
case_0595,assigned_to_reviewer,2024-01-08 09:00:00-05:00,,complete,new_business,high,0.0
case_0595,review_in_progress,2024-01-08 09:20:33.351486-05:00,reviewer_002,complete,new_business,high,66.61
case_0595,health_inspection,2024-01-16 09:00:00-05:00,inspector_003,complete,new_business,high,55.41
case_0595,approved,2024-01-22 09:00:00-05:00,,complete,new_business,high,0.0
case_0596,submitted,2024-01-02 09:00:00-05:00,,complete,renewal,normal,0.0
case_0596,intake_validation,2024-01-03 09:33:00.174167-05:00,clerk_002,complete,renewal,normal,42.35
case_0596,assigned_to_reviewer,2024-01-08 09:00:00-05:00,,complete,renewal,normal,0.0
case_0596,review_in_progress,2024-01-08 09:29:52.033476-05:00,reviewer_003,complete,renewal,normal,21.02
case_0596,request_additional_info,2024-01-11 09:00:00-05:00,,complete,renewal,normal,0.0
case_0596,applicant_provided_info,2024-01-16 09:00:00-05:00,,complete,renewal,normal,0.0
case_0596,review_in_progress,2024-01-19 09:00:00-05:00,reviewer_003,complete,renewal,normal,70.32
case_0596,health_inspection,2024-01-22 09:00:00-05:00,inspector_002,complete,renewal,normal,45.85
case_0596,approved,2024-01-31 13:48:29.529502-05:00,,complete,renewal,normal,0.0
case_0597,submitted,2024-01-02 09:00:00-05:00,,complete,renewal,normal,0.0
case_0597,intake_validation,2024-01-04 09:00:00-05:00,clerk_002,complete,renewal,normal,57.8
case_0597,assigned_to_reviewer,2024-01-08 09:00:00-05:00,,complete,renewal,normal,0.0
case_0597,review_in_progress,2024-01-08 09:28:29.376635-05:00,reviewer_003,complete,renewal,normal,42.94
case_0597,health_inspection,2024-01-12 09:00:00-05:00,inspector_002,complete,renewal,normal,63.36
case_0597,approved,2024-01-19 12:45:18.803162-05:00,,complete,renewal,normal,0.0
case_0598,submitted,2024-01-02 09:00:00-05:00,,complete,existing_business,normal,0.0
case_0598,intake_validation,2024-01-03 09:23:16.766966-05:00,clerk_003,complete,existing_business,normal,63.07
case_0598,assigned_to_reviewer,2024-01-04 11:00:56.593659-05:00,,complete,existing_business,normal,0.0
case_0598,review_in_progress,2024-01-04 11:22:50.325213-05:00,reviewer_004,complete,existing_business,normal,53.16
case_0598,health_inspection,2024-01-09 09:00:00-05:00,inspector_001,complete,existing_business,normal,71.25
case_0598,approved,2024-01-12 09:00:00-05:00,,complete,existing_business,normal,0.0
case_0599,submitted,2024-01-02 09:00:00-05:00,,complete,new_business,normal,0.0
case_0599,intake_validation,2024-01-04 09:00:00-05:00,clerk_002,complete,new_business,normal,72.63
case_0599,assigned_to_reviewer,2024-01-08 09:00:00-05:00,,complete,new_business,normal,0.0
case_0599,review_in_progress,2024-01-08 09:16:35.624003-05:00,reviewer_001,complete,new_business,normal,62.02
case_0599,request_additional_info,2024-01-10 12:56:15.962159-05:00,,complete,new_business,normal,0.0
case_0599,applicant_provided_info,2024-01-16 09:00:00-05:00,,complete,new_business,normal,0.0
case_0599,review_in_progress,2024-01-19 09:00:00-05:00,reviewer_004,complete,new_business,normal,40.7
case_0599,request_additional_info,2024-01-24 09:00:00-05:00,,complete,new_business,normal,0.0
case_0599,applicant_provided_info,2024-01-31 09:00:00-05:00,,complete,new_business,normal,0.0
case_0599,review_in_progress,2024-02-05 09:00:00-05:00,reviewer_001,complete,new_business,normal,26.23
case_0599,health_inspection,2024-02-08 09:00:00-05:00,inspector_003,complete,new_business,normal,26.63
case_0599,approved,2024-02-12 09:00:00-05:00,,complete,new_business,normal,0.0
case_0600,submitted,2024-01-02 09:00:00-05:00,,complete,existing_business,normal,0.0
case_0600,intake_validation,2024-01-04 09:00:00-05:00,clerk_002,complete,existing_business,normal,39.03
case_0600,assigned_to_reviewer,2024-01-08 09:00:00-05:00,,complete,existing_business,normal,0.0
case_0600,review_in_progress,2024-01-08 09:21:55.540962-05:00,reviewer_004,complete,existing_business,normal,25.77
case_0600,health_inspection,2024-01-12 09:00:00-05:00,inspector_002,complete,existing_business,normal,71.78
case_0600,approved,2024-01-16 09:00:00-05:00,,complete,existing_business,normal,0.0
case_0601,submitted,2024-01-02 09:00:00-05:00,,complete,new_business,high,0.0
case_0601,intake_validation,2024-01-03 13:22:52.841864-05:00,clerk_002,complete,new_business,high,55.35
case_0601,assigned_to_reviewer,2024-01-05 11:19:23.750542-05:00,,complete,new_business,high,0.0
case_0601,review_in_progress,2024-01-05 11:40:04.148425-05:00,reviewer_002,complete,new_business,high,71.71
case_0601,request_additional_info,2024-01-12 09:00:00-05:00,,complete,new_business,high,0.0
case_0601,applicant_provided_info,2024-01-18 09:00:00-05:00,,complete,new_business,high,0.0
case_0601,review_in_progress,2024-01-22 09:00:00-05:00,reviewer_004,complete,new_business,high,43.19
case_0601,health_inspection,2024-01-26 09:00:00-05:00,inspector_001,complete,new_business,high,36.64
case_0601,approved,2024-01-29 09:00:00-05:00,,complete,new_business,high,0.0
case_0602,submitted,2024-01-02 09:00:00-05:00,,complete,renewal,low,0.0
case_0602,intake_validation,2024-01-04 09:00:00-05:00,clerk_001,complete,renewal,low,19.4
case_0602,assigned_to_reviewer,2024-01-08 09:00:00-05:00,,complete,renewal,low,0.0
case_0602,review_in_progress,2024-01-08 09:14:14.388065-05:00,reviewer_003,complete,renewal,low,73.84
case_0602,request_additional_info,2024-01-16 09:00:00-05:00,,complete,renewal,low,0.0
case_0602,applicant_provided_info,2024-01-19 14:10:09.572250-05:00,,complete,renewal,low,0.0
case_0602,review_in_progress,2024-01-22 09:00:00-05:00,reviewer_004,complete,renewal,low,67.83
case_0602,health_inspection,2024-01-29 09:00:00-05:00,inspector_001,complete,renewal,low,27.42
case_0602,approved,2024-02-05 09:00:00-05:00,,complete,renewal,low,0.0
case_0603,submitted,2024-01-02 09:00:00-05:00,,complete,existing_business,low,0.0
case_0603,intake_validation,2024-01-04 09:00:00-05:00,clerk_003,complete,existing_business,low,51.74
case_0603,assigned_to_reviewer,2024-01-05 14:26:00.423263-05:00,,complete,existing_business,low,0.0
case_0603,review_in_progress,2024-01-05 14:33:07.944626-05:00,reviewer_003,complete,existing_business,low,39.66
case_0603,health_inspection,2024-01-08 09:00:00-05:00,inspector_001,complete,existing_business,low,44.15
case_0603,approved,2024-01-11 09:00:00-05:00,,complete,existing_business,low,0.0
case_0604,submitted,2024-01-02 09:00:00-05:00,,complete,renewal,low,0.0
case_0604,intake_validation,2024-01-04 09:00:00-05:00,clerk_003,complete,renewal,low,21.32
case_0604,assigned_to_reviewer,2024-01-08 09:00:00-05:00,,complete,renewal,low,0.0
case_0604,review_in_progress,2024-01-08 09:26:26.245433-05:00,reviewer_004,complete,renewal,low,54.38
case_0604,request_additional_info,2024-01-11 16:24:27.270536-05:00,,complete,renewal,low,0.0
case_0604,applicant_provided_info,2024-01-16 13:02:40.233611-05:00,,complete,renewal,low,0.0
case_0604,review_in_progress,2024-01-19 11:51:13.652328-05:00,reviewer_001,complete,renewal,low,39.94
case_0604,health_inspection,2024-01-22 09:00:00-05:00,inspector_002,complete,renewal,low,63.16
case_0604,approved,2024-01-29 09:00:00-05:00,,complete,renewal,low,0.0
case_0605,submitted,2024-01-02 09:00:00-05:00,,complete,new_business,normal,0.0
case_0605,intake_validation,2024-01-03 12:06:52.636980-05:00,clerk_002,complete,new_business,normal,58.61
case_0605,assigned_to_reviewer,2024-01-05 09:00:00-05:00,,complete,new_business,normal,0.0
case_0605,review_in_progress,2024-01-05 09:25:25.100955-05:00,reviewer_002,complete,new_business,normal,39.11
case_0605,request_additional_info,2024-01-08 09:00:00-05:00,,complete,new_business,normal,0.0
case_0605,applicant_provided_info,2024-01-12 09:55:38.203414-05:00,,complete,new_business,normal,0.0
case_0605,review_in_progress,2024-01-16 09:00:00-05:00,reviewer_002,complete,new_business,normal,58.65
case_0605,request_additional_info,2024-01-22 09:00:00-05:00,,complete,new_business,normal,0.0
case_0605,applicant_provided_info,2024-01-29 09:00:00-05:00,,complete,new_business,normal,0.0
case_0605,review_in_progress,2024-02-01 09:00:00-05:00,reviewer_004,complete,new_business,normal,65.18
case_0605,request_additional_info,2024-02-06 09:00:00-05:00,,complete,new_business,normal,0.0
case_0605,applicant_provided_info,2024-02-12 09:00:00-05:00,,complete,new_business,normal,0.0
case_0605,review_in_progress,2024-02-14 12:05:36.687165-05:00,reviewer_004,complete,new_business,normal,76.88
case_0605,health_inspection,2024-02-20 09:00:00-05:00,inspector_003,complete,new_business,normal,44.46
case_0605,approved,2024-02-26 16:04:42.813129-05:00,,complete,new_business,normal,0.0
case_0606,submitted,2024-01-02 09:00:00-05:00,,complete,existing_business,normal,0.0
case_0606,intake_validation,2024-01-03 14:34:12.538394-05:00,clerk_001,complete,existing_business,normal,72.3
case_0606,assigned_to_reviewer,2024-01-08 09:00:00-05:00,,complete,existing_business,normal,0.0
case_0606,review_in_progress,2024-01-08 09:07:39.709309-05:00,reviewer_002,complete,existing_business,normal,28.35
case_0606,request_additional_info,2024-01-11 09:00:00-05:00,,complete,existing_business,normal,0.0
case_0606,applicant_provided_info,2024-01-16 09:00:00-05:00,,complete,existing_business,normal,0.0
case_0606,review_in_progress,2024-01-18 11:24:31.914522-05:00,reviewer_004,complete,existing_business,normal,35.44
case_0606,health_inspection,2024-01-23 09:00:00-05:00,inspector_002,complete,existing_business,normal,47.71
case_0606,approved,2024-01-31 16:43:17.987261-05:00,,complete,existing_business,normal,0.0
case_0607,submitted,2024-01-02 09:00:00-05:00,,complete,existing_business,normal,0.0
case_0607,intake_validation,2024-01-04 09:00:00-05:00,clerk_001,complete,existing_business,normal,64.32
case_0607,assigned_to_reviewer,2024-01-08 09:00:00-05:00,,complete,existing_business,normal,0.0
case_0607,review_in_progress,2024-01-08 09:14:51.121451-05:00,reviewer_004,complete,existing_business,normal,50.57
case_0607,health_inspection,2024-01-12 13:27:41.511708-05:00,inspector_002,complete,existing_business,normal,59.93
case_0607,approved,2024-01-16 09:00:00-05:00,,complete,existing_business,normal,0.0
case_0608,submitted,2024-01-02 09:00:00-05:00,,complete,new_business,high,0.0
case_0608,intake_validation,2024-01-03 16:19:00.720292-05:00,clerk_002,complete,new_business,high,27.58
case_0608,assigned_to_reviewer,2024-01-05 09:00:00-05:00,,complete,new_business,high,0.0
case_0608,review_in_progress,2024-01-05 09:12:17.842135-05:00,reviewer_003,complete,new_business,high,46.77
case_0608,health_inspection,2024-01-08 09:00:00-05:00,inspector_001,complete,new_business,high,50.76
case_0608,rejected,2024-01-12 09:00:00-05:00,,complete,new_business,high,0.0
case_0609,submitted,2024-01-02 09:00:00-05:00,,complete,renewal,normal,0.0
case_0609,intake_validation,2024-01-04 09:00:00-05:00,clerk_002,complete,renewal,normal,28.35
case_0609,assigned_to_reviewer,2024-01-08 09:00:00-05:00,,complete,renewal,normal,0.0
case_0609,review_in_progress,2024-01-08 09:18:15.736561-05:00,reviewer_003,complete,renewal,normal,70.61
case_0609,health_inspection,2024-01-12 09:00:00-05:00,inspector_003,complete,renewal,normal,35.22
case_0609,approved,2024-01-16 09:00:00-05:00,,complete,renewal,normal,0.0
case_0610,submitted,2024-01-02 09:00:00-05:00,,complete,existing_business,low,0.0
case_0610,intake_validation,2024-01-03 13:45:34.950756-05:00,clerk_002,complete,existing_business,low,61.84
case_0610,assigned_to_reviewer,2024-01-08 09:00:00-05:00,,complete,existing_business,low,0.0
case_0610,review_in_progress,2024-01-08 09:28:57.635045-05:00,reviewer_002,complete,existing_business,low,59.2
case_0610,request_additional_info,2024-01-16 09:00:00-05:00,,complete,existing_business,low,0.0
case_0610,withdrawn,2024-01-22 15:56:40.035327-05:00,,complete,existing_business,low,0.0
case_0611,submitted,2024-01-02 09:00:00-05:00,,complete,existing_business,normal,0.0
case_0611,intake_validation,2024-01-04 09:00:00-05:00,clerk_001,complete,existing_business,normal,67.38
case_0611,assigned_to_reviewer,2024-01-08 09:00:00-05:00,,complete,existing_business,normal,0.0
case_0611,review_in_progress,2024-01-08 09:21:40.780320-05:00,reviewer_002,complete,existing_business,normal,21.89
case_0611,health_inspection,2024-01-12 09:00:00-05:00,inspector_002,complete,existing_business,normal,35.09
case_0611,approved,2024-01-17 13:32:07.133732-05:00,,complete,existing_business,normal,0.0
case_0612,submitted,2024-01-02 09:00:00-05:00,,complete,renewal,normal,0.0
case_0612,intake_validation,2024-01-03 15:57:22.417375-05:00,clerk_002,complete,renewal,normal,49.2
case_0612,assigned_to_reviewer,2024-01-08 09:00:00-05:00,,complete,renewal,normal,0.0
case_0612,review_in_progress,2024-01-08 09:23:24.042876-05:00,reviewer_002,complete,renewal,normal,61.45
case_0612,health_inspection,2024-01-16 09:00:00-05:00,inspector_001,complete,renewal,normal,52.61
case_0612,rejected,2024-01-17 12:19:30.925871-05:00,,complete,renewal,normal,0.0
case_0613,submitted,2024-01-02 09:00:00-05:00,,complete,existing_business,normal,0.0
case_0613,intake_validation,2024-01-03 11:42:01.130914-05:00,clerk_003,complete,existing_business,normal,55.08
case_0613,assigned_to_reviewer,2024-01-05 09:00:00-05:00,,complete,existing_business,normal,0.0
case_0613,review_in_progress,2024-01-05 09:27:57.572302-05:00,reviewer_001,complete,existing_business,normal,59.57
case_0613,health_inspection,2024-01-08 09:00:00-05:00,inspector_003,complete,existing_business,normal,26.82
case_0613,approved,2024-01-16 09:00:00-05:00,,complete,existing_business,normal,0.0
case_0614,submitted,2024-01-02 09:00:00-05:00,,complete,existing_business,normal,0.0
case_0614,intake_validation,2024-01-04 09:00:00-05:00,clerk_003,complete,existing_business,normal,32.31
case_0614,assigned_to_reviewer,2024-01-08 09:00:00-05:00,,complete,existing_business,normal,0.0
case_0614,review_in_progress,2024-01-08 09:23:45.572813-05:00,reviewer_002,complete,existing_business,normal,47.92
case_0614,request_additional_info,2024-01-16 09:00:00-05:00,,complete,existing_business,normal,0.0
case_0614,applicant_provided_info,2024-01-22 09:00:00-05:00,,complete,existing_business,normal,0.0
case_0614,review_in_progress,2024-01-25 09:00:00-05:00,reviewer_004,complete,existing_business,normal,51.17
case_0614,request_additional_info,2024-01-29 09:00:00-05:00,,complete,existing_business,normal,0.0
case_0614,applicant_provided_info,2024-02-05 09:00:00-05:00,,complete,existing_business,normal,0.0
case_0614,review_in_progress,2024-02-08 09:00:00-05:00,reviewer_001,complete,existing_business,normal,39.99
case_0614,health_inspection,2024-02-12 09:00:00-05:00,inspector_001,complete,existing_business,normal,45.57
case_0614,approved,2024-02-20 09:00:00-05:00,,complete,existing_business,normal,0.0
case_0615,submitted,2024-01-02 09:00:00-05:00,,complete,renewal,normal,0.0
case_0615,intake_validation,2024-01-04 09:00:00-05:00,clerk_001,complete,renewal,normal,18.22
case_0615,assigned_to_reviewer,2024-01-05 15:45:33.282546-05:00,,complete,renewal,normal,0.0
case_0615,review_in_progress,2024-01-05 16:09:11.570402-05:00,reviewer_003,complete,renewal,normal,50.49
case_0615,health_inspection,2024-01-09 09:00:00-05:00,inspector_002,complete,renewal,normal,51.4
case_0615,approved,2024-01-11 11:52:04.136051-05:00,,complete,renewal,normal,0.0
case_0616,submitted,2024-01-02 09:00:00-05:00,,complete,new_business,low,0.0
case_0616,intake_validation,2024-01-03 13:58:26.021506-05:00,clerk_002,complete,new_business,low,44.89
case_0616,assigned_to_reviewer,2024-01-08 09:00:00-05:00,,complete,new_business,low,0.0
case_0616,review_in_progress,2024-01-08 09:20:32.405732-05:00,reviewer_001,complete,new_business,low,34.14
case_0616,health_inspection,2024-01-10 09:00:00-05:00,inspector_001,complete,new_business,low,67.39
case_0616,approved,2024-01-16 09:00:00-05:00,,complete,new_business,low,0.0
case_0617,submitted,2024-01-02 09:00:00-05:00,,complete,renewal,normal,0.0
case_0617,intake_validation,2024-01-03 13:45:02.995014-05:00,clerk_002,complete,renewal,normal,66.53
case_0617,assigned_to_reviewer,2024-01-05 09:00:00-05:00,,complete,renewal,normal,0.0
case_0617,review_in_progress,2024-01-05 09:14:05.730985-05:00,reviewer_003,complete,renewal,normal,20.5
case_0617,health_inspection,2024-01-10 09:00:00-05:00,inspector_003,complete,renewal,normal,58.5
case_0617,approved,2024-01-16 09:00:00-05:00,,complete,renewal,normal,0.0
case_0618,submitted,2024-01-02 09:00:00-05:00,,complete,existing_business,normal,0.0
case_0618,intake_validation,2024-01-03 12:22:28.809049-05:00,clerk_001,complete,existing_business,normal,28.34
case_0618,assigned_to_reviewer,2024-01-04 12:48:25.624968-05:00,,complete,existing_business,normal,0.0
case_0618,review_in_progress,2024-01-04 13:14:35.212558-05:00,reviewer_003,complete,existing_business,normal,13.42
case_0618,request_additional_info,2024-01-08 09:00:00-05:00,,complete,existing_business,normal,0.0
case_0618,applicant_provided_info,2024-01-16 09:00:00-05:00,,complete,existing_business,normal,0.0
case_0618,review_in_progress,2024-01-19 09:00:00-05:00,reviewer_004,complete,existing_business,normal,54.9
case_0618,request_additional_info,2024-01-23 09:00:00-05:00,,complete,existing_business,normal,0.0
case_0618,applicant_provided_info,2024-01-29 09:00:00-05:00,,complete,existing_business,normal,0.0
case_0618,review_in_progress,2024-01-31 11:19:55.320372-05:00,reviewer_001,complete,existing_business,normal,71.7
case_0618,health_inspection,2024-02-02 10:27:13.634551-05:00,inspector_001,complete,existing_business,normal,41.4
case_0618,approved,2024-02-08 09:00:00-05:00,,complete,existing_business,normal,0.0
case_0619,submitted,2024-01-02 09:00:00-05:00,,complete,renewal,high,0.0
case_0619,intake_validation,2024-01-03 09:36:55.775318-05:00,clerk_003,complete,renewal,high,59.54
case_0619,assigned_to_reviewer,2024-01-05 09:00:00-05:00,,complete,renewal,high,0.0
case_0619,review_in_progress,2024-01-05 09:11:32.361784-05:00,reviewer_001,complete,renewal,high,45.66
case_0619,health_inspection,2024-01-08 10:15:43.053632-05:00,inspector_003,complete,renewal,high,46.88
case_0619,approved,2024-01-09 13:29:05.049024-05:00,,complete,renewal,high,0.0
case_0620,submitted,2024-01-02 09:00:00-05:00,,complete,renewal,normal,0.0
case_0620,intake_validation,2024-01-04 09:00:00-05:00,clerk_003,complete,renewal,normal,60.69
case_0620,assigned_to_reviewer,2024-01-08 09:00:00-05:00,,complete,renewal,normal,0.0
case_0620,review_in_progress,2024-01-08 09:12:51.056342-05:00,reviewer_001,complete,renewal,normal,29.88
case_0620,health_inspection,2024-01-11 09:00:00-05:00,inspector_002,complete,renewal,normal,68.4
case_0620,approved,2024-01-16 09:00:00-05:00,,complete,renewal,normal,0.0
case_0621,submitted,2024-01-02 09:00:00-05:00,,complete,existing_business,normal,0.0
case_0621,intake_validation,2024-01-04 09:00:00-05:00,clerk_002,complete,existing_business,normal,39.0
case_0621,assigned_to_reviewer,2024-01-08 09:00:00-05:00,,complete,existing_business,normal,0.0
case_0621,review_in_progress,2024-01-08 09:08:33.252037-05:00,reviewer_002,complete,existing_business,normal,43.35
case_0621,request_additional_info,2024-01-16 09:00:00-05:00,,complete,existing_business,normal,0.0
case_0621,applicant_provided_info,2024-01-22 09:00:00-05:00,,complete,existing_business,normal,0.0
case_0621,review_in_progress,2024-01-24 09:38:22.163691-05:00,reviewer_004,complete,existing_business,normal,52.92
case_0621,health_inspection,2024-01-29 09:00:00-05:00,inspector_003,complete,existing_business,normal,57.53
case_0621,approved,2024-02-02 11:20:39.507315-05:00,,complete,existing_business,normal,0.0
case_0622,submitted,2024-01-02 09:00:00-05:00,,complete,existing_business,normal,0.0
case_0622,intake_validation,2024-01-03 12:33:18.617101-05:00,clerk_002,complete,existing_business,normal,54.78
case_0622,assigned_to_reviewer,2024-01-08 09:00:00-05:00,,complete,existing_business,normal,0.0
case_0622,review_in_progress,2024-01-08 09:10:41.499483-05:00,reviewer_002,complete,existing_business,normal,50.37
case_0622,health_inspection,2024-01-11 12:17:56.778115-05:00,inspector_003,complete,existing_business,normal,66.7
case_0622,approved,2024-01-16 09:00:00-05:00,,complete,existing_business,normal,0.0
case_0623,submitted,2024-01-02 09:00:00-05:00,,complete,new_business,high,0.0
case_0623,intake_validation,2024-01-04 09:00:00-05:00,clerk_002,complete,new_business,high,57.69
case_0623,assigned_to_reviewer,2024-01-08 09:00:00-05:00,,complete,new_business,high,0.0
case_0623,review_in_progress,2024-01-08 09:16:18.458279-05:00,reviewer_001,complete,new_business,high,66.8
case_0623,health_inspection,2024-01-10 09:00:00-05:00,inspector_002,complete,new_business,high,56.97
case_0623,rejected,2024-01-16 09:00:00-05:00,,complete,new_business,high,0.0
case_0624,submitted,2024-01-02 09:00:00-05:00,,complete,existing_business,normal,0.0
case_0624,intake_validation,2024-01-04 09:00:00-05:00,clerk_001,complete,existing_business,normal,42.78
case_0624,assigned_to_reviewer,2024-01-08 09:00:00-05:00,,complete,existing_business,normal,0.0
case_0624,review_in_progress,2024-01-08 09:22:47.247246-05:00,reviewer_001,complete,existing_business,normal,65.11
case_0624,health_inspection,2024-01-10 15:23:08.102016-05:00,inspector_002,complete,existing_business,normal,48.07
case_0624,approved,2024-01-18 09:00:00-05:00,,complete,existing_business,normal,0.0
case_0625,submitted,2024-01-02 09:00:00-05:00,,complete,new_business,normal,0.0
case_0625,intake_validation,2024-01-03 15:03:20.156331-05:00,clerk_002,complete,new_business,normal,33.86
case_0625,assigned_to_reviewer,2024-01-08 09:00:00-05:00,,complete,new_business,normal,0.0
case_0625,review_in_progress,2024-01-08 09:24:10.493614-05:00,reviewer_003,complete,new_business,normal,40.38
case_0625,health_inspection,2024-01-11 09:00:00-05:00,inspector_003,complete,new_business,normal,74.07
case_0625,approved,2024-01-12 15:05:26.726231-05:00,,complete,new_business,normal,0.0
case_0626,submitted,2024-01-02 09:00:00-05:00,,complete,renewal,normal,0.0
case_0626,intake_validation,2024-01-04 09:00:00-05:00,clerk_002,complete,renewal,normal,60.55
case_0626,assigned_to_reviewer,2024-01-08 09:00:00-05:00,,complete,renewal,normal,0.0
case_0626,review_in_progress,2024-01-08 09:21:33.158756-05:00,reviewer_003,complete,renewal,normal,39.1
case_0626,health_inspection,2024-01-11 12:52:44.906437-05:00,inspector_002,complete,renewal,normal,24.75
case_0626,approved,2024-01-16 09:00:00-05:00,,complete,renewal,normal,0.0
case_0627,submitted,2024-01-02 09:00:00-05:00,,complete,existing_business,low,0.0
case_0627,intake_validation,2024-01-03 15:23:17.444360-05:00,clerk_001,complete,existing_business,low,45.81
case_0627,assigned_to_reviewer,2024-01-08 09:00:00-05:00,,complete,existing_business,low,0.0
case_0627,review_in_progress,2024-01-08 09:20:16.974731-05:00,reviewer_004,complete,existing_business,low,58.57
case_0627,health_inspection,2024-01-16 09:00:00-05:00,inspector_003,complete,existing_business,low,57.64
case_0627,approved,2024-01-22 09:00:00-05:00,,complete,existing_business,low,0.0
case_0628,submitted,2024-01-02 09:00:00-05:00,,complete,existing_business,normal,0.0
case_0628,intake_validation,2024-01-04 09:00:00-05:00,clerk_001,complete,existing_business,normal,45.22
case_0628,assigned_to_reviewer,2024-01-05 09:00:00-05:00,,complete,existing_business,normal,0.0
case_0628,review_in_progress,2024-01-05 09:21:58.115494-05:00,reviewer_004,complete,existing_business,normal,45.34
case_0628,request_additional_info,2024-01-11 09:00:00-05:00,,complete,existing_business,normal,0.0
case_0628,applicant_provided_info,2024-01-17 09:00:00-05:00,,complete,existing_business,normal,0.0
case_0628,review_in_progress,2024-01-22 09:00:00-05:00,reviewer_003,complete,existing_business,normal,45.18
case_0628,request_additional_info,2024-01-26 09:00:00-05:00,,complete,existing_business,normal,0.0
case_0628,applicant_provided_info,2024-01-30 09:00:00-05:00,,complete,existing_business,normal,0.0
case_0628,review_in_progress,2024-02-01 11:41:13.058993-05:00,reviewer_004,complete,existing_business,normal,47.78
case_0628,request_additional_info,2024-02-06 09:00:00-05:00,,complete,existing_business,normal,0.0
case_0628,applicant_provided_info,2024-02-12 09:00:00-05:00,,complete,existing_business,normal,0.0
case_0628,review_in_progress,2024-02-15 09:00:00-05:00,reviewer_004,complete,existing_business,normal,31.51
case_0628,health_inspection,2024-02-20 09:00:00-05:00,inspector_003,complete,existing_business,normal,20.54
case_0628,rejected,2024-02-23 12:16:16.765980-05:00,,complete,existing_business,normal,0.0
case_0629,submitted,2024-01-02 09:00:00-05:00,,complete,existing_business,normal,0.0
case_0629,intake_validation,2024-01-04 09:00:00-05:00,clerk_001,complete,existing_business,normal,59.31
case_0629,assigned_to_reviewer,2024-01-08 09:00:00-05:00,,complete,existing_business,normal,0.0
case_0629,review_in_progress,2024-01-08 09:17:23.002996-05:00,reviewer_001,complete,existing_business,normal,65.84
case_0629,request_additional_info,2024-01-10 11:51:54.947585-05:00,,complete,existing_business,normal,0.0
case_0629,applicant_provided_info,2024-01-12 09:00:00-05:00,,complete,existing_business,normal,0.0
case_0629,review_in_progress,2024-01-16 09:00:00-05:00,reviewer_004,complete,existing_business,normal,25.92
case_0629,request_additional_info,2024-01-22 09:00:00-05:00,,complete,existing_business,normal,0.0
case_0629,applicant_provided_info,2024-01-29 09:00:00-05:00,,complete,existing_business,normal,0.0
case_0629,review_in_progress,2024-02-01 09:00:00-05:00,reviewer_003,complete,existing_business,normal,22.01
case_0629,request_additional_info,2024-02-05 09:15:35.581835-05:00,,complete,existing_business,normal,0.0
case_0629,applicant_provided_info,2024-02-06 16:27:48.736591-05:00,,complete,existing_business,normal,0.0
case_0629,review_in_progress,2024-02-09 09:00:00-05:00,reviewer_002,complete,existing_business,normal,72.54
case_0629,health_inspection,2024-02-16 09:00:00-05:00,inspector_002,complete,existing_business,normal,80.94
case_0629,approved,2024-02-22 11:33:08.621941-05:00,,complete,existing_business,normal,0.0
case_0630,submitted,2024-01-02 09:00:00-05:00,,complete,existing_business,normal,0.0
case_0630,intake_validation,2024-01-03 16:59:57.717369-05:00,clerk_001,complete,existing_business,normal,58.78
case_0630,assigned_to_reviewer,2024-01-08 09:00:00-05:00,,complete,existing_business,normal,0.0
case_0630,review_in_progress,2024-01-08 09:21:48.428868-05:00,reviewer_001,complete,existing_business,normal,30.12
case_0630,health_inspection,2024-01-12 09:00:00-05:00,inspector_002,complete,existing_business,normal,25.97
case_0630,approved,2024-01-16 13:26:40.790854-05:00,,complete,existing_business,normal,0.0
case_0631,submitted,2024-01-02 09:00:00-05:00,,complete,existing_business,low,0.0
case_0631,intake_validation,2024-01-03 16:29:50.813424-05:00,clerk_001,complete,existing_business,low,43.54
case_0631,assigned_to_reviewer,2024-01-05 09:00:00-05:00,,complete,existing_business,low,0.0
case_0631,review_in_progress,2024-01-05 09:24:14.470874-05:00,reviewer_002,complete,existing_business,low,47.4
case_0631,health_inspection,2024-01-10 09:00:00-05:00,inspector_002,complete,existing_business,low,52.6
case_0631,approved,2024-01-16 09:00:00-05:00,,complete,existing_business,low,0.0
case_0632,submitted,2024-01-02 09:00:00-05:00,,complete,new_business,high,0.0
case_0632,intake_validation,2024-01-03 15:12:17.128584-05:00,clerk_003,complete,new_business,high,39.69
case_0632,assigned_to_reviewer,2024-01-08 09:00:00-05:00,,complete,new_business,high,0.0
case_0632,review_in_progress,2024-01-08 09:16:11.876786-05:00,reviewer_001,complete,new_business,high,46.79
case_0632,request_additional_info,2024-01-11 13:20:20.384889-05:00,,complete,new_business,high,0.0
case_0632,applicant_provided_info,2024-01-17 09:00:00-05:00,,complete,new_business,high,0.0
case_0632,review_in_progress,2024-01-22 09:00:00-05:00,reviewer_004,complete,new_business,high,59.91
case_0632,request_additional_info,2024-01-29 09:00:00-05:00,,complete,new_business,high,0.0
case_0632,applicant_provided_info,2024-01-31 09:00:00-05:00,,complete,new_business,high,0.0
case_0632,review_in_progress,2024-02-05 09:00:00-05:00,reviewer_002,complete,new_business,high,54.46
case_0632,health_inspection,2024-02-09 09:00:00-05:00,inspector_001,complete,new_business,high,49.47
case_0632,approved,2024-02-14 09:00:00-05:00,,complete,new_business,high,0.0
case_0633,submitted,2024-01-02 09:00:00-05:00,,complete,new_business,normal,0.0
case_0633,intake_validation,2024-01-03 12:28:17.290017-05:00,clerk_001,complete,new_business,normal,48.43
case_0633,rejected,2024-01-04 14:31:51.324590-05:00,,complete,new_business,normal,0.0
case_0634,submitted,2024-01-02 09:00:00-05:00,,complete,new_business,normal,0.0
case_0634,intake_validation,2024-01-04 09:00:00-05:00,clerk_003,complete,new_business,normal,53.46
case_0634,assigned_to_reviewer,2024-01-08 09:00:00-05:00,,complete,new_business,normal,0.0
case_0634,review_in_progress,2024-01-08 09:12:12.516277-05:00,reviewer_004,complete,new_business,normal,37.13
case_0634,request_additional_info,2024-01-16 09:00:00-05:00,,complete,new_business,normal,0.0
case_0634,applicant_provided_info,2024-01-22 09:00:00-05:00,,complete,new_business,normal,0.0
case_0634,review_in_progress,2024-01-24 11:19:31.996768-05:00,reviewer_002,complete,new_business,normal,36.21
case_0634,request_additional_info,2024-01-30 10:16:22.830914-05:00,,complete,new_business,normal,0.0
case_0634,applicant_provided_info,2024-02-05 11:11:41.263743-05:00,,complete,new_business,normal,0.0
case_0634,review_in_progress,2024-02-08 09:15:12.948653-05:00,reviewer_004,complete,new_business,normal,30.09
case_0634,health_inspection,2024-02-12 14:30:45.541368-05:00,inspector_003,complete,new_business,normal,44.09
case_0634,approved,2024-02-16 09:00:00-05:00,,complete,new_business,normal,0.0
case_0635,submitted,2024-01-02 09:00:00-05:00,,complete,new_business,normal,0.0
case_0635,intake_validation,2024-01-04 09:00:00-05:00,clerk_002,complete,new_business,normal,49.08
case_0635,assigned_to_reviewer,2024-01-08 09:00:00-05:00,,complete,new_business,normal,0.0
case_0635,review_in_progress,2024-01-08 09:23:20.229488-05:00,reviewer_001,complete,new_business,normal,62.98
case_0635,health_inspection,2024-01-11 09:00:00-05:00,inspector_002,complete,new_business,normal,33.01
case_0635,approved,2024-01-16 09:00:00-05:00,,complete,new_business,normal,0.0
case_0636,submitted,2024-01-02 09:00:00-05:00,,complete,renewal,low,0.0
case_0636,intake_validation,2024-01-04 09:00:00-05:00,clerk_003,complete,renewal,low,65.66
case_0636,assigned_to_reviewer,2024-01-08 09:00:00-05:00,,complete,renewal,low,0.0
case_0636,review_in_progress,2024-01-08 09:23:01.473541-05:00,reviewer_002,complete,renewal,low,49.1
case_0636,health_inspection,2024-01-11 09:47:14.551144-05:00,inspector_002,complete,renewal,low,64.45
case_0636,approved,2024-01-17 15:52:14.275407-05:00,,complete,renewal,low,0.0
case_0637,submitted,2024-01-02 09:00:00-05:00,,complete,new_business,normal,0.0
case_0637,intake_validation,2024-01-03 16:02:22.620083-05:00,clerk_002,complete,new_business,normal,67.43
case_0637,assigned_to_reviewer,2024-01-08 09:00:00-05:00,,complete,new_business,normal,0.0
case_0637,review_in_progress,2024-01-08 09:17:56.404965-05:00,reviewer_004,complete,new_business,normal,30.28
case_0637,request_additional_info,2024-01-11 09:00:00-05:00,,complete,new_business,normal,0.0
case_0637,applicant_provided_info,2024-01-16 09:00:00-05:00,,complete,new_business,normal,0.0
case_0637,review_in_progress,2024-01-19 09:00:00-05:00,reviewer_002,complete,new_business,normal,65.23
case_0637,health_inspection,2024-01-25 09:00:00-05:00,inspector_001,complete,new_business,normal,37.79
case_0637,approved,2024-01-31 09:00:00-05:00,,complete,new_business,normal,0.0
case_0638,submitted,2024-01-02 09:00:00-05:00,,complete,new_business,high,0.0
case_0638,intake_validation,2024-01-04 09:00:00-05:00,clerk_003,complete,new_business,high,55.83
case_0638,assigned_to_reviewer,2024-01-08 09:00:00-05:00,,complete,new_business,high,0.0
case_0638,review_in_progress,2024-01-08 09:15:30.946154-05:00,reviewer_003,complete,new_business,high,42.41
case_0638,request_additional_info,2024-01-11 09:00:00-05:00,,complete,new_business,high,0.0
case_0638,applicant_provided_info,2024-01-16 10:14:18.698200-05:00,,complete,new_business,high,0.0
case_0638,review_in_progress,2024-01-18 14:43:12.865924-05:00,reviewer_002,complete,new_business,high,76.13
case_0638,request_additional_info,2024-01-24 09:00:00-05:00,,complete,new_business,high,0.0
case_0638,applicant_provided_info,2024-01-29 09:00:00-05:00,,complete,new_business,high,0.0
case_0638,review_in_progress,2024-02-01 09:00:00-05:00,reviewer_002,complete,new_business,high,43.86
case_0638,request_additional_info,2024-02-05 09:00:00-05:00,,complete,new_business,high,0.0
case_0638,applicant_provided_info,2024-02-07 09:00:00-05:00,,complete,new_business,high,0.0
case_0638,review_in_progress,2024-02-12 09:00:00-05:00,reviewer_004,complete,new_business,high,32.3
case_0638,request_additional_info,2024-02-15 13:11:46.182834-05:00,,complete,new_business,high,0.0
case_0638,applicant_provided_info,2024-02-22 10:14:02.100807-05:00,,complete,new_business,high,0.0
case_0638,review_in_progress,2024-02-26 09:00:00-05:00,reviewer_002,complete,new_business,high,46.23
case_0638,health_inspection,2024-03-04 09:00:00-05:00,inspector_003,complete,new_business,high,59.4
case_0638,approved,2024-03-11 09:00:00-04:00,,complete,new_business,high,0.0
case_0639,submitted,2024-01-02 09:00:00-05:00,,complete,existing_business,high,0.0
case_0639,intake_validation,2024-01-04 09:00:00-05:00,clerk_001,complete,existing_business,high,67.86
case_0639,assigned_to_reviewer,2024-01-05 11:17:50.822013-05:00,,complete,existing_business,high,0.0
case_0639,review_in_progress,2024-01-05 11:41:22.665493-05:00,reviewer_001,complete,existing_business,high,39.36
case_0639,health_inspection,2024-01-08 11:25:35.964283-05:00,inspector_002,complete,existing_business,high,48.06
case_0639,approved,2024-01-16 09:00:00-05:00,,complete,existing_business,high,0.0
case_0640,submitted,2024-01-02 09:00:00-05:00,,complete,renewal,normal,0.0
case_0640,intake_validation,2024-01-04 09:00:00-05:00,clerk_001,complete,renewal,normal,37.13
case_0640,assigned_to_reviewer,2024-01-05 09:04:35.096423-05:00,,complete,renewal,normal,0.0
case_0640,review_in_progress,2024-01-05 09:22:40.082696-05:00,reviewer_002,complete,renewal,normal,48.86
case_0640,health_inspection,2024-01-12 10:10:16.211201-05:00,inspector_002,complete,renewal,normal,38.44
case_0640,approved,2024-01-16 15:40:31.259068-05:00,,complete,renewal,normal,0.0
case_0641,submitted,2024-01-02 09:00:00-05:00,,complete,renewal,low,0.0
case_0641,intake_validation,2024-01-03 11:40:25.276226-05:00,clerk_001,complete,renewal,low,55.51
case_0641,assigned_to_reviewer,2024-01-05 10:00:18.919414-05:00,,complete,renewal,low,0.0
case_0641,review_in_progress,2024-01-05 10:21:04.197743-05:00,reviewer_004,complete,renewal,low,41.36
case_0641,health_inspection,2024-01-10 09:00:00-05:00,inspector_003,complete,renewal,low,30.98
case_0641,approved,2024-01-16 09:00:00-05:00,,complete,renewal,low,0.0
case_0642,submitted,2024-01-02 09:00:00-05:00,,complete,existing_business,normal,0.0
case_0642,intake_validation,2024-01-03 09:44:12.920274-05:00,clerk_002,complete,existing_business,normal,43.35
case_0642,assigned_to_reviewer,2024-01-05 09:00:00-05:00,,complete,existing_business,normal,0.0
case_0642,review_in_progress,2024-01-05 09:21:43.278907-05:00,reviewer_004,complete,existing_business,normal,56.28
case_0642,health_inspection,2024-01-09 11:56:13.474316-05:00,inspector_001,complete,existing_business,normal,39.86
case_0642,approved,2024-01-10 14:24:13.955319-05:00,,complete,existing_business,normal,0.0
case_0643,submitted,2024-01-02 09:00:00-05:00,,complete,existing_business,normal,0.0
case_0643,intake_validation,2024-01-03 12:28:32.996392-05:00,clerk_001,complete,existing_business,normal,68.74
case_0643,rejected,2024-01-08 09:00:00-05:00,,complete,existing_business,normal,0.0
case_0644,submitted,2024-01-02 09:00:00-05:00,,complete,renewal,high,0.0
case_0644,intake_validation,2024-01-04 09:00:00-05:00,clerk_002,complete,renewal,high,36.47
case_0644,assigned_to_reviewer,2024-01-08 09:00:00-05:00,,complete,renewal,high,0.0
case_0644,review_in_progress,2024-01-08 09:14:17.290145-05:00,reviewer_002,complete,renewal,high,60.31
case_0644,health_inspection,2024-01-16 09:00:00-05:00,inspector_002,complete,renewal,high,54.73
case_0644,approved,2024-01-22 09:00:00-05:00,,complete,renewal,high,0.0
case_0645,submitted,2024-01-02 09:00:00-05:00,,complete,renewal,normal,0.0
case_0645,intake_validation,2024-01-04 09:00:00-05:00,clerk_002,complete,renewal,normal,40.84
case_0645,assigned_to_reviewer,2024-01-08 09:00:00-05:00,,complete,renewal,normal,0.0
case_0645,review_in_progress,2024-01-08 09:11:46.929935-05:00,reviewer_001,complete,renewal,normal,32.94
case_0645,request_additional_info,2024-01-11 09:00:00-05:00,,complete,renewal,normal,0.0
case_0645,applicant_provided_info,2024-01-17 09:00:00-05:00,,complete,renewal,normal,0.0
case_0645,review_in_progress,2024-01-22 09:00:00-05:00,reviewer_002,complete,renewal,normal,54.78
case_0645,request_additional_info,2024-01-26 09:00:00-05:00,,complete,renewal,normal,0.0
case_0645,withdrawn,2024-01-29 09:00:00-05:00,,complete,renewal,normal,0.0
case_0646,submitted,2024-01-02 09:00:00-05:00,,complete,new_business,normal,0.0
case_0646,intake_validation,2024-01-04 09:00:00-05:00,clerk_002,complete,new_business,normal,59.47
case_0646,assigned_to_reviewer,2024-01-05 12:05:36.886757-05:00,,complete,new_business,normal,0.0
case_0646,review_in_progress,2024-01-05 12:25:58.319762-05:00,reviewer_002,complete,new_business,normal,61.1
case_0646,request_additional_info,2024-01-09 09:00:00-05:00,,complete,new_business,normal,0.0
case_0646,applicant_provided_info,2024-01-16 09:00:00-05:00,,complete,new_business,normal,0.0
case_0646,review_in_progress,2024-01-19 09:00:00-05:00,reviewer_002,complete,new_business,normal,43.63
case_0646,request_additional_info,2024-01-29 09:00:00-05:00,,complete,new_business,normal,0.0
case_0646,applicant_provided_info,2024-02-02 09:00:00-05:00,,complete,new_business,normal,0.0
case_0646,review_in_progress,2024-02-05 09:00:00-05:00,reviewer_003,complete,new_business,normal,47.1
case_0646,health_inspection,2024-02-12 09:00:00-05:00,inspector_001,complete,new_business,normal,19.95
case_0646,approved,2024-02-14 09:00:00-05:00,,complete,new_business,normal,0.0
case_0647,submitted,2024-01-02 09:00:00-05:00,,complete,renewal,normal,0.0
case_0647,intake_validation,2024-01-03 09:23:26.371491-05:00,clerk_002,complete,renewal,normal,33.95
case_0647,assigned_to_reviewer,2024-01-05 09:00:00-05:00,,complete,renewal,normal,0.0
case_0647,review_in_progress,2024-01-05 09:18:11.409386-05:00,reviewer_003,complete,renewal,normal,24.78
case_0647,health_inspection,2024-01-09 09:00:00-05:00,inspector_001,complete,renewal,normal,40.36
case_0647,approved,2024-01-12 09:00:00-05:00,,complete,renewal,normal,0.0
case_0648,submitted,2024-01-02 09:00:00-05:00,,complete,new_business,high,0.0
case_0648,intake_validation,2024-01-04 09:00:00-05:00,clerk_002,complete,new_business,high,46.0
case_0648,assigned_to_reviewer,2024-01-08 09:00:00-05:00,,complete,new_business,high,0.0
case_0648,review_in_progress,2024-01-08 09:16:06.441834-05:00,reviewer_004,complete,new_business,high,45.1
case_0648,health_inspection,2024-01-12 10:33:21.818427-05:00,inspector_003,complete,new_business,high,25.95
case_0648,approved,2024-01-18 09:00:00-05:00,,complete,new_business,high,0.0
case_0649,submitted,2024-01-02 09:00:00-05:00,,complete,renewal,low,0.0
case_0649,intake_validation,2024-01-04 09:00:00-05:00,clerk_002,complete,renewal,low,35.01
case_0649,assigned_to_reviewer,2024-01-08 09:00:00-05:00,,complete,renewal,low,0.0
case_0649,review_in_progress,2024-01-08 09:20:07.189862-05:00,reviewer_001,complete,renewal,low,72.75
case_0649,request_additional_info,2024-01-11 09:00:00-05:00,,complete,renewal,low,0.0
case_0649,applicant_provided_info,2024-01-16 09:00:00-05:00,,complete,renewal,low,0.0
case_0649,review_in_progress,2024-01-18 09:18:46.821266-05:00,reviewer_004,complete,renewal,low,52.81
case_0649,health_inspection,2024-01-22 09:00:00-05:00,inspector_003,complete,renewal,low,60.69
case_0649,approved,2024-01-25 09:00:00-05:00,,complete,renewal,low,0.0
case_0650,submitted,2024-01-02 09:00:00-05:00,,complete,renewal,normal,0.0
case_0650,intake_validation,2024-01-04 09:00:00-05:00,clerk_002,complete,renewal,normal,49.54
case_0650,assigned_to_reviewer,2024-01-08 09:00:00-05:00,,complete,renewal,normal,0.0
case_0650,review_in_progress,2024-01-08 09:24:14.700653-05:00,reviewer_003,complete,renewal,normal,47.73
case_0650,request_additional_info,2024-01-12 09:00:00-05:00,,complete,renewal,normal,0.0
case_0650,applicant_provided_info,2024-01-16 09:00:00-05:00,,complete,renewal,normal,0.0
case_0650,review_in_progress,2024-01-19 09:00:00-05:00,reviewer_003,complete,renewal,normal,57.95
case_0650,request_additional_info,2024-01-23 09:00:00-05:00,,complete,renewal,normal,0.0
case_0650,applicant_provided_info,2024-01-25 09:00:00-05:00,,complete,renewal,normal,0.0
case_0650,review_in_progress,2024-01-29 09:00:00-05:00,reviewer_004,complete,renewal,normal,53.36
case_0650,health_inspection,2024-02-05 09:00:00-05:00,inspector_003,complete,renewal,normal,51.65
case_0650,approved,2024-02-12 09:00:00-05:00,,complete,renewal,normal,0.0
case_0651,submitted,2024-01-02 09:00:00-05:00,,complete,renewal,low,0.0
case_0651,intake_validation,2024-01-03 12:11:05.370718-05:00,clerk_003,complete,renewal,low,31.61
case_0651,assigned_to_reviewer,2024-01-08 09:00:00-05:00,,complete,renewal,low,0.0
case_0651,review_in_progress,2024-01-08 09:10:28.951636-05:00,reviewer_004,complete,renewal,low,72.66
case_0651,request_additional_info,2024-01-12 09:00:00-05:00,,complete,renewal,low,0.0
case_0651,applicant_provided_info,2024-01-19 09:00:00-05:00,,complete,renewal,low,0.0
case_0651,review_in_progress,2024-01-22 09:00:00-05:00,reviewer_002,complete,renewal,low,43.32
case_0651,health_inspection,2024-01-29 09:00:00-05:00,inspector_003,complete,renewal,low,61.19
case_0651,approved,2024-02-05 09:00:00-05:00,,complete,renewal,low,0.0
case_0652,submitted,2024-01-02 09:00:00-05:00,,complete,new_business,normal,0.0
case_0652,intake_validation,2024-01-04 09:00:00-05:00,clerk_002,complete,new_business,normal,46.11
case_0652,assigned_to_reviewer,2024-01-08 09:00:00-05:00,,complete,new_business,normal,0.0
case_0652,review_in_progress,2024-01-08 09:10:14.917662-05:00,reviewer_004,complete,new_business,normal,70.17
case_0652,health_inspection,2024-01-12 09:00:00-05:00,inspector_003,complete,new_business,normal,74.42
case_0652,approved,2024-01-16 09:00:00-05:00,,complete,new_business,normal,0.0
case_0653,submitted,2024-01-02 09:00:00-05:00,,complete,new_business,high,0.0
case_0653,intake_validation,2024-01-03 16:02:51.228387-05:00,clerk_003,complete,new_business,high,27.54
case_0653,assigned_to_reviewer,2024-01-05 09:00:00-05:00,,complete,new_business,high,0.0
case_0653,review_in_progress,2024-01-05 09:26:16.687448-05:00,reviewer_004,complete,new_business,high,31.02
case_0653,request_additional_info,2024-01-09 11:58:57.271602-05:00,,complete,new_business,high,0.0
case_0653,applicant_provided_info,2024-01-11 09:00:00-05:00,,complete,new_business,high,0.0
case_0653,review_in_progress,2024-01-16 09:00:00-05:00,reviewer_002,complete,new_business,high,70.94
case_0653,health_inspection,2024-01-23 09:00:00-05:00,inspector_001,complete,new_business,high,59.73
case_0653,approved,2024-01-25 09:00:00-05:00,,complete,new_business,high,0.0
case_0654,submitted,2024-01-02 09:00:00-05:00,,complete,renewal,normal,0.0
case_0654,intake_validation,2024-01-03 09:07:16.913218-05:00,clerk_002,complete,renewal,normal,36.18
case_0654,assigned_to_reviewer,2024-01-08 09:00:00-05:00,,complete,renewal,normal,0.0
case_0654,review_in_progress,2024-01-08 09:22:31.940120-05:00,reviewer_002,complete,renewal,normal,60.26
case_0654,request_additional_info,2024-01-16 09:00:00-05:00,,complete,renewal,normal,0.0
case_0654,applicant_provided_info,2024-01-22 09:00:00-05:00,,complete,renewal,normal,0.0
case_0654,review_in_progress,2024-01-25 09:00:00-05:00,reviewer_002,complete,renewal,normal,61.82
case_0654,request_additional_info,2024-01-31 09:00:00-05:00,,complete,renewal,normal,0.0
case_0654,applicant_provided_info,2024-02-02 09:00:00-05:00,,complete,renewal,normal,0.0
case_0654,review_in_progress,2024-02-05 09:00:00-05:00,reviewer_004,complete,renewal,normal,55.44
case_0654,health_inspection,2024-02-12 09:00:00-05:00,inspector_001,complete,renewal,normal,45.26
case_0654,approved,2024-02-20 09:00:00-05:00,,complete,renewal,normal,0.0
case_0655,submitted,2024-01-02 09:00:00-05:00,,complete,new_business,normal,0.0
case_0655,intake_validation,2024-01-04 09:00:00-05:00,clerk_001,complete,new_business,normal,64.36
case_0655,assigned_to_reviewer,2024-01-05 14:44:14.648493-05:00,,complete,new_business,normal,0.0
case_0655,review_in_progress,2024-01-05 14:56:23.901480-05:00,reviewer_004,complete,new_business,normal,56.85
case_0655,request_additional_info,2024-01-08 09:00:00-05:00,,complete,new_business,normal,0.0
case_0655,applicant_provided_info,2024-01-16 09:00:00-05:00,,complete,new_business,normal,0.0
case_0655,review_in_progress,2024-01-18 16:01:58.273118-05:00,reviewer_001,complete,new_business,normal,34.63
case_0655,request_additional_info,2024-01-22 09:00:00-05:00,,complete,new_business,normal,0.0
case_0655,applicant_provided_info,2024-01-26 09:00:00-05:00,,complete,new_business,normal,0.0
case_0655,review_in_progress,2024-01-29 09:00:00-05:00,reviewer_004,complete,new_business,normal,43.06
case_0655,request_additional_info,2024-02-02 09:00:00-05:00,,complete,new_business,normal,0.0
case_0655,applicant_provided_info,2024-02-08 09:00:00-05:00,,complete,new_business,normal,0.0
case_0655,review_in_progress,2024-02-12 09:00:00-05:00,reviewer_004,complete,new_business,normal,52.33
case_0655,health_inspection,2024-02-20 09:00:00-05:00,inspector_001,complete,new_business,normal,44.22
case_0655,approved,2024-02-21 11:40:10.871586-05:00,,complete,new_business,normal,0.0
case_0656,submitted,2024-01-02 09:00:00-05:00,,complete,new_business,normal,0.0
case_0656,intake_validation,2024-01-04 09:00:00-05:00,clerk_003,complete,new_business,normal,55.09
case_0656,assigned_to_reviewer,2024-01-08 09:00:00-05:00,,complete,new_business,normal,0.0
case_0656,review_in_progress,2024-01-08 09:11:48.417474-05:00,reviewer_001,complete,new_business,normal,26.32
case_0656,health_inspection,2024-01-11 09:00:00-05:00,inspector_002,complete,new_business,normal,65.41
case_0656,rejected,2024-01-16 09:00:00-05:00,,complete,new_business,normal,0.0
case_0657,submitted,2024-01-02 09:00:00-05:00,,complete,renewal,high,0.0
case_0657,intake_validation,2024-01-04 09:00:00-05:00,clerk_003,complete,renewal,high,53.85
case_0657,assigned_to_reviewer,2024-01-08 09:00:00-05:00,,complete,renewal,high,0.0
case_0657,review_in_progress,2024-01-08 09:25:08.822822-05:00,reviewer_004,complete,renewal,high,43.22
case_0657,health_inspection,2024-01-10 16:05:52.914755-05:00,inspector_002,complete,renewal,high,54.56
case_0657,approved,2024-01-16 09:00:00-05:00,,complete,renewal,high,0.0
case_0658,submitted,2024-01-02 09:00:00-05:00,,complete,new_business,normal,0.0
case_0658,intake_validation,2024-01-04 09:00:00-05:00,clerk_001,complete,new_business,normal,59.11
case_0658,assigned_to_reviewer,2024-01-08 09:00:00-05:00,,complete,new_business,normal,0.0
case_0658,review_in_progress,2024-01-08 09:08:34.281790-05:00,reviewer_003,complete,new_business,normal,32.03
case_0658,request_additional_info,2024-01-12 13:44:50.952180-05:00,,complete,new_business,normal,0.0
case_0658,applicant_provided_info,2024-01-19 09:00:00-05:00,,complete,new_business,normal,0.0
case_0658,review_in_progress,2024-01-22 09:00:00-05:00,reviewer_004,complete,new_business,normal,56.24
case_0658,health_inspection,2024-01-29 09:00:00-05:00,inspector_001,complete,new_business,normal,47.59
case_0658,approved,2024-02-05 09:00:00-05:00,,complete,new_business,normal,0.0
case_0659,submitted,2024-01-02 09:00:00-05:00,,complete,new_business,low,0.0
case_0659,intake_validation,2024-01-04 09:00:00-05:00,clerk_001,complete,new_business,low,64.33
case_0659,assigned_to_reviewer,2024-01-08 09:00:00-05:00,,complete,new_business,low,0.0
case_0659,review_in_progress,2024-01-08 09:06:00.936047-05:00,reviewer_001,complete,new_business,low,18.29
case_0659,request_additional_info,2024-01-10 15:43:31.812061-05:00,,complete,new_business,low,0.0
case_0659,withdrawn,2024-01-16 09:00:00-05:00,,complete,new_business,low,0.0
case_0660,submitted,2024-01-02 09:00:00-05:00,,complete,existing_business,low,0.0
case_0660,intake_validation,2024-01-04 09:00:00-05:00,clerk_001,complete,existing_business,low,57.99
case_0660,assigned_to_reviewer,2024-01-08 09:00:00-05:00,,complete,existing_business,low,0.0
case_0660,review_in_progress,2024-01-08 09:29:11.921873-05:00,reviewer_003,complete,existing_business,low,56.7
case_0660,request_additional_info,2024-01-11 09:00:00-05:00,,complete,existing_business,low,0.0
case_0660,applicant_provided_info,2024-01-12 13:36:23.937811-05:00,,complete,existing_business,low,0.0
case_0660,review_in_progress,2024-01-16 09:00:00-05:00,reviewer_004,complete,existing_business,low,41.78
case_0660,request_additional_info,2024-01-22 09:00:00-05:00,,complete,existing_business,low,0.0
case_0660,applicant_provided_info,2024-01-29 09:00:00-05:00,,complete,existing_business,low,0.0
case_0660,review_in_progress,2024-02-01 09:00:00-05:00,reviewer_002,complete,existing_business,low,22.25
case_0660,health_inspection,2024-02-06 09:00:00-05:00,inspector_002,complete,existing_business,low,70.18
case_0660,approved,2024-02-15 11:33:29.769347-05:00,,complete,existing_business,low,0.0
case_0661,submitted,2024-01-02 09:00:00-05:00,,complete,new_business,normal,0.0
case_0661,intake_validation,2024-01-04 09:00:00-05:00,clerk_003,complete,new_business,normal,44.46
case_0661,assigned_to_reviewer,2024-01-08 09:00:00-05:00,,complete,new_business,normal,0.0
case_0661,review_in_progress,2024-01-08 09:24:14.856598-05:00,reviewer_003,complete,new_business,normal,27.0
case_0661,health_inspection,2024-01-16 09:00:00-05:00,inspector_002,complete,new_business,normal,26.46
case_0661,approved,2024-01-25 09:00:00-05:00,,complete,new_business,normal,0.0
case_0662,submitted,2024-01-02 09:00:00-05:00,,complete,new_business,normal,0.0
case_0662,intake_validation,2024-01-04 09:00:00-05:00,clerk_002,complete,new_business,normal,54.74
case_0662,assigned_to_reviewer,2024-01-08 09:00:00-05:00,,complete,new_business,normal,0.0
case_0662,review_in_progress,2024-01-08 09:21:27.540461-05:00,reviewer_002,complete,new_business,normal,52.25
case_0662,health_inspection,2024-01-16 09:00:00-05:00,inspector_002,complete,new_business,normal,46.5
case_0662,approved,2024-01-18 09:00:00-05:00,,complete,new_business,normal,0.0
case_0663,submitted,2024-01-02 09:00:00-05:00,,complete,existing_business,normal,0.0
case_0663,intake_validation,2024-01-04 09:00:00-05:00,clerk_002,complete,existing_business,normal,33.27
case_0663,assigned_to_reviewer,2024-01-08 09:00:00-05:00,,complete,existing_business,normal,0.0
case_0663,review_in_progress,2024-01-08 09:29:06.979422-05:00,reviewer_002,complete,existing_business,normal,67.42
case_0663,health_inspection,2024-01-16 09:00:00-05:00,inspector_001,complete,existing_business,normal,50.3
case_0663,approved,2024-01-18 12:10:23.603063-05:00,,complete,existing_business,normal,0.0
case_0664,submitted,2024-01-02 09:00:00-05:00,,complete,new_business,normal,0.0
case_0664,intake_validation,2024-01-03 15:07:20.974558-05:00,clerk_001,complete,new_business,normal,64.66
case_0664,assigned_to_reviewer,2024-01-04 16:13:37.154785-05:00,,complete,new_business,normal,0.0
case_0664,review_in_progress,2024-01-04 16:42:20.870718-05:00,reviewer_001,complete,new_business,normal,61.48
case_0664,request_additional_info,2024-01-08 09:00:00-05:00,,complete,new_business,normal,0.0
case_0664,applicant_provided_info,2024-01-10 09:00:00-05:00,,complete,new_business,normal,0.0
case_0664,review_in_progress,2024-01-12 09:46:00.332690-05:00,reviewer_004,complete,new_business,normal,30.13
case_0664,request_additional_info,2024-01-16 09:00:00-05:00,,complete,new_business,normal,0.0
case_0664,withdrawn,2024-01-22 09:00:00-05:00,,complete,new_business,normal,0.0
case_0665,submitted,2024-01-02 09:00:00-05:00,,complete,new_business,normal,0.0
case_0665,intake_validation,2024-01-04 09:00:00-05:00,clerk_002,complete,new_business,normal,60.64
case_0665,assigned_to_reviewer,2024-01-08 09:00:00-05:00,,complete,new_business,normal,0.0
case_0665,review_in_progress,2024-01-08 09:12:45.489438-05:00,reviewer_004,complete,new_business,normal,64.69
case_0665,health_inspection,2024-01-16 09:00:00-05:00,inspector_003,complete,new_business,normal,42.34
case_0665,rejected,2024-01-22 09:00:00-05:00,,complete,new_business,normal,0.0
case_0666,submitted,2024-01-02 09:00:00-05:00,,complete,existing_business,normal,0.0
case_0666,intake_validation,2024-01-04 09:00:00-05:00,clerk_001,complete,existing_business,normal,60.64
case_0666,assigned_to_reviewer,2024-01-08 09:00:00-05:00,,complete,existing_business,normal,0.0
case_0666,review_in_progress,2024-01-08 09:27:14.031780-05:00,reviewer_002,complete,existing_business,normal,46.78
case_0666,health_inspection,2024-01-12 12:55:17.472371-05:00,inspector_002,complete,existing_business,normal,69.95
case_0666,approved,2024-01-16 09:00:00-05:00,,complete,existing_business,normal,0.0
case_0667,submitted,2024-01-02 09:00:00-05:00,,complete,renewal,low,0.0
case_0667,intake_validation,2024-01-04 09:00:00-05:00,clerk_002,complete,renewal,low,53.12
case_0667,assigned_to_reviewer,2024-01-08 09:00:00-05:00,,complete,renewal,low,0.0
case_0667,review_in_progress,2024-01-08 09:23:24.802301-05:00,reviewer_002,complete,renewal,low,72.26
case_0667,request_additional_info,2024-01-16 09:00:00-05:00,,complete,renewal,low,0.0
case_0667,applicant_provided_info,2024-01-22 09:00:00-05:00,,complete,renewal,low,0.0
case_0667,review_in_progress,2024-01-25 09:00:00-05:00,reviewer_002,complete,renewal,low,35.95
case_0667,health_inspection,2024-01-29 09:00:00-05:00,inspector_001,complete,renewal,low,38.96
case_0667,approved,2024-02-05 09:00:00-05:00,,complete,renewal,low,0.0
case_0668,submitted,2024-01-02 09:00:00-05:00,,complete,existing_business,low,0.0
case_0668,intake_validation,2024-01-03 10:04:01.090706-05:00,clerk_003,complete,existing_business,low,43.14
case_0668,assigned_to_reviewer,2024-01-05 09:00:00-05:00,,complete,existing_business,low,0.0
case_0668,review_in_progress,2024-01-05 09:25:23.946004-05:00,reviewer_002,complete,existing_business,low,36.09
case_0668,request_additional_info,2024-01-12 09:00:00-05:00,,complete,existing_business,low,0.0
case_0668,applicant_provided_info,2024-01-19 09:00:00-05:00,,complete,existing_business,low,0.0
case_0668,review_in_progress,2024-01-22 09:00:00-05:00,reviewer_002,complete,existing_business,low,45.72
case_0668,health_inspection,2024-01-25 09:00:00-05:00,inspector_001,complete,existing_business,low,50.22
case_0668,approved,2024-01-26 13:53:16.393226-05:00,,complete,existing_business,low,0.0
case_0669,submitted,2024-01-02 09:00:00-05:00,,complete,renewal,normal,0.0
case_0669,intake_validation,2024-01-03 14:29:14.363266-05:00,clerk_001,complete,renewal,normal,41.07
case_0669,assigned_to_reviewer,2024-01-05 09:00:00-05:00,,complete,renewal,normal,0.0
case_0669,review_in_progress,2024-01-05 09:12:41.416018-05:00,reviewer_001,complete,renewal,normal,49.92
case_0669,request_additional_info,2024-01-08 09:00:00-05:00,,complete,renewal,normal,0.0
case_0669,applicant_provided_info,2024-01-11 12:49:32.960556-05:00,,complete,renewal,normal,0.0
case_0669,review_in_progress,2024-01-16 09:00:00-05:00,reviewer_001,complete,renewal,normal,31.7
case_0669,health_inspection,2024-01-19 09:00:00-05:00,inspector_001,complete,renewal,normal,83.51
case_0669,approved,2024-01-24 09:00:00-05:00,,complete,renewal,normal,0.0
case_0670,submitted,2024-01-02 09:00:00-05:00,,complete,renewal,normal,0.0
case_0670,intake_validation,2024-01-03 12:03:09.398736-05:00,clerk_001,complete,renewal,normal,61.05
case_0670,assigned_to_reviewer,2024-01-05 09:00:00-05:00,,complete,renewal,normal,0.0
case_0670,review_in_progress,2024-01-05 09:09:08.125597-05:00,reviewer_002,complete,renewal,normal,60.97
case_0670,request_additional_info,2024-01-09 09:00:00-05:00,,complete,renewal,normal,0.0
case_0670,applicant_provided_info,2024-01-12 10:35:54.766318-05:00,,complete,renewal,normal,0.0
case_0670,review_in_progress,2024-01-16 09:00:00-05:00,reviewer_002,complete,renewal,normal,53.34
case_0670,health_inspection,2024-01-22 09:00:00-05:00,inspector_002,complete,renewal,normal,53.89
case_0670,approved,2024-01-24 09:00:00-05:00,,complete,renewal,normal,0.0
case_0671,submitted,2024-01-02 09:00:00-05:00,,complete,existing_business,high,0.0
case_0671,intake_validation,2024-01-04 09:00:00-05:00,clerk_002,complete,existing_business,high,54.25
case_0671,assigned_to_reviewer,2024-01-08 09:00:00-05:00,,complete,existing_business,high,0.0
case_0671,review_in_progress,2024-01-08 09:23:58.666824-05:00,reviewer_001,complete,existing_business,high,52.57
case_0671,request_additional_info,2024-01-11 15:16:59.315667-05:00,,complete,existing_business,high,0.0
case_0671,applicant_provided_info,2024-01-16 09:00:00-05:00,,complete,existing_business,high,0.0
case_0671,review_in_progress,2024-01-18 12:53:34.283850-05:00,reviewer_004,complete,existing_business,high,38.55
case_0671,health_inspection,2024-01-22 09:00:00-05:00,inspector_002,complete,existing_business,high,37.17
case_0671,approved,2024-01-26 16:36:58.466269-05:00,,complete,existing_business,high,0.0
case_0672,submitted,2024-01-02 09:00:00-05:00,,complete,renewal,normal,0.0
case_0672,intake_validation,2024-01-04 09:00:00-05:00,clerk_002,complete,renewal,normal,64.21
case_0672,assigned_to_reviewer,2024-01-08 09:00:00-05:00,,complete,renewal,normal,0.0
case_0672,review_in_progress,2024-01-08 09:15:26.951602-05:00,reviewer_002,complete,renewal,normal,44.14
case_0672,health_inspection,2024-01-12 11:55:53.041776-05:00,inspector_002,complete,renewal,normal,74.77
case_0672,approved,2024-01-22 09:00:00-05:00,,complete,renewal,normal,0.0
case_0673,submitted,2024-01-02 09:00:00-05:00,,complete,existing_business,normal,0.0
case_0673,intake_validation,2024-01-03 09:12:17.522487-05:00,clerk_002,complete,existing_business,normal,42.43
case_0673,assigned_to_reviewer,2024-01-05 09:00:00-05:00,,complete,existing_business,normal,0.0
case_0673,review_in_progress,2024-01-05 09:08:49.158448-05:00,reviewer_001,complete,existing_business,normal,52.27
case_0673,health_inspection,2024-01-08 09:00:00-05:00,inspector_003,complete,existing_business,normal,37.88
case_0673,approved,2024-01-16 09:00:00-05:00,,complete,existing_business,normal,0.0
case_0674,submitted,2024-01-02 09:00:00-05:00,,complete,existing_business,high,0.0
case_0674,intake_validation,2024-01-04 09:00:00-05:00,clerk_002,complete,existing_business,high,68.2
case_0674,assigned_to_reviewer,2024-01-08 10:10:47.109934-05:00,,complete,existing_business,high,0.0
case_0674,review_in_progress,2024-01-08 10:34:32.573559-05:00,reviewer_001,complete,existing_business,high,50.8
case_0674,request_additional_info,2024-01-11 10:25:24.178024-05:00,,complete,existing_business,high,0.0
case_0674,applicant_provided_info,2024-01-16 12:43:54.967647-05:00,,complete,existing_business,high,0.0
case_0674,review_in_progress,2024-01-19 09:00:00-05:00,reviewer_002,complete,existing_business,high,62.93
case_0674,health_inspection,2024-01-23 09:00:00-05:00,inspector_003,complete,existing_business,high,59.51
case_0674,approved,2024-01-26 13:39:04.302178-05:00,,complete,existing_business,high,0.0
case_0675,submitted,2024-01-02 09:00:00-05:00,,complete,new_business,normal,0.0
case_0675,intake_validation,2024-01-04 09:00:00-05:00,clerk_001,complete,new_business,normal,48.44
case_0675,assigned_to_reviewer,2024-01-05 09:00:00-05:00,,complete,new_business,normal,0.0
case_0675,review_in_progress,2024-01-05 09:18:41.762879-05:00,reviewer_002,complete,new_business,normal,47.19
case_0675,request_additional_info,2024-01-10 13:59:08.411158-05:00,,complete,new_business,normal,0.0
case_0675,applicant_provided_info,2024-01-16 09:00:00-05:00,,complete,new_business,normal,0.0
case_0675,review_in_progress,2024-01-18 16:56:23.294761-05:00,reviewer_003,complete,new_business,normal,35.86
case_0675,health_inspection,2024-01-23 09:22:25.130798-05:00,inspector_003,complete,new_business,normal,67.36
case_0675,approved,2024-01-30 09:00:00-05:00,,complete,new_business,normal,0.0
case_0676,submitted,2024-01-02 09:00:00-05:00,,complete,renewal,normal,0.0
case_0676,intake_validation,2024-01-04 09:00:00-05:00,clerk_002,complete,renewal,normal,37.63
case_0676,assigned_to_reviewer,2024-01-08 09:00:00-05:00,,complete,renewal,normal,0.0
case_0676,review_in_progress,2024-01-08 09:11:00.415305-05:00,reviewer_001,complete,renewal,normal,42.03
case_0676,health_inspection,2024-01-11 09:00:00-05:00,inspector_003,complete,renewal,normal,62.01
case_0676,approved,2024-01-18 09:00:00-05:00,,complete,renewal,normal,0.0
case_0677,submitted,2024-01-02 09:00:00-05:00,,complete,renewal,normal,0.0
case_0677,intake_validation,2024-01-04 09:00:00-05:00,clerk_003,complete,renewal,normal,36.59
case_0677,assigned_to_reviewer,2024-01-08 09:00:00-05:00,,complete,renewal,normal,0.0
case_0677,review_in_progress,2024-01-08 09:11:44.921941-05:00,reviewer_004,complete,renewal,normal,43.09
case_0677,request_additional_info,2024-01-11 09:00:00-05:00,,complete,renewal,normal,0.0
case_0677,applicant_provided_info,2024-01-18 09:00:00-05:00,,complete,renewal,normal,0.0
case_0677,review_in_progress,2024-01-22 09:00:00-05:00,reviewer_002,complete,renewal,normal,87.17
case_0677,health_inspection,2024-01-29 09:00:00-05:00,inspector_003,complete,renewal,normal,49.46
case_0677,approved,2024-02-05 09:00:00-05:00,,complete,renewal,normal,0.0
case_0678,submitted,2024-01-02 09:00:00-05:00,,complete,renewal,normal,0.0
case_0678,intake_validation,2024-01-03 10:20:24.277001-05:00,clerk_001,complete,renewal,normal,51.37
case_0678,rejected,2024-01-08 09:00:00-05:00,,complete,renewal,normal,0.0
case_0679,submitted,2024-01-02 09:00:00-05:00,,complete,new_business,normal,0.0
case_0679,intake_validation,2024-01-04 09:00:00-05:00,clerk_003,complete,new_business,normal,39.35
case_0679,assigned_to_reviewer,2024-01-05 15:49:12.935656-05:00,,complete,new_business,normal,0.0
case_0679,review_in_progress,2024-01-05 16:08:23.470881-05:00,reviewer_004,complete,new_business,normal,48.31
case_0679,health_inspection,2024-01-09 09:19:28.205652-05:00,inspector_003,complete,new_business,normal,58.59
case_0679,approved,2024-01-16 09:00:00-05:00,,complete,new_business,normal,0.0
case_0680,submitted,2024-01-02 09:00:00-05:00,,complete,existing_business,high,0.0
case_0680,intake_validation,2024-01-04 09:00:00-05:00,clerk_002,complete,existing_business,high,44.41
case_0680,rejected,2024-01-08 09:00:00-05:00,,complete,existing_business,high,0.0
case_0681,submitted,2024-01-02 09:00:00-05:00,,complete,renewal,normal,0.0
case_0681,intake_validation,2024-01-04 09:00:00-05:00,clerk_002,complete,renewal,normal,42.99
case_0681,assigned_to_reviewer,2024-01-08 09:00:00-05:00,,complete,renewal,normal,0.0
case_0681,review_in_progress,2024-01-08 09:13:46.435873-05:00,reviewer_002,complete,renewal,normal,75.23
case_0681,request_additional_info,2024-01-16 09:00:00-05:00,,complete,renewal,normal,0.0
case_0681,applicant_provided_info,2024-01-22 09:00:00-05:00,,complete,renewal,normal,0.0
case_0681,review_in_progress,2024-01-25 09:00:00-05:00,reviewer_001,complete,renewal,normal,71.27
case_0681,request_additional_info,2024-01-29 09:00:00-05:00,,complete,renewal,normal,0.0
case_0681,applicant_provided_info,2024-02-05 09:00:00-05:00,,complete,renewal,normal,0.0
case_0681,review_in_progress,2024-02-07 09:36:27.409851-05:00,reviewer_004,complete,renewal,normal,53.42
case_0681,request_additional_info,2024-02-12 09:00:00-05:00,,complete,renewal,normal,0.0
case_0681,applicant_provided_info,2024-02-20 09:00:00-05:00,,complete,renewal,normal,0.0
case_0681,review_in_progress,2024-02-22 09:38:06.986978-05:00,reviewer_004,complete,renewal,normal,57.07
case_0681,request_additional_info,2024-02-26 13:09:32.741523-05:00,,complete,renewal,normal,0.0
case_0681,applicant_provided_info,2024-03-04 09:00:00-05:00,,complete,renewal,normal,0.0
case_0681,review_in_progress,2024-03-07 09:00:00-05:00,reviewer_004,complete,renewal,normal,58.37
case_0681,health_inspection,2024-03-11 09:00:00-04:00,inspector_001,complete,renewal,normal,44.57
case_0681,approved,2024-03-18 09:00:00-04:00,,complete,renewal,normal,0.0
case_0682,submitted,2024-01-02 09:00:00-05:00,,complete,renewal,low,0.0
case_0682,intake_validation,2024-01-04 09:00:00-05:00,clerk_002,complete,renewal,low,42.47
case_0682,assigned_to_reviewer,2024-01-08 09:00:00-05:00,,complete,renewal,low,0.0
case_0682,review_in_progress,2024-01-08 09:11:07.020459-05:00,reviewer_001,complete,renewal,low,11.66
case_0682,health_inspection,2024-01-11 09:00:00-05:00,inspector_002,complete,renewal,low,56.7
case_0682,approved,2024-01-17 09:00:00-05:00,,complete,renewal,low,0.0
case_0683,submitted,2024-01-02 09:00:00-05:00,,complete,renewal,normal,0.0
case_0683,intake_validation,2024-01-04 09:00:00-05:00,clerk_001,complete,renewal,normal,66.96
case_0683,assigned_to_reviewer,2024-01-05 12:41:55.242166-05:00,,complete,renewal,normal,0.0
case_0683,review_in_progress,2024-01-05 13:11:14.911903-05:00,reviewer_001,complete,renewal,normal,89.07
case_0683,request_additional_info,2024-01-08 09:00:00-05:00,,complete,renewal,normal,0.0
case_0683,applicant_provided_info,2024-01-16 09:00:00-05:00,,complete,renewal,normal,0.0
case_0683,review_in_progress,2024-01-19 09:00:00-05:00,reviewer_004,complete,renewal,normal,62.41
case_0683,health_inspection,2024-01-22 13:19:29.295345-05:00,inspector_001,complete,renewal,normal,67.48
case_0683,approved,2024-01-29 09:00:00-05:00,,complete,renewal,normal,0.0
case_0684,submitted,2024-01-02 09:00:00-05:00,,complete,existing_business,normal,0.0
case_0684,intake_validation,2024-01-03 13:23:21.264335-05:00,clerk_003,complete,existing_business,normal,62.66
case_0684,assigned_to_reviewer,2024-01-08 09:00:00-05:00,,complete,existing_business,normal,0.0
case_0684,review_in_progress,2024-01-08 09:22:58.730115-05:00,reviewer_004,complete,existing_business,normal,53.14
case_0684,health_inspection,2024-01-12 09:00:00-05:00,inspector_001,complete,existing_business,normal,33.17
case_0684,approved,2024-01-18 09:00:00-05:00,,complete,existing_business,normal,0.0
case_0685,submitted,2024-01-02 09:00:00-05:00,,complete,renewal,high,0.0
case_0685,intake_validation,2024-01-04 09:00:00-05:00,clerk_003,complete,renewal,high,36.6
case_0685,assigned_to_reviewer,2024-01-08 09:00:00-05:00,,complete,renewal,high,0.0
case_0685,review_in_progress,2024-01-08 09:19:35.145873-05:00,reviewer_003,complete,renewal,high,99.56
case_0685,health_inspection,2024-01-12 10:40:12.183821-05:00,inspector_003,complete,renewal,high,37.93
case_0685,rejected,2024-01-18 09:00:00-05:00,,complete,renewal,high,0.0
case_0686,submitted,2024-01-02 09:00:00-05:00,,complete,renewal,normal,0.0
case_0686,intake_validation,2024-01-03 14:48:49.809844-05:00,clerk_003,complete,renewal,normal,58.2
case_0686,assigned_to_reviewer,2024-01-05 13:47:44.455179-05:00,,complete,renewal,normal,0.0
case_0686,review_in_progress,2024-01-05 14:09:17.221357-05:00,reviewer_002,complete,renewal,normal,42.94
case_0686,health_inspection,2024-01-08 11:41:35.644308-05:00,inspector_001,complete,renewal,normal,34.04
case_0686,approved,2024-01-16 09:00:00-05:00,,complete,renewal,normal,0.0
case_0687,submitted,2024-01-02 09:00:00-05:00,,complete,new_business,normal,0.0
case_0687,intake_validation,2024-01-04 09:00:00-05:00,clerk_002,complete,new_business,normal,45.81
case_0687,assigned_to_reviewer,2024-01-08 09:00:00-05:00,,complete,new_business,normal,0.0
case_0687,review_in_progress,2024-01-08 09:25:52.567589-05:00,reviewer_002,complete,new_business,normal,53.0
case_0687,request_additional_info,2024-01-12 09:00:00-05:00,,complete,new_business,normal,0.0
case_0687,applicant_provided_info,2024-01-16 09:00:00-05:00,,complete,new_business,normal,0.0
case_0687,review_in_progress,2024-01-19 09:00:00-05:00,reviewer_004,complete,new_business,normal,42.27
case_0687,health_inspection,2024-01-23 09:00:00-05:00,inspector_002,complete,new_business,normal,37.88
case_0687,approved,2024-01-31 16:54:12.189723-05:00,,complete,new_business,normal,0.0
case_0688,submitted,2024-01-02 09:00:00-05:00,,complete,new_business,high,0.0
case_0688,intake_validation,2024-01-04 09:00:00-05:00,clerk_001,complete,new_business,high,41.85
case_0688,assigned_to_reviewer,2024-01-05 16:53:58.970579-05:00,,complete,new_business,high,0.0
case_0688,review_in_progress,2024-01-05 16:59:59.730812-05:00,reviewer_002,complete,new_business,high,67.03
case_0688,health_inspection,2024-01-09 16:50:04.581160-05:00,inspector_002,complete,new_business,high,46.11
case_0688,approved,2024-01-16 09:37:09.423879-05:00,,complete,new_business,high,0.0
case_0689,submitted,2024-01-02 09:00:00-05:00,,complete,renewal,normal,0.0
case_0689,intake_validation,2024-01-04 09:00:00-05:00,clerk_002,complete,renewal,normal,44.49
case_0689,assigned_to_reviewer,2024-01-08 09:00:00-05:00,,complete,renewal,normal,0.0
case_0689,review_in_progress,2024-01-08 09:19:35.608359-05:00,reviewer_002,complete,renewal,normal,58.87
case_0689,request_additional_info,2024-01-12 09:48:45.832267-05:00,,complete,renewal,normal,0.0
case_0689,applicant_provided_info,2024-01-18 09:00:00-05:00,,complete,renewal,normal,0.0
case_0689,review_in_progress,2024-01-22 09:00:00-05:00,reviewer_001,complete,renewal,normal,64.99
case_0689,request_additional_info,2024-01-26 09:00:00-05:00,,complete,renewal,normal,0.0
case_0689,applicant_provided_info,2024-01-30 14:00:22.258299-05:00,,complete,renewal,normal,0.0
case_0689,review_in_progress,2024-02-02 09:00:00-05:00,reviewer_004,complete,renewal,normal,82.81
case_0689,request_additional_info,2024-02-07 09:00:00-05:00,,complete,renewal,normal,0.0
case_0689,applicant_provided_info,2024-02-12 09:00:00-05:00,,complete,renewal,normal,0.0
case_0689,review_in_progress,2024-02-14 11:12:02.492457-05:00,reviewer_002,complete,renewal,normal,36.04
case_0689,request_additional_info,2024-02-20 09:00:00-05:00,,complete,renewal,normal,0.0
case_0689,applicant_provided_info,2024-02-26 09:00:00-05:00,,complete,renewal,normal,0.0
case_0689,review_in_progress,2024-02-28 13:21:37.929890-05:00,reviewer_001,complete,renewal,normal,54.12
case_0689,health_inspection,2024-03-04 09:00:00-05:00,inspector_002,complete,renewal,normal,53.92
case_0689,approved,2024-03-13 11:29:36.339269-04:00,,complete,renewal,normal,0.0
case_0690,submitted,2024-01-02 09:00:00-05:00,,complete,renewal,normal,0.0
case_0690,intake_validation,2024-01-03 09:01:42.868814-05:00,clerk_002,complete,renewal,normal,39.77
case_0690,assigned_to_reviewer,2024-01-08 09:00:00-05:00,,complete,renewal,normal,0.0
case_0690,review_in_progress,2024-01-08 09:19:44.250034-05:00,reviewer_004,complete,renewal,normal,57.87
case_0690,request_additional_info,2024-01-16 09:00:00-05:00,,complete,renewal,normal,0.0
case_0690,applicant_provided_info,2024-01-19 16:32:04.548489-05:00,,complete,renewal,normal,0.0
case_0690,review_in_progress,2024-01-22 09:06:34.653153-05:00,reviewer_004,complete,renewal,normal,65.0
case_0690,health_inspection,2024-01-26 09:00:00-05:00,inspector_001,complete,renewal,normal,53.16
case_0690,approved,2024-02-01 09:00:00-05:00,,complete,renewal,normal,0.0
case_0691,submitted,2024-01-02 09:00:00-05:00,,complete,existing_business,high,0.0
case_0691,intake_validation,2024-01-03 11:38:16.220394-05:00,clerk_002,complete,existing_business,high,65.05
case_0691,assigned_to_reviewer,2024-01-05 09:00:00-05:00,,complete,existing_business,high,0.0
case_0691,review_in_progress,2024-01-05 09:20:14.732814-05:00,reviewer_001,complete,existing_business,high,67.59
case_0691,health_inspection,2024-01-08 09:00:00-05:00,inspector_002,complete,existing_business,high,53.43
case_0691,approved,2024-01-17 16:41:02.029291-05:00,,complete,existing_business,high,0.0
case_0692,submitted,2024-01-02 09:00:00-05:00,,complete,existing_business,normal,0.0
case_0692,intake_validation,2024-01-04 09:00:00-05:00,clerk_002,complete,existing_business,normal,62.19
case_0692,assigned_to_reviewer,2024-01-08 09:00:00-05:00,,complete,existing_business,normal,0.0
case_0692,review_in_progress,2024-01-08 09:13:09.893431-05:00,reviewer_002,complete,existing_business,normal,77.64
case_0692,health_inspection,2024-01-16 09:00:00-05:00,inspector_001,complete,existing_business,normal,30.21
case_0692,approved,2024-01-22 09:00:00-05:00,,complete,existing_business,normal,0.0
case_0693,submitted,2024-01-02 09:00:00-05:00,,complete,renewal,normal,0.0
case_0693,intake_validation,2024-01-03 14:49:08.376310-05:00,clerk_003,complete,renewal,normal,47.35
case_0693,assigned_to_reviewer,2024-01-05 09:00:00-05:00,,complete,renewal,normal,0.0
case_0693,review_in_progress,2024-01-05 09:12:19.863872-05:00,reviewer_003,complete,renewal,normal,66.21
case_0693,health_inspection,2024-01-09 09:00:00-05:00,inspector_001,complete,renewal,normal,42.61
case_0693,rejected,2024-01-16 09:00:00-05:00,,complete,renewal,normal,0.0
case_0694,submitted,2024-01-02 09:00:00-05:00,,complete,existing_business,normal,0.0
case_0694,intake_validation,2024-01-04 09:00:00-05:00,clerk_003,complete,existing_business,normal,63.81
case_0694,assigned_to_reviewer,2024-01-08 09:00:00-05:00,,complete,existing_business,normal,0.0
case_0694,review_in_progress,2024-01-08 09:06:11.485584-05:00,reviewer_003,complete,existing_business,normal,65.84
case_0694,health_inspection,2024-01-11 09:00:00-05:00,inspector_001,complete,existing_business,normal,66.67
case_0694,approved,2024-01-17 09:00:00-05:00,,complete,existing_business,normal,0.0
case_0695,submitted,2024-01-02 09:00:00-05:00,,complete,new_business,normal,0.0
case_0695,intake_validation,2024-01-04 09:00:00-05:00,clerk_003,complete,new_business,normal,57.91
case_0695,assigned_to_reviewer,2024-01-05 11:03:34.974935-05:00,,complete,new_business,normal,0.0
case_0695,review_in_progress,2024-01-05 11:16:53.291741-05:00,reviewer_001,complete,new_business,normal,57.97
case_0695,request_additional_info,2024-01-08 09:00:00-05:00,,complete,new_business,normal,0.0
case_0695,applicant_provided_info,2024-01-10 09:00:00-05:00,,complete,new_business,normal,0.0
case_0695,review_in_progress,2024-01-16 09:00:00-05:00,reviewer_001,complete,new_business,normal,48.31
case_0695,health_inspection,2024-01-19 16:40:02.581158-05:00,inspector_002,complete,new_business,normal,33.4
case_0695,approved,2024-01-22 12:02:40.543624-05:00,,complete,new_business,normal,0.0
case_0696,submitted,2024-01-02 09:00:00-05:00,,complete,existing_business,high,0.0
case_0696,intake_validation,2024-01-04 09:00:00-05:00,clerk_003,complete,existing_business,high,22.14
case_0696,assigned_to_reviewer,2024-01-08 09:00:00-05:00,,complete,existing_business,high,0.0
case_0696,review_in_progress,2024-01-08 09:12:13.499866-05:00,reviewer_002,complete,existing_business,high,27.11
case_0696,health_inspection,2024-01-11 09:00:00-05:00,inspector_002,complete,existing_business,high,59.44
case_0696,approved,2024-01-16 09:00:00-05:00,,complete,existing_business,high,0.0
case_0697,submitted,2024-01-02 09:00:00-05:00,,complete,renewal,low,0.0
case_0697,intake_validation,2024-01-03 13:40:39.602122-05:00,clerk_001,complete,renewal,low,41.68
case_0697,rejected,2024-01-05 09:00:00-05:00,,complete,renewal,low,0.0
case_0698,submitted,2024-01-02 09:00:00-05:00,,complete,existing_business,normal,0.0
case_0698,intake_validation,2024-01-04 09:00:00-05:00,clerk_003,complete,existing_business,normal,27.86
case_0698,assigned_to_reviewer,2024-01-08 09:00:00-05:00,,complete,existing_business,normal,0.0
case_0698,review_in_progress,2024-01-08 09:29:43.550280-05:00,reviewer_003,complete,existing_business,normal,66.9
case_0698,health_inspection,2024-01-16 09:00:00-05:00,inspector_003,complete,existing_business,normal,58.36
case_0698,approved,2024-01-22 09:00:00-05:00,,complete,existing_business,normal,0.0
case_0699,submitted,2024-01-02 09:00:00-05:00,,complete,new_business,high,0.0
case_0699,intake_validation,2024-01-03 15:19:26.051008-05:00,clerk_001,complete,new_business,high,47.81
case_0699,assigned_to_reviewer,2024-01-05 16:33:42.777640-05:00,,complete,new_business,high,0.0
case_0699,review_in_progress,2024-01-05 16:58:46.050112-05:00,reviewer_004,complete,new_business,high,64.27
case_0699,health_inspection,2024-01-10 09:00:00-05:00,inspector_001,complete,new_business,high,73.58
case_0699,approved,2024-01-16 09:00:00-05:00,,complete,new_business,high,0.0
case_0700,submitted,2024-01-02 09:00:00-05:00,,complete,new_business,low,0.0
case_0700,intake_validation,2024-01-04 09:00:00-05:00,clerk_001,complete,new_business,low,55.28
case_0700,assigned_to_reviewer,2024-01-08 09:00:00-05:00,,complete,new_business,low,0.0
case_0700,review_in_progress,2024-01-08 09:27:04.053193-05:00,reviewer_002,complete,new_business,low,56.09
case_0700,health_inspection,2024-01-12 09:00:00-05:00,inspector_002,complete,new_business,low,42.39
case_0700,approved,2024-01-17 10:39:56.497853-05:00,,complete,new_business,low,0.0
case_0701,submitted,2024-01-02 09:00:00-05:00,,complete,existing_business,low,0.0
case_0701,intake_validation,2024-01-04 09:00:00-05:00,clerk_001,complete,existing_business,low,36.1
case_0701,assigned_to_reviewer,2024-01-08 09:00:00-05:00,,complete,existing_business,low,0.0
case_0701,review_in_progress,2024-01-08 09:14:53.080954-05:00,reviewer_004,complete,existing_business,low,55.05
case_0701,request_additional_info,2024-01-16 09:00:00-05:00,,complete,existing_business,low,0.0
case_0701,applicant_provided_info,2024-01-18 09:34:13.202726-05:00,,complete,existing_business,low,0.0
case_0701,review_in_progress,2024-01-22 09:00:00-05:00,reviewer_004,complete,existing_business,low,59.62
case_0701,health_inspection,2024-01-25 09:00:00-05:00,inspector_003,complete,existing_business,low,58.37
case_0701,approved,2024-01-31 09:00:00-05:00,,complete,existing_business,low,0.0
case_0702,submitted,2024-01-02 09:00:00-05:00,,complete,new_business,low,0.0
case_0702,intake_validation,2024-01-04 09:00:00-05:00,clerk_003,complete,new_business,low,24.0
case_0702,assigned_to_reviewer,2024-01-05 11:48:27.018607-05:00,,complete,new_business,low,0.0
case_0702,review_in_progress,2024-01-05 12:16:26.478834-05:00,reviewer_004,complete,new_business,low,24.76
case_0702,request_additional_info,2024-01-08 09:00:00-05:00,,complete,new_business,low,0.0
case_0702,applicant_provided_info,2024-01-16 09:00:00-05:00,,complete,new_business,low,0.0
case_0702,review_in_progress,2024-01-18 15:15:02.889113-05:00,reviewer_004,complete,new_business,low,56.05
case_0702,request_additional_info,2024-01-23 09:00:00-05:00,,complete,new_business,low,0.0
case_0702,applicant_provided_info,2024-01-24 16:12:24.074168-05:00,,complete,new_business,low,0.0
case_0702,review_in_progress,2024-01-29 09:00:00-05:00,reviewer_004,complete,new_business,low,62.79
case_0702,request_additional_info,2024-02-02 12:18:59.046040-05:00,,complete,new_business,low,0.0
case_0702,applicant_provided_info,2024-02-05 09:00:00-05:00,,complete,new_business,low,0.0
case_0702,review_in_progress,2024-02-08 09:00:00-05:00,reviewer_003,complete,new_business,low,68.59
case_0702,request_additional_info,2024-02-12 10:32:33.599830-05:00,,complete,new_business,low,0.0
case_0702,applicant_provided_info,2024-02-15 09:00:00-05:00,,complete,new_business,low,0.0
case_0702,review_in_progress,2024-02-20 09:00:00-05:00,reviewer_004,complete,new_business,low,29.02
case_0702,health_inspection,2024-02-26 09:00:00-05:00,inspector_001,complete,new_business,low,51.92
case_0702,approved,2024-02-28 09:00:00-05:00,,complete,new_business,low,0.0
case_0703,submitted,2024-01-02 09:00:00-05:00,,complete,new_business,high,0.0
case_0703,intake_validation,2024-01-04 09:00:00-05:00,clerk_002,complete,new_business,high,58.71
case_0703,assigned_to_reviewer,2024-01-08 09:00:00-05:00,,complete,new_business,high,0.0
case_0703,review_in_progress,2024-01-08 09:07:46.464831-05:00,reviewer_004,complete,new_business,high,26.87
case_0703,request_additional_info,2024-01-12 09:00:00-05:00,,complete,new_business,high,0.0
case_0703,applicant_provided_info,2024-01-19 09:00:00-05:00,,complete,new_business,high,0.0
case_0703,review_in_progress,2024-01-22 09:00:00-05:00,reviewer_003,complete,new_business,high,49.84
case_0703,request_additional_info,2024-01-26 09:00:00-05:00,,complete,new_business,high,0.0
case_0703,applicant_provided_info,2024-01-29 09:00:00-05:00,,complete,new_business,high,0.0
case_0703,review_in_progress,2024-01-31 13:12:43.449689-05:00,reviewer_004,complete,new_business,high,64.05
case_0703,health_inspection,2024-02-05 09:00:00-05:00,inspector_001,complete,new_business,high,79.32
case_0703,approved,2024-02-07 09:00:00-05:00,,complete,new_business,high,0.0
case_0704,submitted,2024-01-02 09:00:00-05:00,,complete,new_business,normal,0.0
case_0704,intake_validation,2024-01-04 09:00:00-05:00,clerk_003,complete,new_business,normal,53.98
case_0704,rejected,2024-01-08 09:00:00-05:00,,complete,new_business,normal,0.0
case_0705,submitted,2024-01-02 09:00:00-05:00,,complete,renewal,low,0.0
case_0705,intake_validation,2024-01-03 16:03:58.548354-05:00,clerk_003,complete,renewal,low,67.6
case_0705,assigned_to_reviewer,2024-01-05 16:57:26.569255-05:00,,complete,renewal,low,0.0
case_0705,review_in_progress,2024-01-08 09:00:00-05:00,reviewer_001,complete,renewal,low,52.06
case_0705,request_additional_info,2024-01-10 09:00:00-05:00,,complete,renewal,low,0.0
case_0705,applicant_provided_info,2024-01-16 09:00:00-05:00,,complete,renewal,low,0.0
case_0705,review_in_progress,2024-01-19 09:00:00-05:00,reviewer_004,complete,renewal,low,58.43
case_0705,request_additional_info,2024-01-23 09:00:00-05:00,,complete,renewal,low,0.0
case_0705,applicant_provided_info,2024-01-29 09:00:00-05:00,,complete,renewal,low,0.0
case_0705,review_in_progress,2024-01-31 14:01:15.145514-05:00,reviewer_003,complete,renewal,low,71.08
case_0705,health_inspection,2024-02-05 09:00:00-05:00,inspector_003,complete,renewal,low,23.65
case_0705,approved,2024-02-07 09:00:00-05:00,,complete,renewal,low,0.0
case_0706,submitted,2024-01-02 09:00:00-05:00,,complete,new_business,high,0.0
case_0706,intake_validation,2024-01-03 11:00:32.972165-05:00,clerk_001,complete,new_business,high,54.31
case_0706,assigned_to_reviewer,2024-01-05 09:00:00-05:00,,complete,new_business,high,0.0
case_0706,review_in_progress,2024-01-05 09:09:37.309502-05:00,reviewer_001,complete,new_business,high,83.19
case_0706,health_inspection,2024-01-08 09:00:00-05:00,inspector_001,complete,new_business,high,32.84
case_0706,approved,2024-01-16 09:00:00-05:00,,complete,new_business,high,0.0
case_0707,submitted,2024-01-02 09:00:00-05:00,,complete,renewal,normal,0.0
case_0707,intake_validation,2024-01-03 12:42:00.229755-05:00,clerk_003,complete,renewal,normal,46.22
case_0707,assigned_to_reviewer,2024-01-08 09:00:00-05:00,,complete,renewal,normal,0.0
case_0707,review_in_progress,2024-01-08 09:14:02.723279-05:00,reviewer_002,complete,renewal,normal,28.17
case_0707,health_inspection,2024-01-16 09:00:00-05:00,inspector_001,complete,renewal,normal,67.12
case_0707,approved,2024-01-22 09:00:00-05:00,,complete,renewal,normal,0.0
case_0708,submitted,2024-01-02 09:00:00-05:00,,complete,renewal,high,0.0
case_0708,intake_validation,2024-01-03 12:46:07.730754-05:00,clerk_001,complete,renewal,high,63.62
case_0708,assigned_to_reviewer,2024-01-05 14:31:28.348302-05:00,,complete,renewal,high,0.0
case_0708,review_in_progress,2024-01-05 14:56:14.588095-05:00,reviewer_002,complete,renewal,high,33.79
case_0708,request_additional_info,2024-01-11 11:57:30.739718-05:00,,complete,renewal,high,0.0
case_0708,applicant_provided_info,2024-01-16 09:00:00-05:00,,complete,renewal,high,0.0
case_0708,review_in_progress,2024-01-19 09:00:00-05:00,reviewer_001,complete,renewal,high,23.46
case_0708,health_inspection,2024-01-22 09:00:00-05:00,inspector_002,complete,renewal,high,62.04
case_0708,approved,2024-01-26 09:00:00-05:00,,complete,renewal,high,0.0
case_0709,submitted,2024-01-02 09:00:00-05:00,,complete,new_business,normal,0.0
case_0709,intake_validation,2024-01-04 09:00:00-05:00,clerk_002,complete,new_business,normal,54.64
case_0709,assigned_to_reviewer,2024-01-08 09:00:00-05:00,,complete,new_business,normal,0.0
case_0709,review_in_progress,2024-01-08 09:18:29.924605-05:00,reviewer_004,complete,new_business,normal,42.09
case_0709,request_additional_info,2024-01-16 09:00:00-05:00,,complete,new_business,normal,0.0
case_0709,applicant_provided_info,2024-01-18 09:00:00-05:00,,complete,new_business,normal,0.0
case_0709,review_in_progress,2024-01-22 09:00:00-05:00,reviewer_001,complete,new_business,normal,40.7
case_0709,health_inspection,2024-01-25 09:00:00-05:00,inspector_001,complete,new_business,normal,58.5
case_0709,approved,2024-01-29 09:00:00-05:00,,complete,new_business,normal,0.0
case_0710,submitted,2024-01-02 09:00:00-05:00,,complete,renewal,normal,0.0
case_0710,intake_validation,2024-01-03 11:42:23.146529-05:00,clerk_003,complete,renewal,normal,54.34
case_0710,assigned_to_reviewer,2024-01-08 09:00:00-05:00,,complete,renewal,normal,0.0
case_0710,review_in_progress,2024-01-08 09:26:46.811183-05:00,reviewer_004,complete,renewal,normal,23.54
case_0710,health_inspection,2024-01-12 09:00:00-05:00,inspector_001,complete,renewal,normal,59.24
case_0710,approved,2024-01-16 15:08:35.316413-05:00,,complete,renewal,normal,0.0
case_0711,submitted,2024-01-02 09:00:00-05:00,,complete,existing_business,low,0.0
case_0711,intake_validation,2024-01-03 10:22:05.928281-05:00,clerk_002,complete,existing_business,low,72.7
case_0711,rejected,2024-01-05 09:00:00-05:00,,complete,existing_business,low,0.0
case_0712,submitted,2024-01-02 09:00:00-05:00,,complete,existing_business,normal,0.0
case_0712,intake_validation,2024-01-03 13:38:29.050576-05:00,clerk_003,complete,existing_business,normal,53.0
case_0712,assigned_to_reviewer,2024-01-04 13:49:34.131108-05:00,,complete,existing_business,normal,0.0
case_0712,review_in_progress,2024-01-04 13:59:52.554128-05:00,reviewer_003,complete,existing_business,normal,52.23
case_0712,health_inspection,2024-01-09 09:20:26.864702-05:00,inspector_002,complete,existing_business,normal,73.49
case_0712,approved,2024-01-17 09:00:00-05:00,,complete,existing_business,normal,0.0
case_0713,submitted,2024-01-02 09:00:00-05:00,,complete,existing_business,low,0.0
case_0713,intake_validation,2024-01-04 09:00:00-05:00,clerk_003,complete,existing_business,low,51.38
case_0713,assigned_to_reviewer,2024-01-08 09:00:00-05:00,,complete,existing_business,low,0.0
case_0713,review_in_progress,2024-01-08 09:27:20.930964-05:00,reviewer_002,complete,existing_business,low,15.1
case_0713,request_additional_info,2024-01-16 09:00:00-05:00,,complete,existing_business,low,0.0
case_0713,applicant_provided_info,2024-01-18 14:21:14.095601-05:00,,complete,existing_business,low,0.0
case_0713,review_in_progress,2024-01-22 09:00:00-05:00,reviewer_002,complete,existing_business,low,29.44
case_0713,request_additional_info,2024-01-30 09:00:00-05:00,,complete,existing_business,low,0.0
case_0713,applicant_provided_info,2024-02-05 09:00:00-05:00,,complete,existing_business,low,0.0
case_0713,review_in_progress,2024-02-08 09:00:00-05:00,reviewer_003,complete,existing_business,low,26.68
case_0713,health_inspection,2024-02-13 09:00:00-05:00,inspector_001,complete,existing_business,low,36.32
case_0713,approved,2024-02-15 09:00:00-05:00,,complete,existing_business,low,0.0
case_0714,submitted,2024-01-02 09:00:00-05:00,,complete,existing_business,normal,0.0
case_0714,intake_validation,2024-01-04 09:00:00-05:00,clerk_001,complete,existing_business,normal,27.25
case_0714,assigned_to_reviewer,2024-01-08 09:00:00-05:00,,complete,existing_business,normal,0.0
case_0714,review_in_progress,2024-01-08 09:17:26.693834-05:00,reviewer_004,complete,existing_business,normal,52.79
case_0714,health_inspection,2024-01-16 09:00:00-05:00,inspector_002,complete,existing_business,normal,48.91
case_0714,approved,2024-01-22 09:00:00-05:00,,complete,existing_business,normal,0.0
case_0715,submitted,2024-01-02 09:00:00-05:00,,complete,renewal,low,0.0
case_0715,intake_validation,2024-01-04 09:00:00-05:00,clerk_002,complete,renewal,low,47.35
case_0715,assigned_to_reviewer,2024-01-08 09:00:00-05:00,,complete,renewal,low,0.0
case_0715,review_in_progress,2024-01-08 09:15:50.042243-05:00,reviewer_002,complete,renewal,low,75.59
case_0715,health_inspection,2024-01-12 09:00:00-05:00,inspector_003,complete,renewal,low,38.36
case_0715,approved,2024-01-16 09:00:00-05:00,,complete,renewal,low,0.0
case_0716,submitted,2024-01-02 09:00:00-05:00,,complete,renewal,high,0.0
case_0716,intake_validation,2024-01-03 12:36:58.345450-05:00,clerk_002,complete,renewal,high,35.34
case_0716,assigned_to_reviewer,2024-01-08 09:00:00-05:00,,complete,renewal,high,0.0
case_0716,review_in_progress,2024-01-08 09:10:05.973497-05:00,reviewer_003,complete,renewal,high,61.01
case_0716,request_additional_info,2024-01-11 09:00:00-05:00,,complete,renewal,high,0.0
case_0716,applicant_provided_info,2024-01-18 09:00:00-05:00,,complete,renewal,high,0.0
case_0716,review_in_progress,2024-01-22 09:00:00-05:00,reviewer_003,complete,renewal,high,57.4
case_0716,health_inspection,2024-01-26 09:00:00-05:00,inspector_001,complete,renewal,high,69.52
case_0716,approved,2024-01-29 09:00:00-05:00,,complete,renewal,high,0.0
case_0717,submitted,2024-01-02 09:00:00-05:00,,complete,existing_business,normal,0.0
case_0717,intake_validation,2024-01-04 09:00:00-05:00,clerk_002,complete,existing_business,normal,72.56
case_0717,assigned_to_reviewer,2024-01-08 09:00:00-05:00,,complete,existing_business,normal,0.0
case_0717,review_in_progress,2024-01-08 09:19:16.673946-05:00,reviewer_002,complete,existing_business,normal,45.08
case_0717,health_inspection,2024-01-16 09:00:00-05:00,inspector_002,complete,existing_business,normal,39.6
case_0717,approved,2024-01-18 09:00:00-05:00,,complete,existing_business,normal,0.0
case_0718,submitted,2024-01-02 09:00:00-05:00,,complete,new_business,high,0.0
case_0718,intake_validation,2024-01-04 09:00:00-05:00,clerk_002,complete,new_business,high,62.91
case_0718,assigned_to_reviewer,2024-01-08 09:00:00-05:00,,complete,new_business,high,0.0
case_0718,review_in_progress,2024-01-08 09:08:33.817692-05:00,reviewer_004,complete,new_business,high,45.24
case_0718,health_inspection,2024-01-12 09:00:00-05:00,inspector_003,complete,new_business,high,60.72
case_0718,approved,2024-01-18 09:00:00-05:00,,complete,new_business,high,0.0
case_0719,submitted,2024-01-02 09:00:00-05:00,,complete,renewal,high,0.0
case_0719,intake_validation,2024-01-03 12:56:11.880740-05:00,clerk_002,complete,renewal,high,68.57
case_0719,assigned_to_reviewer,2024-01-05 13:19:52.065085-05:00,,complete,renewal,high,0.0
case_0719,review_in_progress,2024-01-05 13:27:20.202516-05:00,reviewer_001,complete,renewal,high,38.82
case_0719,health_inspection,2024-01-08 09:00:00-05:00,inspector_003,complete,renewal,high,47.53
case_0719,approved,2024-01-16 09:00:00-05:00,,complete,renewal,high,0.0
case_0720,submitted,2024-01-02 09:00:00-05:00,,complete,existing_business,normal,0.0
case_0720,intake_validation,2024-01-04 09:00:00-05:00,clerk_002,complete,existing_business,normal,21.99
case_0720,assigned_to_reviewer,2024-01-08 09:00:00-05:00,,complete,existing_business,normal,0.0
case_0720,review_in_progress,2024-01-08 09:29:37.317115-05:00,reviewer_001,complete,existing_business,normal,54.67
case_0720,request_additional_info,2024-01-12 09:00:00-05:00,,complete,existing_business,normal,0.0
case_0720,applicant_provided_info,2024-01-16 09:00:00-05:00,,complete,existing_business,normal,0.0
case_0720,review_in_progress,2024-01-19 09:00:00-05:00,reviewer_004,complete,existing_business,normal,33.51
case_0720,request_additional_info,2024-01-24 13:00:22.047956-05:00,,complete,existing_business,normal,0.0
case_0720,withdrawn,2024-01-25 15:29:43.833645-05:00,,complete,existing_business,normal,0.0
case_0721,submitted,2024-01-02 09:00:00-05:00,,complete,existing_business,normal,0.0
case_0721,intake_validation,2024-01-04 09:00:00-05:00,clerk_002,complete,existing_business,normal,61.47
case_0721,assigned_to_reviewer,2024-01-08 09:00:00-05:00,,complete,existing_business,normal,0.0
case_0721,review_in_progress,2024-01-08 09:16:22.070215-05:00,reviewer_002,complete,existing_business,normal,26.22
case_0721,health_inspection,2024-01-11 09:00:00-05:00,inspector_002,complete,existing_business,normal,53.03
case_0721,approved,2024-01-17 09:28:25.738240-05:00,,complete,existing_business,normal,0.0
case_0722,submitted,2024-01-02 09:00:00-05:00,,complete,renewal,normal,0.0
case_0722,intake_validation,2024-01-03 11:56:56.421063-05:00,clerk_003,complete,renewal,normal,37.08
case_0722,assigned_to_reviewer,2024-01-05 09:00:00-05:00,,complete,renewal,normal,0.0
case_0722,review_in_progress,2024-01-05 09:17:36.885069-05:00,reviewer_004,complete,renewal,normal,87.35
case_0722,request_additional_info,2024-01-10 09:00:00-05:00,,complete,renewal,normal,0.0
case_0722,applicant_provided_info,2024-01-16 09:00:00-05:00,,complete,renewal,normal,0.0
case_0722,review_in_progress,2024-01-18 09:55:36.713104-05:00,reviewer_004,complete,renewal,normal,74.45
case_0722,health_inspection,2024-01-22 13:50:55.167156-05:00,inspector_001,complete,renewal,normal,72.06
case_0722,rejected,2024-01-25 13:39:05.318276-05:00,,complete,renewal,normal,0.0
case_0723,submitted,2024-01-02 09:00:00-05:00,,complete,new_business,normal,0.0
case_0723,intake_validation,2024-01-03 14:10:15.299348-05:00,clerk_002,complete,new_business,normal,46.6
case_0723,assigned_to_reviewer,2024-01-08 09:00:00-05:00,,complete,new_business,normal,0.0
case_0723,review_in_progress,2024-01-08 09:18:59.304749-05:00,reviewer_002,complete,new_business,normal,51.36
case_0723,health_inspection,2024-01-16 09:00:00-05:00,inspector_001,complete,new_business,normal,54.89
case_0723,approved,2024-01-18 09:00:00-05:00,,complete,new_business,normal,0.0
case_0724,submitted,2024-01-02 09:00:00-05:00,,complete,renewal,normal,0.0
case_0724,intake_validation,2024-01-03 14:14:09.141520-05:00,clerk_003,complete,renewal,normal,40.27
case_0724,assigned_to_reviewer,2024-01-08 09:00:00-05:00,,complete,renewal,normal,0.0
case_0724,review_in_progress,2024-01-08 09:15:27.916486-05:00,reviewer_004,complete,renewal,normal,55.1
case_0724,request_additional_info,2024-01-16 09:00:00-05:00,,complete,renewal,normal,0.0
case_0724,applicant_provided_info,2024-01-22 09:00:00-05:00,,complete,renewal,normal,0.0
case_0724,review_in_progress,2024-01-25 09:00:00-05:00,reviewer_004,complete,renewal,normal,47.62
case_0724,health_inspection,2024-01-29 09:07:30.717046-05:00,inspector_002,complete,renewal,normal,40.3
case_0724,approved,2024-02-05 09:00:00-05:00,,complete,renewal,normal,0.0
case_0725,submitted,2024-01-02 09:00:00-05:00,,complete,new_business,normal,0.0
case_0725,intake_validation,2024-01-04 09:00:00-05:00,clerk_002,complete,new_business,normal,70.29
case_0725,assigned_to_reviewer,2024-01-08 09:00:00-05:00,,complete,new_business,normal,0.0
case_0725,review_in_progress,2024-01-08 09:08:01.008090-05:00,reviewer_002,complete,new_business,normal,77.74
case_0725,health_inspection,2024-01-11 09:00:00-05:00,inspector_002,complete,new_business,normal,59.44
case_0725,approved,2024-01-16 09:00:00-05:00,,complete,new_business,normal,0.0
case_0726,submitted,2024-01-02 09:00:00-05:00,,complete,new_business,normal,0.0
case_0726,intake_validation,2024-01-04 09:00:00-05:00,clerk_003,complete,new_business,normal,49.19
case_0726,assigned_to_reviewer,2024-01-08 09:00:00-05:00,,complete,new_business,normal,0.0
case_0726,review_in_progress,2024-01-08 09:13:12.403568-05:00,reviewer_003,complete,new_business,normal,42.73
case_0726,request_additional_info,2024-01-11 09:00:00-05:00,,complete,new_business,normal,0.0
case_0726,applicant_provided_info,2024-01-16 09:00:00-05:00,,complete,new_business,normal,0.0
case_0726,review_in_progress,2024-01-19 09:00:00-05:00,reviewer_002,complete,new_business,normal,57.44
case_0726,request_additional_info,2024-01-23 09:00:00-05:00,,complete,new_business,normal,0.0
case_0726,applicant_provided_info,2024-01-26 09:00:00-05:00,,complete,new_business,normal,0.0
case_0726,review_in_progress,2024-01-29 09:00:00-05:00,reviewer_002,complete,new_business,normal,57.43
case_0726,health_inspection,2024-02-01 09:00:00-05:00,inspector_001,complete,new_business,normal,54.83
case_0726,approved,2024-02-06 13:03:16.228206-05:00,,complete,new_business,normal,0.0
case_0727,submitted,2024-01-02 09:00:00-05:00,,complete,existing_business,high,0.0
case_0727,intake_validation,2024-01-03 16:34:59.781715-05:00,clerk_001,complete,existing_business,high,47.09
case_0727,assigned_to_reviewer,2024-01-05 09:00:00-05:00,,complete,existing_business,high,0.0
case_0727,review_in_progress,2024-01-05 09:21:51.687114-05:00,reviewer_003,complete,existing_business,high,23.01
case_0727,health_inspection,2024-01-09 09:00:00-05:00,inspector_001,complete,existing_business,high,52.96
case_0727,approved,2024-01-12 13:19:46.609615-05:00,,complete,existing_business,high,0.0
case_0728,submitted,2024-01-02 09:00:00-05:00,,complete,renewal,normal,0.0
case_0728,intake_validation,2024-01-04 09:00:00-05:00,clerk_001,complete,renewal,normal,57.25
case_0728,assigned_to_reviewer,2024-01-05 09:00:00-05:00,,complete,renewal,normal,0.0
case_0728,review_in_progress,2024-01-05 09:15:30.317439-05:00,reviewer_003,complete,renewal,normal,31.36
case_0728,health_inspection,2024-01-10 09:00:00-05:00,inspector_003,complete,renewal,normal,38.82
case_0728,approved,2024-01-16 09:00:00-05:00,,complete,renewal,normal,0.0
case_0729,submitted,2024-01-02 09:00:00-05:00,,complete,existing_business,normal,0.0
case_0729,intake_validation,2024-01-04 09:00:00-05:00,clerk_002,complete,existing_business,normal,67.27
case_0729,assigned_to_reviewer,2024-01-08 09:00:00-05:00,,complete,existing_business,normal,0.0
case_0729,review_in_progress,2024-01-08 09:09:55.765197-05:00,reviewer_003,complete,existing_business,normal,34.63
case_0729,health_inspection,2024-01-16 09:00:00-05:00,inspector_001,complete,existing_business,normal,59.81
case_0729,approved,2024-01-22 16:03:54.760570-05:00,,complete,existing_business,normal,0.0
case_0730,submitted,2024-01-02 09:00:00-05:00,,complete,existing_business,high,0.0
case_0730,intake_validation,2024-01-04 09:00:00-05:00,clerk_002,complete,existing_business,high,21.53
case_0730,assigned_to_reviewer,2024-01-08 09:00:00-05:00,,complete,existing_business,high,0.0
case_0730,review_in_progress,2024-01-08 09:23:02.369409-05:00,reviewer_002,complete,existing_business,high,38.51
case_0730,request_additional_info,2024-01-16 09:00:00-05:00,,complete,existing_business,high,0.0
case_0730,applicant_provided_info,2024-01-17 16:23:35.760732-05:00,,complete,existing_business,high,0.0
case_0730,review_in_progress,2024-01-22 09:00:00-05:00,reviewer_003,complete,existing_business,high,25.25
case_0730,request_additional_info,2024-01-29 09:00:00-05:00,,complete,existing_business,high,0.0
case_0730,applicant_provided_info,2024-02-01 09:00:00-05:00,,complete,existing_business,high,0.0
case_0730,review_in_progress,2024-02-05 09:00:00-05:00,reviewer_002,complete,existing_business,high,29.73
case_0730,health_inspection,2024-02-08 09:00:00-05:00,inspector_002,complete,existing_business,high,38.15
case_0730,approved,2024-02-20 09:00:00-05:00,,complete,existing_business,high,0.0
case_0731,submitted,2024-01-02 09:00:00-05:00,,complete,existing_business,normal,0.0
case_0731,intake_validation,2024-01-04 09:00:00-05:00,clerk_002,complete,existing_business,normal,87.07
case_0731,assigned_to_reviewer,2024-01-08 09:00:00-05:00,,complete,existing_business,normal,0.0
case_0731,review_in_progress,2024-01-08 09:21:19.001263-05:00,reviewer_002,complete,existing_business,normal,50.36
case_0731,health_inspection,2024-01-11 09:00:00-05:00,inspector_003,complete,existing_business,normal,20.84
case_0731,approved,2024-01-16 09:00:00-05:00,,complete,existing_business,normal,0.0
case_0732,submitted,2024-01-02 09:00:00-05:00,,complete,renewal,normal,0.0
case_0732,intake_validation,2024-01-03 09:32:38.162616-05:00,clerk_002,complete,renewal,normal,69.31
case_0732,assigned_to_reviewer,2024-01-08 09:00:00-05:00,,complete,renewal,normal,0.0
case_0732,review_in_progress,2024-01-08 09:16:41.224642-05:00,reviewer_002,complete,renewal,normal,28.5
case_0732,request_additional_info,2024-01-12 09:00:00-05:00,,complete,renewal,normal,0.0
case_0732,applicant_provided_info,2024-01-17 09:00:00-05:00,,complete,renewal,normal,0.0
case_0732,review_in_progress,2024-01-22 09:00:00-05:00,reviewer_004,complete,renewal,normal,43.14
case_0732,health_inspection,2024-01-29 09:00:00-05:00,inspector_003,complete,renewal,normal,66.4
case_0732,approved,2024-02-05 09:00:00-05:00,,complete,renewal,normal,0.0
case_0733,submitted,2024-01-02 09:00:00-05:00,,complete,renewal,low,0.0
case_0733,intake_validation,2024-01-03 11:55:28.750504-05:00,clerk_002,complete,renewal,low,87.76
case_0733,assigned_to_reviewer,2024-01-08 09:00:00-05:00,,complete,renewal,low,0.0
case_0733,review_in_progress,2024-01-08 09:13:22.618230-05:00,reviewer_002,complete,renewal,low,52.48
case_0733,health_inspection,2024-01-12 09:00:00-05:00,inspector_001,complete,renewal,low,22.47
case_0733,approved,2024-01-18 09:00:00-05:00,,complete,renewal,low,0.0
case_0734,submitted,2024-01-02 09:00:00-05:00,,complete,renewal,normal,0.0
case_0734,intake_validation,2024-01-03 16:11:02.704676-05:00,clerk_001,complete,renewal,normal,44.55
case_0734,assigned_to_reviewer,2024-01-04 13:43:00.665921-05:00,,complete,renewal,normal,0.0
case_0734,review_in_progress,2024-01-04 14:07:53.971548-05:00,reviewer_002,complete,renewal,normal,22.8
case_0734,health_inspection,2024-01-08 09:00:00-05:00,inspector_002,complete,renewal,normal,69.23
case_0734,approved,2024-01-16 09:00:00-05:00,,complete,renewal,normal,0.0
case_0735,submitted,2024-01-02 09:00:00-05:00,,complete,existing_business,normal,0.0
case_0735,intake_validation,2024-01-04 09:00:00-05:00,clerk_003,complete,existing_business,normal,58.66
case_0735,assigned_to_reviewer,2024-01-08 09:00:00-05:00,,complete,existing_business,normal,0.0
case_0735,review_in_progress,2024-01-08 09:11:54.686770-05:00,reviewer_004,complete,existing_business,normal,36.65
case_0735,health_inspection,2024-01-16 09:00:00-05:00,inspector_001,complete,existing_business,normal,32.46
case_0735,approved,2024-01-18 09:00:00-05:00,,complete,existing_business,normal,0.0
case_0736,submitted,2024-01-02 09:00:00-05:00,,complete,new_business,low,0.0
case_0736,intake_validation,2024-01-04 09:00:00-05:00,clerk_002,complete,new_business,low,75.22
case_0736,assigned_to_reviewer,2024-01-08 09:00:00-05:00,,complete,new_business,low,0.0
case_0736,review_in_progress,2024-01-08 09:16:07.426861-05:00,reviewer_002,complete,new_business,low,83.22
case_0736,health_inspection,2024-01-12 11:01:36.482033-05:00,inspector_001,complete,new_business,low,50.98
case_0736,approved,2024-01-16 09:00:00-05:00,,complete,new_business,low,0.0
case_0737,submitted,2024-01-02 09:00:00-05:00,,complete,renewal,low,0.0
case_0737,intake_validation,2024-01-04 09:00:00-05:00,clerk_002,complete,renewal,low,55.21
case_0737,assigned_to_reviewer,2024-01-08 09:00:00-05:00,,complete,renewal,low,0.0
case_0737,review_in_progress,2024-01-08 09:12:22.465411-05:00,reviewer_004,complete,renewal,low,67.83
case_0737,health_inspection,2024-01-11 09:00:00-05:00,inspector_001,complete,renewal,low,51.92
case_0737,approved,2024-01-16 09:00:00-05:00,,complete,renewal,low,0.0
case_0738,submitted,2024-01-02 09:00:00-05:00,,complete,new_business,normal,0.0
case_0738,intake_validation,2024-01-04 09:00:00-05:00,clerk_002,complete,new_business,normal,49.76
case_0738,assigned_to_reviewer,2024-01-08 09:00:00-05:00,,complete,new_business,normal,0.0
case_0738,review_in_progress,2024-01-08 09:25:03.715577-05:00,reviewer_003,complete,new_business,normal,45.95
case_0738,request_additional_info,2024-01-12 09:00:00-05:00,,complete,new_business,normal,0.0
case_0738,withdrawn,2024-01-19 09:00:00-05:00,,complete,new_business,normal,0.0
case_0739,submitted,2024-01-02 09:00:00-05:00,,complete,new_business,normal,0.0
case_0739,intake_validation,2024-01-03 13:10:07.714645-05:00,clerk_003,complete,new_business,normal,47.93
case_0739,assigned_to_reviewer,2024-01-05 09:00:00-05:00,,complete,new_business,normal,0.0
case_0739,review_in_progress,2024-01-05 09:12:28.256287-05:00,reviewer_004,complete,new_business,normal,67.93
case_0739,health_inspection,2024-01-10 14:10:06.164432-05:00,inspector_003,complete,new_business,normal,65.19
case_0739,approved,2024-01-12 09:43:16.995069-05:00,,complete,new_business,normal,0.0
case_0740,submitted,2024-01-02 09:00:00-05:00,,complete,renewal,low,0.0
case_0740,intake_validation,2024-01-04 09:00:00-05:00,clerk_003,complete,renewal,low,56.1
case_0740,assigned_to_reviewer,2024-01-08 09:00:00-05:00,,complete,renewal,low,0.0
case_0740,review_in_progress,2024-01-08 09:24:22.559919-05:00,reviewer_002,complete,renewal,low,25.5
case_0740,health_inspection,2024-01-12 09:00:00-05:00,inspector_001,complete,renewal,low,31.1
case_0740,rejected,2024-01-16 09:00:00-05:00,,complete,renewal,low,0.0
case_0741,submitted,2024-01-02 09:00:00-05:00,,complete,existing_business,normal,0.0
case_0741,intake_validation,2024-01-04 09:00:00-05:00,clerk_003,complete,existing_business,normal,50.78
case_0741,assigned_to_reviewer,2024-01-05 13:31:33.845858-05:00,,complete,existing_business,normal,0.0
case_0741,review_in_progress,2024-01-05 13:52:30.517525-05:00,reviewer_004,complete,existing_business,normal,59.83
case_0741,health_inspection,2024-01-11 09:00:00-05:00,inspector_001,complete,existing_business,normal,76.27
case_0741,approved,2024-01-16 09:00:00-05:00,,complete,existing_business,normal,0.0
case_0742,submitted,2024-01-02 09:00:00-05:00,,complete,existing_business,normal,0.0
case_0742,intake_validation,2024-01-03 13:05:21.323402-05:00,clerk_003,complete,existing_business,normal,31.57
case_0742,rejected,2024-01-05 09:00:00-05:00,,complete,existing_business,normal,0.0
case_0743,submitted,2024-01-02 09:00:00-05:00,,complete,new_business,low,0.0
case_0743,intake_validation,2024-01-04 09:00:00-05:00,clerk_003,complete,new_business,low,34.51
case_0743,assigned_to_reviewer,2024-01-08 09:00:00-05:00,,complete,new_business,low,0.0
case_0743,review_in_progress,2024-01-08 09:14:54.573237-05:00,reviewer_004,complete,new_business,low,46.73
case_0743,health_inspection,2024-01-12 09:00:00-05:00,inspector_002,complete,new_business,low,45.88
case_0743,approved,2024-01-16 09:00:00-05:00,,complete,new_business,low,0.0
case_0744,submitted,2024-01-02 09:00:00-05:00,,complete,renewal,normal,0.0
case_0744,intake_validation,2024-01-04 09:00:00-05:00,clerk_003,complete,renewal,normal,63.02
case_0744,assigned_to_reviewer,2024-01-08 09:00:00-05:00,,complete,renewal,normal,0.0
case_0744,review_in_progress,2024-01-08 09:17:54.252840-05:00,reviewer_001,complete,renewal,normal,35.34
case_0744,request_additional_info,2024-01-10 09:00:00-05:00,,complete,renewal,normal,0.0
case_0744,applicant_provided_info,2024-01-16 09:00:00-05:00,,complete,renewal,normal,0.0
case_0744,review_in_progress,2024-01-19 09:00:00-05:00,reviewer_004,complete,renewal,normal,59.3
case_0744,request_additional_info,2024-01-23 09:00:00-05:00,,complete,renewal,normal,0.0
case_0744,applicant_provided_info,2024-01-25 15:58:34.181093-05:00,,complete,renewal,normal,0.0
case_0744,review_in_progress,2024-01-29 09:00:00-05:00,reviewer_003,complete,renewal,normal,53.13
case_0744,health_inspection,2024-02-01 09:00:00-05:00,inspector_001,complete,renewal,normal,28.39
case_0744,approved,2024-02-05 09:00:00-05:00,,complete,renewal,normal,0.0
case_0745,submitted,2024-01-02 09:00:00-05:00,,complete,new_business,normal,0.0
case_0745,intake_validation,2024-01-04 09:00:00-05:00,clerk_001,complete,new_business,normal,35.4
case_0745,assigned_to_reviewer,2024-01-08 09:00:00-05:00,,complete,new_business,normal,0.0
case_0745,review_in_progress,2024-01-08 09:08:17.922755-05:00,reviewer_002,complete,new_business,normal,61.56
case_0745,request_additional_info,2024-01-11 09:00:00-05:00,,complete,new_business,normal,0.0
case_0745,applicant_provided_info,2024-01-16 09:00:00-05:00,,complete,new_business,normal,0.0
case_0745,review_in_progress,2024-01-18 09:49:50.069739-05:00,reviewer_001,complete,new_business,normal,12.8
case_0745,health_inspection,2024-01-22 09:00:00-05:00,inspector_001,complete,new_business,normal,18.88
case_0745,approved,2024-01-29 09:00:00-05:00,,complete,new_business,normal,0.0
case_0746,submitted,2024-01-02 09:00:00-05:00,,complete,new_business,high,0.0
case_0746,intake_validation,2024-01-04 09:00:00-05:00,clerk_003,complete,new_business,high,48.18
case_0746,assigned_to_reviewer,2024-01-08 09:00:00-05:00,,complete,new_business,high,0.0
case_0746,review_in_progress,2024-01-08 09:10:00.744777-05:00,reviewer_004,complete,new_business,high,48.34
case_0746,health_inspection,2024-01-11 09:00:00-05:00,inspector_003,complete,new_business,high,50.27
case_0746,approved,2024-01-17 09:00:00-05:00,,complete,new_business,high,0.0
case_0747,submitted,2024-01-02 09:00:00-05:00,,complete,new_business,high,0.0
case_0747,intake_validation,2024-01-03 12:27:41.013138-05:00,clerk_001,complete,new_business,high,44.28
case_0747,assigned_to_reviewer,2024-01-05 09:00:00-05:00,,complete,new_business,high,0.0
case_0747,review_in_progress,2024-01-05 09:23:34.898471-05:00,reviewer_003,complete,new_business,high,58.72
case_0747,request_additional_info,2024-01-09 09:00:00-05:00,,complete,new_business,high,0.0
case_0747,applicant_provided_info,2024-01-16 09:00:00-05:00,,complete,new_business,high,0.0
case_0747,review_in_progress,2024-01-18 13:19:37.446870-05:00,reviewer_002,complete,new_business,high,58.83
case_0747,request_additional_info,2024-01-22 09:00:00-05:00,,complete,new_business,high,0.0
case_0747,applicant_provided_info,2024-01-26 09:00:00-05:00,,complete,new_business,high,0.0
case_0747,review_in_progress,2024-01-29 09:00:00-05:00,reviewer_003,complete,new_business,high,69.59
case_0747,health_inspection,2024-01-31 10:44:08.389950-05:00,inspector_003,complete,new_business,high,56.59
case_0747,approved,2024-02-05 09:00:00-05:00,,complete,new_business,high,0.0
case_0748,submitted,2024-01-02 09:00:00-05:00,,complete,new_business,normal,0.0
case_0748,intake_validation,2024-01-04 09:00:00-05:00,clerk_003,complete,new_business,normal,37.48
case_0748,assigned_to_reviewer,2024-01-05 13:21:50.767870-05:00,,complete,new_business,normal,0.0
case_0748,review_in_progress,2024-01-05 13:37:33.396786-05:00,reviewer_002,complete,new_business,normal,35.43
case_0748,health_inspection,2024-01-10 09:00:00-05:00,inspector_003,complete,new_business,normal,38.46
case_0748,approved,2024-01-17 09:00:00-05:00,,complete,new_business,normal,0.0
case_0749,submitted,2024-01-02 09:00:00-05:00,,complete,renewal,high,0.0
case_0749,intake_validation,2024-01-04 09:00:00-05:00,clerk_002,complete,renewal,high,74.67
case_0749,assigned_to_reviewer,2024-01-08 09:00:00-05:00,,complete,renewal,high,0.0
case_0749,review_in_progress,2024-01-08 09:29:26.477790-05:00,reviewer_001,complete,renewal,high,53.69
case_0749,health_inspection,2024-01-10 11:27:32.137598-05:00,inspector_002,complete,renewal,high,64.68
case_0749,rejected,2024-01-18 09:00:00-05:00,,complete,renewal,high,0.0
case_0750,submitted,2024-01-02 09:00:00-05:00,,complete,new_business,high,0.0
case_0750,intake_validation,2024-01-04 09:00:00-05:00,clerk_001,complete,new_business,high,54.13
case_0750,assigned_to_reviewer,2024-01-05 11:18:48.758391-05:00,,complete,new_business,high,0.0
case_0750,review_in_progress,2024-01-05 11:37:46.837103-05:00,reviewer_002,complete,new_business,high,53.98
case_0750,request_additional_info,2024-01-08 13:33:14.012520-05:00,,complete,new_business,high,0.0
case_0750,applicant_provided_info,2024-01-12 09:00:00-05:00,,complete,new_business,high,0.0
case_0750,review_in_progress,2024-01-16 09:00:00-05:00,reviewer_001,complete,new_business,high,48.55
case_0750,request_additional_info,2024-01-18 09:00:00-05:00,,complete,new_business,high,0.0
case_0750,withdrawn,2024-01-22 09:00:00-05:00,,complete,new_business,high,0.0
case_0751,submitted,2024-01-02 09:00:00-05:00,,complete,renewal,low,0.0
case_0751,intake_validation,2024-01-03 09:02:08.744023-05:00,clerk_001,complete,renewal,low,52.66
case_0751,assigned_to_reviewer,2024-01-05 09:00:00-05:00,,complete,renewal,low,0.0
case_0751,review_in_progress,2024-01-05 09:23:08.616857-05:00,reviewer_002,complete,renewal,low,51.07
case_0751,health_inspection,2024-01-08 09:00:00-05:00,inspector_002,complete,renewal,low,60.03
case_0751,approved,2024-01-10 12:51:26.437010-05:00,,complete,renewal,low,0.0
case_0752,submitted,2024-01-02 09:00:00-05:00,,complete,renewal,high,0.0
case_0752,intake_validation,2024-01-04 09:00:00-05:00,clerk_002,complete,renewal,high,10.0
case_0752,assigned_to_reviewer,2024-01-08 09:00:00-05:00,,complete,renewal,high,0.0
case_0752,review_in_progress,2024-01-08 09:28:24.699080-05:00,reviewer_003,complete,renewal,high,24.67
case_0752,request_additional_info,2024-01-12 13:47:59.773806-05:00,,complete,renewal,high,0.0
case_0752,applicant_provided_info,2024-01-16 09:00:00-05:00,,complete,renewal,high,0.0
case_0752,review_in_progress,2024-01-19 09:00:00-05:00,reviewer_004,complete,renewal,high,44.85
case_0752,request_additional_info,2024-01-25 09:00:00-05:00,,complete,renewal,high,0.0
case_0752,applicant_provided_info,2024-01-29 15:51:22.667038-05:00,,complete,renewal,high,0.0
case_0752,review_in_progress,2024-02-01 09:00:00-05:00,reviewer_001,complete,renewal,high,74.3
case_0752,request_additional_info,2024-02-05 09:00:00-05:00,,complete,renewal,high,0.0
case_0752,applicant_provided_info,2024-02-08 09:00:00-05:00,,complete,renewal,high,0.0
case_0752,review_in_progress,2024-02-12 09:00:00-05:00,reviewer_004,complete,renewal,high,36.91
case_0752,request_additional_info,2024-02-14 15:32:23.773147-05:00,,complete,renewal,high,0.0
case_0752,applicant_provided_info,2024-02-20 09:00:00-05:00,,complete,renewal,high,0.0
case_0752,review_in_progress,2024-02-23 09:00:00-05:00,reviewer_002,complete,renewal,high,24.69
case_0752,health_inspection,2024-02-29 16:42:34.019445-05:00,inspector_001,complete,renewal,high,49.8
case_0752,approved,2024-03-04 09:00:00-05:00,,complete,renewal,high,0.0
case_0753,submitted,2024-01-02 09:00:00-05:00,,complete,new_business,normal,0.0
case_0753,intake_validation,2024-01-04 09:00:00-05:00,clerk_001,complete,new_business,normal,69.23
case_0753,assigned_to_reviewer,2024-01-05 14:03:03.584633-05:00,,complete,new_business,normal,0.0
case_0753,review_in_progress,2024-01-05 14:29:46.636102-05:00,reviewer_001,complete,new_business,normal,42.87
case_0753,health_inspection,2024-01-08 09:00:00-05:00,inspector_003,complete,new_business,normal,45.05
case_0753,approved,2024-01-16 09:00:00-05:00,,complete,new_business,normal,0.0
case_0754,submitted,2024-01-02 09:00:00-05:00,,complete,existing_business,high,0.0
case_0754,intake_validation,2024-01-04 09:00:00-05:00,clerk_003,complete,existing_business,high,23.11
case_0754,assigned_to_reviewer,2024-01-08 09:00:00-05:00,,complete,existing_business,high,0.0
case_0754,review_in_progress,2024-01-08 09:09:22.663315-05:00,reviewer_002,complete,existing_business,high,60.58
case_0754,health_inspection,2024-01-12 09:00:00-05:00,inspector_003,complete,existing_business,high,54.98
case_0754,approved,2024-01-17 09:00:00-05:00,,complete,existing_business,high,0.0
case_0755,submitted,2024-01-02 09:00:00-05:00,,complete,renewal,normal,0.0
case_0755,intake_validation,2024-01-03 09:25:03.087407-05:00,clerk_001,complete,renewal,normal,71.35
case_0755,assigned_to_reviewer,2024-01-08 09:00:00-05:00,,complete,renewal,normal,0.0
case_0755,review_in_progress,2024-01-08 09:19:10.490954-05:00,reviewer_004,complete,renewal,normal,64.45
case_0755,health_inspection,2024-01-16 09:00:00-05:00,inspector_002,complete,renewal,normal,72.06
case_0755,approved,2024-01-24 09:00:00-05:00,,complete,renewal,normal,0.0
case_0756,submitted,2024-01-02 09:00:00-05:00,,complete,new_business,low,0.0
case_0756,intake_validation,2024-01-04 09:00:00-05:00,clerk_001,complete,new_business,low,52.49
case_0756,assigned_to_reviewer,2024-01-08 09:00:00-05:00,,complete,new_business,low,0.0
case_0756,review_in_progress,2024-01-08 09:06:42.659591-05:00,reviewer_004,complete,new_business,low,69.34
case_0756,request_additional_info,2024-01-11 09:00:00-05:00,,complete,new_business,low,0.0
case_0756,applicant_provided_info,2024-01-16 09:00:00-05:00,,complete,new_business,low,0.0
case_0756,review_in_progress,2024-01-18 12:00:08.073683-05:00,reviewer_002,complete,new_business,low,88.42
case_0756,health_inspection,2024-01-23 09:00:00-05:00,inspector_002,complete,new_business,low,50.1
case_0756,rejected,2024-01-31 09:00:00-05:00,,complete,new_business,low,0.0
case_0757,submitted,2024-01-02 09:00:00-05:00,,complete,renewal,normal,0.0
case_0757,intake_validation,2024-01-04 09:00:00-05:00,clerk_001,complete,renewal,normal,39.31
case_0757,assigned_to_reviewer,2024-01-05 09:35:35.546493-05:00,,complete,renewal,normal,0.0
case_0757,review_in_progress,2024-01-05 10:02:02.614026-05:00,reviewer_004,complete,renewal,normal,70.66
case_0757,health_inspection,2024-01-08 09:23:28.543815-05:00,inspector_003,complete,renewal,normal,53.29
case_0757,approved,2024-01-16 09:00:00-05:00,,complete,renewal,normal,0.0
case_0758,submitted,2024-01-02 09:00:00-05:00,,complete,new_business,low,0.0
case_0758,intake_validation,2024-01-04 09:00:00-05:00,clerk_002,complete,new_business,low,42.3
case_0758,assigned_to_reviewer,2024-01-08 09:00:00-05:00,,complete,new_business,low,0.0
case_0758,review_in_progress,2024-01-08 09:09:01.753347-05:00,reviewer_004,complete,new_business,low,54.9
case_0758,health_inspection,2024-01-12 09:00:00-05:00,inspector_003,complete,new_business,low,45.73
case_0758,approved,2024-01-16 09:00:00-05:00,,complete,new_business,low,0.0
case_0759,submitted,2024-01-02 09:00:00-05:00,,complete,renewal,low,0.0
case_0759,intake_validation,2024-01-04 09:00:00-05:00,clerk_002,complete,renewal,low,35.78
case_0759,assigned_to_reviewer,2024-01-08 09:00:00-05:00,,complete,renewal,low,0.0
case_0759,review_in_progress,2024-01-08 09:26:33.013328-05:00,reviewer_003,complete,renewal,low,22.16
case_0759,request_additional_info,2024-01-12 09:08:04.880439-05:00,,complete,renewal,low,0.0
case_0759,applicant_provided_info,2024-01-16 09:00:00-05:00,,complete,renewal,low,0.0
case_0759,review_in_progress,2024-01-19 09:00:00-05:00,reviewer_002,complete,renewal,low,54.71
case_0759,health_inspection,2024-01-24 09:00:00-05:00,inspector_001,complete,renewal,low,52.77
case_0759,approved,2024-01-29 10:54:59.637077-05:00,,complete,renewal,low,0.0
case_0760,submitted,2024-01-02 09:00:00-05:00,,complete,new_business,normal,0.0
case_0760,intake_validation,2024-01-03 12:39:23.936772-05:00,clerk_001,complete,new_business,normal,79.84
case_0760,assigned_to_reviewer,2024-01-05 13:53:02.076543-05:00,,complete,new_business,normal,0.0
case_0760,review_in_progress,2024-01-05 14:16:45.163442-05:00,reviewer_002,complete,new_business,normal,41.78
case_0760,health_inspection,2024-01-16 09:00:00-05:00,inspector_001,complete,new_business,normal,45.82
case_0760,approved,2024-01-22 09:00:00-05:00,,complete,new_business,normal,0.0
case_0761,submitted,2024-01-02 09:00:00-05:00,,complete,new_business,normal,0.0
case_0761,intake_validation,2024-01-04 09:00:00-05:00,clerk_002,complete,new_business,normal,72.29
case_0761,assigned_to_reviewer,2024-01-08 09:00:00-05:00,,complete,new_business,normal,0.0
case_0761,review_in_progress,2024-01-08 09:24:56.095229-05:00,reviewer_004,complete,new_business,normal,50.35
case_0761,health_inspection,2024-01-16 09:00:00-05:00,inspector_001,complete,new_business,normal,55.9
case_0761,rejected,2024-01-22 12:27:03.606924-05:00,,complete,new_business,normal,0.0
case_0762,submitted,2024-01-02 09:00:00-05:00,,complete,renewal,high,0.0
case_0762,intake_validation,2024-01-04 09:00:00-05:00,clerk_001,complete,renewal,high,32.35
case_0762,assigned_to_reviewer,2024-01-08 09:00:00-05:00,,complete,renewal,high,0.0
case_0762,review_in_progress,2024-01-08 09:12:41.710883-05:00,reviewer_001,complete,renewal,high,54.92
case_0762,request_additional_info,2024-01-10 14:01:36.877829-05:00,,complete,renewal,high,0.0
case_0762,applicant_provided_info,2024-01-16 09:00:00-05:00,,complete,renewal,high,0.0
case_0762,review_in_progress,2024-01-19 09:00:00-05:00,reviewer_001,complete,renewal,high,44.29
case_0762,health_inspection,2024-01-22 10:00:41.957788-05:00,inspector_003,complete,renewal,high,51.58
case_0762,approved,2024-01-29 09:00:00-05:00,,complete,renewal,high,0.0
case_0763,submitted,2024-01-02 09:00:00-05:00,,complete,renewal,normal,0.0
case_0763,intake_validation,2024-01-03 10:11:16.683191-05:00,clerk_001,complete,renewal,normal,55.15
case_0763,assigned_to_reviewer,2024-01-05 15:49:06.175320-05:00,,complete,renewal,normal,0.0
case_0763,review_in_progress,2024-01-05 16:06:29.950497-05:00,reviewer_001,complete,renewal,normal,40.82
case_0763,request_additional_info,2024-01-08 09:00:00-05:00,,complete,renewal,normal,0.0
case_0763,applicant_provided_info,2024-01-12 09:00:00-05:00,,complete,renewal,normal,0.0
case_0763,review_in_progress,2024-01-16 09:00:00-05:00,reviewer_002,complete,renewal,normal,26.87
case_0763,request_additional_info,2024-01-24 09:00:00-05:00,,complete,renewal,normal,0.0
case_0763,applicant_provided_info,2024-01-29 11:27:32.323768-05:00,,complete,renewal,normal,0.0
case_0763,review_in_progress,2024-02-01 09:00:00-05:00,reviewer_002,complete,renewal,normal,67.65
case_0763,request_additional_info,2024-02-08 09:00:00-05:00,,complete,renewal,normal,0.0
case_0763,applicant_provided_info,2024-02-12 09:00:00-05:00,,complete,renewal,normal,0.0
case_0763,review_in_progress,2024-02-14 09:13:34.370560-05:00,reviewer_002,complete,renewal,normal,62.58
case_0763,health_inspection,2024-02-20 09:00:00-05:00,inspector_003,complete,renewal,normal,83.59
case_0763,approved,2024-02-26 09:00:00-05:00,,complete,renewal,normal,0.0
case_0764,submitted,2024-01-02 09:00:00-05:00,,complete,new_business,low,0.0
case_0764,intake_validation,2024-01-04 09:00:00-05:00,clerk_002,complete,new_business,low,54.81
case_0764,assigned_to_reviewer,2024-01-08 09:00:00-05:00,,complete,new_business,low,0.0
case_0764,review_in_progress,2024-01-08 09:06:39.586139-05:00,reviewer_001,complete,new_business,low,19.38
case_0764,request_additional_info,2024-01-10 09:00:00-05:00,,complete,new_business,low,0.0
case_0764,applicant_provided_info,2024-01-16 15:35:33.354302-05:00,,complete,new_business,low,0.0
case_0764,review_in_progress,2024-01-19 15:18:03.087544-05:00,reviewer_002,complete,new_business,low,22.81
case_0764,health_inspection,2024-01-22 13:04:16.540352-05:00,inspector_001,complete,new_business,low,35.21
case_0764,approved,2024-01-29 09:00:00-05:00,,complete,new_business,low,0.0
case_0765,submitted,2024-01-02 09:00:00-05:00,,complete,existing_business,normal,0.0
case_0765,intake_validation,2024-01-04 09:00:00-05:00,clerk_002,complete,existing_business,normal,55.07
case_0765,rejected,2024-01-08 09:00:00-05:00,,complete,existing_business,normal,0.0
case_0766,submitted,2024-01-02 09:00:00-05:00,,complete,new_business,normal,0.0
case_0766,intake_validation,2024-01-04 09:00:00-05:00,clerk_003,complete,new_business,normal,58.7
case_0766,assigned_to_reviewer,2024-01-08 09:00:00-05:00,,complete,new_business,normal,0.0
case_0766,review_in_progress,2024-01-08 09:29:50.372440-05:00,reviewer_004,complete,new_business,normal,48.0
case_0766,health_inspection,2024-01-12 16:40:08.217583-05:00,inspector_002,complete,new_business,normal,76.74
case_0766,approved,2024-01-19 09:00:00-05:00,,complete,new_business,normal,0.0
case_0767,submitted,2024-01-02 09:00:00-05:00,,complete,renewal,normal,0.0
case_0767,intake_validation,2024-01-04 09:00:00-05:00,clerk_003,complete,renewal,normal,53.36
case_0767,assigned_to_reviewer,2024-01-08 09:00:00-05:00,,complete,renewal,normal,0.0
case_0767,review_in_progress,2024-01-08 09:23:39.551827-05:00,reviewer_004,complete,renewal,normal,56.62
case_0767,health_inspection,2024-01-11 09:00:00-05:00,inspector_002,complete,renewal,normal,36.68
case_0767,approved,2024-01-22 09:00:00-05:00,,complete,renewal,normal,0.0
case_0768,submitted,2024-01-02 09:00:00-05:00,,complete,new_business,high,0.0
case_0768,intake_validation,2024-01-04 09:00:00-05:00,clerk_002,complete,new_business,high,28.09
case_0768,assigned_to_reviewer,2024-01-08 09:00:00-05:00,,complete,new_business,high,0.0
case_0768,review_in_progress,2024-01-08 09:18:04.880473-05:00,reviewer_001,complete,new_business,high,29.42
case_0768,request_additional_info,2024-01-12 09:00:00-05:00,,complete,new_business,high,0.0
case_0768,applicant_provided_info,2024-01-18 09:00:00-05:00,,complete,new_business,high,0.0
case_0768,review_in_progress,2024-01-22 09:00:00-05:00,reviewer_001,complete,new_business,high,46.1
case_0768,request_additional_info,2024-01-25 09:00:00-05:00,,complete,new_business,high,0.0
case_0768,applicant_provided_info,2024-01-29 16:12:25.663935-05:00,,complete,new_business,high,0.0
case_0768,review_in_progress,2024-02-01 09:00:00-05:00,reviewer_002,complete,new_business,high,54.25
case_0768,request_additional_info,2024-02-08 09:00:00-05:00,,complete,new_business,high,0.0
case_0768,applicant_provided_info,2024-02-12 09:00:00-05:00,,complete,new_business,high,0.0
case_0768,review_in_progress,2024-02-14 11:14:36.015260-05:00,reviewer_004,complete,new_business,high,58.81
case_0768,health_inspection,2024-02-20 09:00:00-05:00,inspector_002,complete,new_business,high,41.77
case_0768,approved,2024-02-28 09:00:00-05:00,,complete,new_business,high,0.0
case_0769,submitted,2024-01-02 09:00:00-05:00,,complete,new_business,normal,0.0
case_0769,intake_validation,2024-01-04 09:00:00-05:00,clerk_003,complete,new_business,normal,64.44
case_0769,assigned_to_reviewer,2024-01-05 12:39:55.012114-05:00,,complete,new_business,normal,0.0
case_0769,review_in_progress,2024-01-05 13:05:17.351318-05:00,reviewer_003,complete,new_business,normal,62.12
case_0769,health_inspection,2024-01-10 09:00:00-05:00,inspector_002,complete,new_business,normal,66.58
case_0769,approved,2024-01-17 09:00:00-05:00,,complete,new_business,normal,0.0
case_0770,submitted,2024-01-02 09:00:00-05:00,,complete,new_business,normal,0.0
case_0770,intake_validation,2024-01-03 12:41:03.115859-05:00,clerk_002,complete,new_business,normal,74.32
case_0770,assigned_to_reviewer,2024-01-08 09:00:00-05:00,,complete,new_business,normal,0.0
case_0770,review_in_progress,2024-01-08 09:16:08.906162-05:00,reviewer_001,complete,new_business,normal,39.83
case_0770,request_additional_info,2024-01-10 09:00:00-05:00,,complete,new_business,normal,0.0
case_0770,applicant_provided_info,2024-01-16 09:00:00-05:00,,complete,new_business,normal,0.0
case_0770,review_in_progress,2024-01-19 09:00:00-05:00,reviewer_002,complete,new_business,normal,62.6
case_0770,health_inspection,2024-01-29 09:00:00-05:00,inspector_003,complete,new_business,normal,53.62
case_0770,approved,2024-02-01 09:00:00-05:00,,complete,new_business,normal,0.0
case_0771,submitted,2024-01-02 09:00:00-05:00,,complete,renewal,normal,0.0
case_0771,intake_validation,2024-01-04 09:00:00-05:00,clerk_002,complete,renewal,normal,66.94
case_0771,assigned_to_reviewer,2024-01-08 09:00:00-05:00,,complete,renewal,normal,0.0
case_0771,review_in_progress,2024-01-08 09:19:30.176384-05:00,reviewer_004,complete,renewal,normal,35.52
case_0771,health_inspection,2024-01-16 09:00:00-05:00,inspector_002,complete,renewal,normal,61.32
case_0771,approved,2024-01-22 09:00:00-05:00,,complete,renewal,normal,0.0
case_0772,submitted,2024-01-02 09:00:00-05:00,,complete,existing_business,low,0.0
case_0772,intake_validation,2024-01-04 09:00:00-05:00,clerk_002,complete,existing_business,low,75.94
case_0772,assigned_to_reviewer,2024-01-08 09:00:00-05:00,,complete,existing_business,low,0.0
case_0772,review_in_progress,2024-01-08 09:29:12.328991-05:00,reviewer_002,complete,existing_business,low,61.73
case_0772,health_inspection,2024-01-12 09:00:00-05:00,inspector_002,complete,existing_business,low,45.02
case_0772,approved,2024-01-18 09:00:00-05:00,,complete,existing_business,low,0.0
case_0773,submitted,2024-01-02 09:00:00-05:00,,complete,renewal,normal,0.0
case_0773,intake_validation,2024-01-04 09:00:00-05:00,clerk_002,complete,renewal,normal,21.92
case_0773,assigned_to_reviewer,2024-01-08 09:00:00-05:00,,complete,renewal,normal,0.0
case_0773,review_in_progress,2024-01-08 09:24:39.485917-05:00,reviewer_002,complete,renewal,normal,68.07
case_0773,health_inspection,2024-01-16 09:00:00-05:00,inspector_002,complete,renewal,normal,52.91
case_0773,approved,2024-01-24 09:00:00-05:00,,complete,renewal,normal,0.0
case_0774,submitted,2024-01-02 09:00:00-05:00,,complete,new_business,normal,0.0
case_0774,intake_validation,2024-01-03 09:12:43.306462-05:00,clerk_002,complete,new_business,normal,42.86
case_0774,assigned_to_reviewer,2024-01-08 09:00:00-05:00,,complete,new_business,normal,0.0
case_0774,review_in_progress,2024-01-08 09:17:59.728493-05:00,reviewer_002,complete,new_business,normal,64.77
case_0774,request_additional_info,2024-01-12 09:00:00-05:00,,complete,new_business,normal,0.0
case_0774,applicant_provided_info,2024-01-16 09:00:00-05:00,,complete,new_business,normal,0.0
case_0774,review_in_progress,2024-01-19 09:00:00-05:00,reviewer_001,complete,new_business,normal,53.78
case_0774,health_inspection,2024-01-22 12:27:42.604314-05:00,inspector_001,complete,new_business,normal,64.75
case_0774,approved,2024-01-24 12:49:16.573271-05:00,,complete,new_business,normal,0.0
case_0775,submitted,2024-01-02 09:00:00-05:00,,complete,renewal,normal,0.0
case_0775,intake_validation,2024-01-04 09:00:00-05:00,clerk_002,complete,renewal,normal,19.07
case_0775,assigned_to_reviewer,2024-01-05 16:25:21.376766-05:00,,complete,renewal,normal,0.0
case_0775,review_in_progress,2024-01-05 16:35:08.341823-05:00,reviewer_002,complete,renewal,normal,25.46
case_0775,health_inspection,2024-01-10 09:00:00-05:00,inspector_002,complete,renewal,normal,59.13
case_0775,approved,2024-01-12 11:12:25.830762-05:00,,complete,renewal,normal,0.0
case_0776,submitted,2024-01-02 09:00:00-05:00,,complete,new_business,high,0.0
case_0776,intake_validation,2024-01-03 09:42:36.401116-05:00,clerk_002,complete,new_business,high,51.88
case_0776,assigned_to_reviewer,2024-01-08 09:00:00-05:00,,complete,new_business,high,0.0
case_0776,review_in_progress,2024-01-08 09:08:17.743717-05:00,reviewer_002,complete,new_business,high,44.85
case_0776,health_inspection,2024-01-16 09:00:00-05:00,inspector_003,complete,new_business,high,39.31
case_0776,approved,2024-01-22 09:00:00-05:00,,complete,new_business,high,0.0
case_0777,submitted,2024-01-02 09:00:00-05:00,,complete,new_business,high,0.0
case_0777,intake_validation,2024-01-04 09:00:00-05:00,clerk_003,complete,new_business,high,67.41
case_0777,assigned_to_reviewer,2024-01-08 09:00:00-05:00,,complete,new_business,high,0.0
case_0777,review_in_progress,2024-01-08 09:10:26.039498-05:00,reviewer_001,complete,new_business,high,35.26
case_0777,health_inspection,2024-01-11 15:59:52.425108-05:00,inspector_001,complete,new_business,high,53.17
case_0777,rejected,2024-01-16 09:00:00-05:00,,complete,new_business,high,0.0
case_0778,submitted,2024-01-02 09:00:00-05:00,,complete,new_business,low,0.0
case_0778,intake_validation,2024-01-04 09:00:00-05:00,clerk_003,complete,new_business,low,41.73
case_0778,assigned_to_reviewer,2024-01-08 09:00:00-05:00,,complete,new_business,low,0.0
case_0778,review_in_progress,2024-01-08 09:20:46.726410-05:00,reviewer_004,complete,new_business,low,39.44
case_0778,health_inspection,2024-01-11 09:00:00-05:00,inspector_003,complete,new_business,low,70.7
case_0778,approved,2024-01-18 09:00:00-05:00,,complete,new_business,low,0.0
case_0779,submitted,2024-01-02 09:00:00-05:00,,complete,new_business,high,0.0
case_0779,intake_validation,2024-01-04 09:00:00-05:00,clerk_001,complete,new_business,high,69.07
case_0779,assigned_to_reviewer,2024-01-08 09:00:00-05:00,,complete,new_business,high,0.0
case_0779,review_in_progress,2024-01-08 09:16:04.485073-05:00,reviewer_002,complete,new_business,high,46.97
case_0779,health_inspection,2024-01-12 10:02:23.546156-05:00,inspector_001,complete,new_business,high,69.77
case_0779,approved,2024-01-16 09:00:00-05:00,,complete,new_business,high,0.0
case_0780,submitted,2024-01-02 09:00:00-05:00,,complete,existing_business,normal,0.0
case_0780,intake_validation,2024-01-04 09:00:00-05:00,clerk_001,complete,existing_business,normal,47.15
case_0780,assigned_to_reviewer,2024-01-08 09:00:00-05:00,,complete,existing_business,normal,0.0
case_0780,review_in_progress,2024-01-08 09:26:18.942041-05:00,reviewer_001,complete,existing_business,normal,73.71
case_0780,request_additional_info,2024-01-10 09:00:00-05:00,,complete,existing_business,normal,0.0
case_0780,applicant_provided_info,2024-01-16 09:00:00-05:00,,complete,existing_business,normal,0.0
case_0780,review_in_progress,2024-01-19 09:00:00-05:00,reviewer_004,complete,existing_business,normal,51.53
case_0780,health_inspection,2024-01-25 09:00:00-05:00,inspector_001,complete,existing_business,normal,48.89
case_0780,rejected,2024-01-26 09:38:59.216518-05:00,,complete,existing_business,normal,0.0
case_0781,submitted,2024-01-02 09:00:00-05:00,,complete,new_business,low,0.0
case_0781,intake_validation,2024-01-03 09:09:26.830775-05:00,clerk_002,complete,new_business,low,69.52
case_0781,assigned_to_reviewer,2024-01-05 09:00:00-05:00,,complete,new_business,low,0.0
case_0781,review_in_progress,2024-01-05 09:25:19.719343-05:00,reviewer_004,complete,new_business,low,73.58
case_0781,health_inspection,2024-01-08 09:00:00-05:00,inspector_003,complete,new_business,low,70.4
case_0781,approved,2024-01-16 09:00:00-05:00,,complete,new_business,low,0.0
case_0782,submitted,2024-01-02 09:00:00-05:00,,complete,existing_business,normal,0.0
case_0782,intake_validation,2024-01-04 09:00:00-05:00,clerk_001,complete,existing_business,normal,51.58
case_0782,assigned_to_reviewer,2024-01-05 11:19:04.875377-05:00,,complete,existing_business,normal,0.0
case_0782,review_in_progress,2024-01-05 11:28:59.899764-05:00,reviewer_001,complete,existing_business,normal,40.31
case_0782,request_additional_info,2024-01-08 09:00:00-05:00,,complete,existing_business,normal,0.0
case_0782,applicant_provided_info,2024-01-12 14:31:28.840341-05:00,,complete,existing_business,normal,0.0
case_0782,review_in_progress,2024-01-16 09:00:00-05:00,reviewer_004,complete,existing_business,normal,50.11
case_0782,request_additional_info,2024-01-22 09:00:00-05:00,,complete,existing_business,normal,0.0
case_0782,applicant_provided_info,2024-01-29 09:00:00-05:00,,complete,existing_business,normal,0.0
case_0782,review_in_progress,2024-02-01 09:00:00-05:00,reviewer_003,complete,existing_business,normal,43.47
case_0782,health_inspection,2024-02-06 09:00:00-05:00,inspector_002,complete,existing_business,normal,55.51
case_0782,approved,2024-02-12 09:00:00-05:00,,complete,existing_business,normal,0.0
case_0783,submitted,2024-01-02 09:00:00-05:00,,complete,existing_business,normal,0.0
case_0783,intake_validation,2024-01-04 09:00:00-05:00,clerk_002,complete,existing_business,normal,66.28
case_0783,assigned_to_reviewer,2024-01-08 09:00:00-05:00,,complete,existing_business,normal,0.0
case_0783,review_in_progress,2024-01-08 09:08:20.816033-05:00,reviewer_002,complete,existing_business,normal,59.61
case_0783,health_inspection,2024-01-12 16:29:00.957844-05:00,inspector_003,complete,existing_business,normal,54.97
case_0783,approved,2024-01-19 09:00:00-05:00,,complete,existing_business,normal,0.0
case_0784,submitted,2024-01-02 09:00:00-05:00,,complete,renewal,normal,0.0
case_0784,intake_validation,2024-01-03 15:02:41.958250-05:00,clerk_003,complete,renewal,normal,40.48
case_0784,assigned_to_reviewer,2024-01-05 11:28:46.969000-05:00,,complete,renewal,normal,0.0
case_0784,review_in_progress,2024-01-05 11:35:25.056572-05:00,reviewer_001,complete,renewal,normal,19.93
case_0784,health_inspection,2024-01-08 10:48:46.608948-05:00,inspector_003,complete,renewal,normal,48.75
case_0784,approved,2024-01-16 09:00:00-05:00,,complete,renewal,normal,0.0
case_0785,submitted,2024-01-02 09:00:00-05:00,,complete,new_business,normal,0.0
case_0785,intake_validation,2024-01-03 15:30:06.259338-05:00,clerk_001,complete,new_business,normal,59.69
case_0785,assigned_to_reviewer,2024-01-05 09:00:00-05:00,,complete,new_business,normal,0.0
case_0785,review_in_progress,2024-01-05 09:26:11.495351-05:00,reviewer_002,complete,new_business,normal,64.48
case_0785,health_inspection,2024-01-09 09:00:00-05:00,inspector_002,complete,new_business,normal,41.72
case_0785,approved,2024-01-17 09:00:00-05:00,,complete,new_business,normal,0.0
case_0786,submitted,2024-01-02 09:00:00-05:00,,complete,renewal,normal,0.0
case_0786,intake_validation,2024-01-03 15:06:17.770232-05:00,clerk_001,complete,renewal,normal,74.15
case_0786,assigned_to_reviewer,2024-01-05 09:58:33.918469-05:00,,complete,renewal,normal,0.0
case_0786,review_in_progress,2024-01-05 10:11:49.534477-05:00,reviewer_002,complete,renewal,normal,38.96
case_0786,request_additional_info,2024-01-10 09:00:00-05:00,,complete,renewal,normal,0.0
case_0786,applicant_provided_info,2024-01-12 13:33:05.381264-05:00,,complete,renewal,normal,0.0
case_0786,review_in_progress,2024-01-16 09:00:00-05:00,reviewer_003,complete,renewal,normal,36.9
case_0786,health_inspection,2024-01-19 10:46:25.419957-05:00,inspector_002,complete,renewal,normal,44.98
case_0786,rejected,2024-01-26 10:49:19.585630-05:00,,complete,renewal,normal,0.0
case_0787,submitted,2024-01-02 09:00:00-05:00,,complete,new_business,high,0.0
case_0787,intake_validation,2024-01-04 09:00:00-05:00,clerk_002,complete,new_business,high,22.3
case_0787,assigned_to_reviewer,2024-01-08 09:00:00-05:00,,complete,new_business,high,0.0
case_0787,review_in_progress,2024-01-08 09:16:29.630088-05:00,reviewer_001,complete,new_business,high,44.64
case_0787,health_inspection,2024-01-11 09:00:00-05:00,inspector_002,complete,new_business,high,64.03
case_0787,approved,2024-01-16 09:00:00-05:00,,complete,new_business,high,0.0
case_0788,submitted,2024-01-02 09:00:00-05:00,,complete,renewal,high,0.0
case_0788,intake_validation,2024-01-03 10:55:25.227719-05:00,clerk_001,complete,renewal,high,64.09
case_0788,assigned_to_reviewer,2024-01-04 11:25:45.887134-05:00,,complete,renewal,high,0.0
case_0788,review_in_progress,2024-01-04 11:49:53.061197-05:00,reviewer_002,complete,renewal,high,59.92
case_0788,health_inspection,2024-01-09 11:02:20.683465-05:00,inspector_002,complete,renewal,high,16.48
case_0788,approved,2024-01-16 09:00:00-05:00,,complete,renewal,high,0.0
case_0789,submitted,2024-01-02 09:00:00-05:00,,complete,new_business,normal,0.0
case_0789,intake_validation,2024-01-04 09:00:00-05:00,clerk_001,complete,new_business,normal,48.18
case_0789,assigned_to_reviewer,2024-01-08 09:00:00-05:00,,complete,new_business,normal,0.0
case_0789,review_in_progress,2024-01-08 09:20:31.897731-05:00,reviewer_002,complete,new_business,normal,62.22
case_0789,health_inspection,2024-01-16 09:00:00-05:00,inspector_002,complete,new_business,normal,47.82
case_0789,rejected,2024-01-22 09:00:00-05:00,,complete,new_business,normal,0.0
case_0790,submitted,2024-01-02 09:00:00-05:00,,complete,new_business,low,0.0
case_0790,intake_validation,2024-01-04 09:00:00-05:00,clerk_001,complete,new_business,low,78.2
case_0790,assigned_to_reviewer,2024-01-05 11:53:56.694864-05:00,,complete,new_business,low,0.0
case_0790,review_in_progress,2024-01-05 12:01:58.234022-05:00,reviewer_002,complete,new_business,low,56.34
case_0790,health_inspection,2024-01-08 14:15:30.295897-05:00,inspector_001,complete,new_business,low,69.86
case_0790,approved,2024-01-12 14:15:11.209371-05:00,,complete,new_business,low,0.0
case_0791,submitted,2024-01-02 09:00:00-05:00,,complete,renewal,high,0.0
case_0791,intake_validation,2024-01-03 12:26:44.116641-05:00,clerk_001,complete,renewal,high,37.73
case_0791,assigned_to_reviewer,2024-01-08 09:00:00-05:00,,complete,renewal,high,0.0
case_0791,review_in_progress,2024-01-08 09:07:19.045778-05:00,reviewer_004,complete,renewal,high,58.92
case_0791,health_inspection,2024-01-11 16:09:55.411770-05:00,inspector_003,complete,renewal,high,69.51
case_0791,approved,2024-01-16 09:00:00-05:00,,complete,renewal,high,0.0
case_0792,submitted,2024-01-02 09:00:00-05:00,,complete,existing_business,high,0.0
case_0792,intake_validation,2024-01-04 09:00:00-05:00,clerk_001,complete,existing_business,high,51.27
case_0792,assigned_to_reviewer,2024-01-08 09:00:00-05:00,,complete,existing_business,high,0.0
case_0792,review_in_progress,2024-01-08 09:06:17.900362-05:00,reviewer_003,complete,existing_business,high,48.63
case_0792,health_inspection,2024-01-11 16:26:40.617892-05:00,inspector_001,complete,existing_business,high,56.49
case_0792,approved,2024-01-16 09:00:00-05:00,,complete,existing_business,high,0.0
case_0793,submitted,2024-01-02 09:00:00-05:00,,complete,new_business,low,0.0
case_0793,intake_validation,2024-01-04 09:00:00-05:00,clerk_002,complete,new_business,low,34.51
case_0793,assigned_to_reviewer,2024-01-08 09:00:00-05:00,,complete,new_business,low,0.0
case_0793,review_in_progress,2024-01-08 09:11:00.136665-05:00,reviewer_002,complete,new_business,low,52.29
case_0793,health_inspection,2024-01-16 09:00:00-05:00,inspector_002,complete,new_business,low,62.12
case_0793,approved,2024-01-22 09:00:00-05:00,,complete,new_business,low,0.0
case_0794,submitted,2024-01-02 09:00:00-05:00,,complete,existing_business,high,0.0
case_0794,intake_validation,2024-01-04 09:00:00-05:00,clerk_001,complete,existing_business,high,55.65
case_0794,assigned_to_reviewer,2024-01-05 12:13:11.041371-05:00,,complete,existing_business,high,0.0
case_0794,review_in_progress,2024-01-05 12:24:26.678830-05:00,reviewer_004,complete,existing_business,high,65.51
case_0794,request_additional_info,2024-01-08 09:00:00-05:00,,complete,existing_business,high,0.0
case_0794,applicant_provided_info,2024-01-16 09:00:00-05:00,,complete,existing_business,high,0.0
case_0794,review_in_progress,2024-01-19 09:00:00-05:00,reviewer_003,complete,existing_business,high,58.25
case_0794,request_additional_info,2024-01-24 09:00:00-05:00,,complete,existing_business,high,0.0
case_0794,applicant_provided_info,2024-01-30 09:00:00-05:00,,complete,existing_business,high,0.0
case_0794,review_in_progress,2024-02-01 14:24:34.084597-05:00,reviewer_001,complete,existing_business,high,45.94
case_0794,health_inspection,2024-02-05 09:00:00-05:00,inspector_003,complete,existing_business,high,48.41
case_0794,rejected,2024-02-08 09:00:00-05:00,,complete,existing_business,high,0.0
case_0795,submitted,2024-01-02 09:00:00-05:00,,complete,existing_business,normal,0.0
case_0795,intake_validation,2024-01-04 09:00:00-05:00,clerk_002,complete,existing_business,normal,58.71
case_0795,assigned_to_reviewer,2024-01-08 09:00:00-05:00,,complete,existing_business,normal,0.0
case_0795,review_in_progress,2024-01-08 09:20:09.551582-05:00,reviewer_004,complete,existing_business,normal,46.78
case_0795,health_inspection,2024-01-12 09:00:00-05:00,inspector_001,complete,existing_business,normal,38.52
case_0795,approved,2024-01-18 09:00:00-05:00,,complete,existing_business,normal,0.0
case_0796,submitted,2024-01-02 09:00:00-05:00,,complete,renewal,normal,0.0
case_0796,intake_validation,2024-01-04 09:00:00-05:00,clerk_002,complete,renewal,normal,55.64
case_0796,assigned_to_reviewer,2024-01-08 09:00:00-05:00,,complete,renewal,normal,0.0
case_0796,review_in_progress,2024-01-08 09:16:49.976061-05:00,reviewer_004,complete,renewal,normal,58.34
case_0796,request_additional_info,2024-01-12 09:00:00-05:00,,complete,renewal,normal,0.0
case_0796,applicant_provided_info,2024-01-16 09:00:00-05:00,,complete,renewal,normal,0.0
case_0796,review_in_progress,2024-01-19 09:00:00-05:00,reviewer_004,complete,renewal,normal,42.02
case_0796,request_additional_info,2024-01-22 09:00:00-05:00,,complete,renewal,normal,0.0
case_0796,applicant_provided_info,2024-01-24 09:00:00-05:00,,complete,renewal,normal,0.0
case_0796,review_in_progress,2024-01-29 09:00:00-05:00,reviewer_001,complete,renewal,normal,65.32
case_0796,request_additional_info,2024-02-01 14:31:26.206105-05:00,,complete,renewal,normal,0.0
case_0796,applicant_provided_info,2024-02-02 16:07:16.803865-05:00,,complete,renewal,normal,0.0
case_0796,review_in_progress,2024-02-05 09:00:00-05:00,reviewer_003,complete,renewal,normal,56.05
case_0796,health_inspection,2024-02-12 09:00:00-05:00,inspector_001,complete,renewal,normal,23.6
case_0796,approved,2024-02-13 12:58:52.408730-05:00,,complete,renewal,normal,0.0
case_0797,submitted,2024-01-02 09:00:00-05:00,,complete,existing_business,normal,0.0
case_0797,intake_validation,2024-01-04 09:00:00-05:00,clerk_002,complete,existing_business,normal,66.31
case_0797,rejected,2024-01-08 09:00:00-05:00,,complete,existing_business,normal,0.0
case_0798,submitted,2024-01-02 09:00:00-05:00,,complete,renewal,normal,0.0
case_0798,intake_validation,2024-01-03 11:53:08.975425-05:00,clerk_001,complete,renewal,normal,56.26
case_0798,assigned_to_reviewer,2024-01-08 09:00:00-05:00,,complete,renewal,normal,0.0
case_0798,review_in_progress,2024-01-08 09:24:37.586193-05:00,reviewer_004,complete,renewal,normal,64.09
case_0798,health_inspection,2024-01-12 09:00:00-05:00,inspector_001,complete,renewal,normal,51.4
case_0798,approved,2024-01-17 09:00:00-05:00,,complete,renewal,normal,0.0
case_0799,submitted,2024-01-02 09:00:00-05:00,,complete,new_business,normal,0.0
case_0799,intake_validation,2024-01-04 09:00:00-05:00,clerk_002,complete,new_business,normal,27.52
case_0799,assigned_to_reviewer,2024-01-08 09:00:00-05:00,,complete,new_business,normal,0.0
case_0799,review_in_progress,2024-01-08 09:15:35.719106-05:00,reviewer_002,complete,new_business,normal,63.23
case_0799,health_inspection,2024-01-11 11:24:31.109310-05:00,inspector_001,complete,new_business,normal,49.52
case_0799,approved,2024-01-17 09:00:00-05:00,,complete,new_business,normal,0.0
case_0800,submitted,2024-01-02 09:00:00-05:00,,complete,renewal,normal,0.0
case_0800,intake_validation,2024-01-04 09:00:00-05:00,clerk_002,complete,renewal,normal,49.38
case_0800,assigned_to_reviewer,2024-01-08 09:00:00-05:00,,complete,renewal,normal,0.0
case_0800,review_in_progress,2024-01-08 09:07:40.408520-05:00,reviewer_003,complete,renewal,normal,46.37
case_0800,health_inspection,2024-01-16 09:00:00-05:00,inspector_001,complete,renewal,normal,57.24
case_0800,approved,2024-01-22 09:00:00-05:00,,complete,renewal,normal,0.0
case_0801,submitted,2024-01-02 09:00:00-05:00,,complete,existing_business,normal,0.0
case_0801,intake_validation,2024-01-03 12:50:01.385122-05:00,clerk_001,complete,existing_business,normal,31.58
case_0801,assigned_to_reviewer,2024-01-05 13:09:27.311428-05:00,,complete,existing_business,normal,0.0
case_0801,review_in_progress,2024-01-05 13:33:59.877048-05:00,reviewer_001,complete,existing_business,normal,47.35
case_0801,health_inspection,2024-01-08 09:00:00-05:00,inspector_001,complete,existing_business,normal,16.22
case_0801,approved,2024-01-11 09:00:00-05:00,,complete,existing_business,normal,0.0
case_0802,submitted,2024-01-02 09:00:00-05:00,,complete,existing_business,normal,0.0
case_0802,intake_validation,2024-01-04 09:00:00-05:00,clerk_001,complete,existing_business,normal,54.98
case_0802,assigned_to_reviewer,2024-01-08 09:00:00-05:00,,complete,existing_business,normal,0.0
case_0802,review_in_progress,2024-01-08 09:06:27.759867-05:00,reviewer_004,complete,existing_business,normal,12.61
case_0802,health_inspection,2024-01-12 12:36:40.171172-05:00,inspector_002,complete,existing_business,normal,58.89
case_0802,approved,2024-01-22 09:00:00-05:00,,complete,existing_business,normal,0.0
case_0803,submitted,2024-01-02 09:00:00-05:00,,complete,new_business,normal,0.0
case_0803,intake_validation,2024-01-04 09:00:00-05:00,clerk_003,complete,new_business,normal,68.78
case_0803,assigned_to_reviewer,2024-01-08 09:00:00-05:00,,complete,new_business,normal,0.0
case_0803,review_in_progress,2024-01-08 09:25:28.881208-05:00,reviewer_004,complete,new_business,normal,40.35
case_0803,health_inspection,2024-01-11 09:00:00-05:00,inspector_002,complete,new_business,normal,23.85
case_0803,approved,2024-01-19 09:00:00-05:00,,complete,new_business,normal,0.0
case_0804,submitted,2024-01-02 09:00:00-05:00,,complete,new_business,normal,0.0
case_0804,intake_validation,2024-01-03 11:44:00.768249-05:00,clerk_002,complete,new_business,normal,66.57
case_0804,assigned_to_reviewer,2024-01-08 09:00:00-05:00,,complete,new_business,normal,0.0
case_0804,review_in_progress,2024-01-08 09:12:03.740758-05:00,reviewer_004,complete,new_business,normal,30.89
case_0804,request_additional_info,2024-01-16 09:00:00-05:00,,complete,new_business,normal,0.0
case_0804,applicant_provided_info,2024-01-18 09:00:00-05:00,,complete,new_business,normal,0.0
case_0804,review_in_progress,2024-01-22 09:00:00-05:00,reviewer_001,complete,new_business,normal,69.11
case_0804,health_inspection,2024-01-24 09:00:00-05:00,inspector_003,complete,new_business,normal,56.8
case_0804,approved,2024-01-26 14:18:59.544989-05:00,,complete,new_business,normal,0.0
case_0805,submitted,2024-01-02 09:00:00-05:00,,complete,renewal,high,0.0
case_0805,intake_validation,2024-01-03 10:34:26.975147-05:00,clerk_001,complete,renewal,high,68.32
case_0805,assigned_to_reviewer,2024-01-05 09:00:00-05:00,,complete,renewal,high,0.0
case_0805,review_in_progress,2024-01-05 09:25:59.409953-05:00,reviewer_002,complete,renewal,high,81.25
case_0805,health_inspection,2024-01-12 14:29:00.429307-05:00,inspector_001,complete,renewal,high,30.28
case_0805,approved,2024-01-16 09:00:00-05:00,,complete,renewal,high,0.0
case_0806,submitted,2024-01-02 09:00:00-05:00,,complete,new_business,normal,0.0
case_0806,intake_validation,2024-01-04 09:00:00-05:00,clerk_002,complete,new_business,normal,49.05
case_0806,assigned_to_reviewer,2024-01-08 09:00:00-05:00,,complete,new_business,normal,0.0
case_0806,review_in_progress,2024-01-08 09:26:36.354569-05:00,reviewer_002,complete,new_business,normal,47.93
case_0806,health_inspection,2024-01-11 09:00:00-05:00,inspector_002,complete,new_business,normal,51.67
case_0806,approved,2024-01-16 09:00:00-05:00,,complete,new_business,normal,0.0
case_0807,submitted,2024-01-02 09:00:00-05:00,,complete,existing_business,normal,0.0
case_0807,intake_validation,2024-01-04 09:00:00-05:00,clerk_001,complete,existing_business,normal,54.81
case_0807,assigned_to_reviewer,2024-01-08 09:00:00-05:00,,complete,existing_business,normal,0.0
case_0807,review_in_progress,2024-01-08 09:18:31.565766-05:00,reviewer_002,complete,existing_business,normal,36.11
case_0807,request_additional_info,2024-01-11 09:00:00-05:00,,complete,existing_business,normal,0.0
case_0807,applicant_provided_info,2024-01-16 09:00:00-05:00,,complete,existing_business,normal,0.0
case_0807,review_in_progress,2024-01-19 09:00:00-05:00,reviewer_003,complete,existing_business,normal,39.22
case_0807,request_additional_info,2024-01-22 09:00:00-05:00,,complete,existing_business,normal,0.0
case_0807,applicant_provided_info,2024-01-29 09:00:00-05:00,,complete,existing_business,normal,0.0
case_0807,review_in_progress,2024-01-31 14:58:02.843047-05:00,reviewer_004,complete,existing_business,normal,60.93
case_0807,request_additional_info,2024-02-05 09:00:00-05:00,,complete,existing_business,normal,0.0
case_0807,applicant_provided_info,2024-02-12 09:00:00-05:00,,complete,existing_business,normal,0.0
case_0807,review_in_progress,2024-02-15 09:00:00-05:00,reviewer_001,complete,existing_business,normal,60.9
case_0807,request_additional_info,2024-02-20 09:00:00-05:00,,complete,existing_business,normal,0.0
case_0807,applicant_provided_info,2024-02-26 09:00:00-05:00,,complete,existing_business,normal,0.0
case_0807,review_in_progress,2024-02-29 09:00:00-05:00,reviewer_002,complete,existing_business,normal,43.86
case_0807,health_inspection,2024-03-04 10:54:24.992679-05:00,inspector_002,complete,existing_business,normal,25.98
case_0807,rejected,2024-03-11 09:00:00-04:00,,complete,existing_business,normal,0.0
case_0808,submitted,2024-01-02 09:00:00-05:00,,complete,renewal,normal,0.0
case_0808,intake_validation,2024-01-04 09:00:00-05:00,clerk_002,complete,renewal,normal,76.49
case_0808,assigned_to_reviewer,2024-01-08 09:00:00-05:00,,complete,renewal,normal,0.0
case_0808,review_in_progress,2024-01-08 09:18:25.589898-05:00,reviewer_003,complete,renewal,normal,10.0
case_0808,health_inspection,2024-01-16 09:00:00-05:00,inspector_002,complete,renewal,normal,79.68
case_0808,rejected,2024-01-22 09:00:00-05:00,,complete,renewal,normal,0.0
case_0809,submitted,2024-01-02 09:00:00-05:00,,complete,new_business,normal,0.0
case_0809,intake_validation,2024-01-04 09:00:00-05:00,clerk_002,complete,new_business,normal,76.62
case_0809,assigned_to_reviewer,2024-01-08 09:00:00-05:00,,complete,new_business,normal,0.0
case_0809,review_in_progress,2024-01-08 09:12:09.464101-05:00,reviewer_002,complete,new_business,normal,33.43
case_0809,request_additional_info,2024-01-12 09:00:00-05:00,,complete,new_business,normal,0.0
case_0809,applicant_provided_info,2024-01-16 09:00:00-05:00,,complete,new_business,normal,0.0
case_0809,review_in_progress,2024-01-18 10:44:38.813960-05:00,reviewer_004,complete,new_business,normal,41.9
case_0809,health_inspection,2024-01-23 11:11:39.737351-05:00,inspector_003,complete,new_business,normal,45.32
case_0809,approved,2024-01-30 09:00:00-05:00,,complete,new_business,normal,0.0
case_0810,submitted,2024-01-02 09:00:00-05:00,,complete,renewal,normal,0.0
case_0810,intake_validation,2024-01-04 09:00:00-05:00,clerk_003,complete,renewal,normal,47.14
case_0810,assigned_to_reviewer,2024-01-08 09:00:00-05:00,,complete,renewal,normal,0.0
case_0810,review_in_progress,2024-01-08 09:16:49.353325-05:00,reviewer_004,complete,renewal,normal,20.11
case_0810,health_inspection,2024-01-12 09:00:00-05:00,inspector_002,complete,renewal,normal,84.72
case_0810,approved,2024-01-22 09:00:00-05:00,,complete,renewal,normal,0.0
case_0811,submitted,2024-01-02 09:00:00-05:00,,complete,existing_business,normal,0.0
case_0811,intake_validation,2024-01-03 13:33:01.387695-05:00,clerk_001,complete,existing_business,normal,61.0
case_0811,rejected,2024-01-08 09:00:00-05:00,,complete,existing_business,normal,0.0
case_0812,submitted,2024-01-02 09:00:00-05:00,,complete,new_business,normal,0.0
case_0812,intake_validation,2024-01-04 09:00:00-05:00,clerk_003,complete,new_business,normal,62.55
case_0812,assigned_to_reviewer,2024-01-08 09:00:00-05:00,,complete,new_business,normal,0.0
case_0812,review_in_progress,2024-01-08 09:23:47.315379-05:00,reviewer_004,complete,new_business,normal,66.56
case_0812,health_inspection,2024-01-16 09:00:00-05:00,inspector_001,complete,new_business,normal,57.47
case_0812,approved,2024-01-22 09:00:00-05:00,,complete,new_business,normal,0.0
case_0813,submitted,2024-01-02 09:00:00-05:00,,complete,new_business,normal,0.0
case_0813,intake_validation,2024-01-04 09:00:00-05:00,clerk_002,complete,new_business,normal,56.86
case_0813,assigned_to_reviewer,2024-01-08 09:00:00-05:00,,complete,new_business,normal,0.0
case_0813,review_in_progress,2024-01-08 09:24:51.702204-05:00,reviewer_001,complete,new_business,normal,61.26
case_0813,health_inspection,2024-01-12 09:00:00-05:00,inspector_001,complete,new_business,normal,42.71
case_0813,approved,2024-01-16 09:00:00-05:00,,complete,new_business,normal,0.0
case_0814,submitted,2024-01-02 09:00:00-05:00,,complete,existing_business,normal,0.0
case_0814,intake_validation,2024-01-04 09:00:00-05:00,clerk_001,complete,existing_business,normal,62.59
case_0814,assigned_to_reviewer,2024-01-08 09:00:00-05:00,,complete,existing_business,normal,0.0
case_0814,review_in_progress,2024-01-08 09:24:38.574613-05:00,reviewer_004,complete,existing_business,normal,41.53
case_0814,health_inspection,2024-01-11 09:00:00-05:00,inspector_002,complete,existing_business,normal,54.6
case_0814,rejected,2024-01-17 15:37:02.484564-05:00,,complete,existing_business,normal,0.0
case_0815,submitted,2024-01-02 09:00:00-05:00,,complete,new_business,normal,0.0
case_0815,intake_validation,2024-01-04 09:00:00-05:00,clerk_003,complete,new_business,normal,45.65
case_0815,assigned_to_reviewer,2024-01-05 16:20:27.202151-05:00,,complete,new_business,normal,0.0
case_0815,review_in_progress,2024-01-05 16:41:51.617763-05:00,reviewer_004,complete,new_business,normal,61.31
case_0815,health_inspection,2024-01-11 09:00:00-05:00,inspector_001,complete,new_business,normal,50.48
case_0815,approved,2024-01-16 09:00:00-05:00,,complete,new_business,normal,0.0
case_0816,submitted,2024-01-02 09:00:00-05:00,,complete,existing_business,normal,0.0
case_0816,intake_validation,2024-01-03 09:18:20.107846-05:00,clerk_002,complete,existing_business,normal,46.34
case_0816,assigned_to_reviewer,2024-01-08 09:00:00-05:00,,complete,existing_business,normal,0.0
case_0816,review_in_progress,2024-01-08 09:08:04.071830-05:00,reviewer_003,complete,existing_business,normal,45.44
case_0816,health_inspection,2024-01-16 09:00:00-05:00,inspector_002,complete,existing_business,normal,60.39
case_0816,approved,2024-01-18 09:00:00-05:00,,complete,existing_business,normal,0.0
case_0817,submitted,2024-01-02 09:00:00-05:00,,complete,new_business,low,0.0
case_0817,intake_validation,2024-01-03 13:24:44.509656-05:00,clerk_003,complete,new_business,low,32.63
case_0817,assigned_to_reviewer,2024-01-05 09:00:00-05:00,,complete,new_business,low,0.0
case_0817,review_in_progress,2024-01-05 09:06:00.123014-05:00,reviewer_002,complete,new_business,low,14.45
case_0817,health_inspection,2024-01-09 09:00:00-05:00,inspector_003,complete,new_business,low,63.07
case_0817,approved,2024-01-16 09:00:00-05:00,,complete,new_business,low,0.0
case_0818,submitted,2024-01-02 09:00:00-05:00,,complete,renewal,normal,0.0
case_0818,intake_validation,2024-01-04 09:00:00-05:00,clerk_002,complete,renewal,normal,72.67
case_0818,assigned_to_reviewer,2024-01-08 09:00:00-05:00,,complete,renewal,normal,0.0
case_0818,review_in_progress,2024-01-08 09:22:40.910188-05:00,reviewer_001,complete,renewal,normal,46.77
case_0818,health_inspection,2024-01-11 09:00:00-05:00,inspector_002,complete,renewal,normal,54.06
case_0818,approved,2024-01-19 09:00:00-05:00,,complete,renewal,normal,0.0
case_0819,submitted,2024-01-02 09:00:00-05:00,,complete,renewal,normal,0.0
case_0819,intake_validation,2024-01-04 09:00:00-05:00,clerk_001,complete,renewal,normal,49.27
case_0819,assigned_to_reviewer,2024-01-08 09:00:00-05:00,,complete,renewal,normal,0.0
case_0819,review_in_progress,2024-01-08 09:20:51.582556-05:00,reviewer_002,complete,renewal,normal,33.02
case_0819,health_inspection,2024-01-11 09:02:28.122145-05:00,inspector_001,complete,renewal,normal,20.7
case_0819,approved,2024-01-12 09:00:00-05:00,,complete,renewal,normal,0.0
case_0820,submitted,2024-01-02 09:00:00-05:00,,complete,renewal,normal,0.0
case_0820,intake_validation,2024-01-03 11:48:48.643216-05:00,clerk_001,complete,renewal,normal,51.43
case_0820,assigned_to_reviewer,2024-01-05 13:31:03.766620-05:00,,complete,renewal,normal,0.0
case_0820,review_in_progress,2024-01-05 13:56:21.918161-05:00,reviewer_002,complete,renewal,normal,29.63
case_0820,request_additional_info,2024-01-10 11:05:08.665574-05:00,,complete,renewal,normal,0.0
case_0820,applicant_provided_info,2024-01-16 09:00:00-05:00,,complete,renewal,normal,0.0
case_0820,review_in_progress,2024-01-19 09:00:00-05:00,reviewer_003,complete,renewal,normal,20.53
case_0820,health_inspection,2024-01-23 09:00:00-05:00,inspector_002,complete,renewal,normal,71.6
case_0820,approved,2024-01-29 09:00:00-05:00,,complete,renewal,normal,0.0
case_0821,submitted,2024-01-02 09:00:00-05:00,,complete,renewal,normal,0.0
case_0821,intake_validation,2024-01-04 09:00:00-05:00,clerk_002,complete,renewal,normal,52.72
case_0821,assigned_to_reviewer,2024-01-08 09:00:00-05:00,,complete,renewal,normal,0.0
case_0821,review_in_progress,2024-01-08 09:07:19.911031-05:00,reviewer_004,complete,renewal,normal,59.75
case_0821,health_inspection,2024-01-12 09:00:00-05:00,inspector_002,complete,renewal,normal,74.23
case_0821,approved,2024-01-17 09:00:00-05:00,,complete,renewal,normal,0.0
case_0822,submitted,2024-01-02 09:00:00-05:00,,complete,renewal,normal,0.0
case_0822,intake_validation,2024-01-04 09:00:00-05:00,clerk_002,complete,renewal,normal,58.45
case_0822,assigned_to_reviewer,2024-01-08 09:00:00-05:00,,complete,renewal,normal,0.0
case_0822,review_in_progress,2024-01-08 09:26:08.297779-05:00,reviewer_003,complete,renewal,normal,79.8
case_0822,request_additional_info,2024-01-10 15:06:49.008811-05:00,,complete,renewal,normal,0.0
case_0822,applicant_provided_info,2024-01-12 12:01:51.501748-05:00,,complete,renewal,normal,0.0
case_0822,review_in_progress,2024-01-16 09:00:00-05:00,reviewer_002,complete,renewal,normal,46.06
case_0822,health_inspection,2024-01-22 09:00:00-05:00,inspector_002,complete,renewal,normal,52.94
case_0822,approved,2024-01-29 09:00:00-05:00,,complete,renewal,normal,0.0
case_0823,submitted,2024-01-02 09:00:00-05:00,,complete,renewal,normal,0.0
case_0823,intake_validation,2024-01-03 12:31:18.340900-05:00,clerk_002,complete,renewal,normal,56.97
case_0823,assigned_to_reviewer,2024-01-05 12:08:57.485929-05:00,,complete,renewal,normal,0.0
case_0823,review_in_progress,2024-01-05 12:21:30.082948-05:00,reviewer_002,complete,renewal,normal,44.41
case_0823,request_additional_info,2024-01-08 14:12:08.584092-05:00,,complete,renewal,normal,0.0
case_0823,withdrawn,2024-01-16 09:00:00-05:00,,complete,renewal,normal,0.0
case_0824,submitted,2024-01-02 09:00:00-05:00,,complete,renewal,low,0.0
case_0824,intake_validation,2024-01-03 15:56:33.399347-05:00,clerk_003,complete,renewal,low,12.56
case_0824,assigned_to_reviewer,2024-01-08 09:00:00-05:00,,complete,renewal,low,0.0
case_0824,review_in_progress,2024-01-08 09:16:06.563350-05:00,reviewer_004,complete,renewal,low,57.99
case_0824,request_additional_info,2024-01-12 09:00:00-05:00,,complete,renewal,low,0.0
case_0824,withdrawn,2024-01-17 09:00:00-05:00,,complete,renewal,low,0.0
case_0825,submitted,2024-01-02 09:00:00-05:00,,complete,new_business,high,0.0
case_0825,intake_validation,2024-01-04 09:00:00-05:00,clerk_001,complete,new_business,high,49.89
case_0825,assigned_to_reviewer,2024-01-05 09:08:54.771764-05:00,,complete,new_business,high,0.0
case_0825,review_in_progress,2024-01-05 09:25:40.502834-05:00,reviewer_002,complete,new_business,high,39.06
case_0825,health_inspection,2024-01-11 09:00:00-05:00,inspector_002,complete,new_business,high,57.81
case_0825,approved,2024-01-16 09:00:00-05:00,,complete,new_business,high,0.0
case_0826,submitted,2024-01-02 09:00:00-05:00,,complete,new_business,high,0.0
case_0826,intake_validation,2024-01-04 09:00:00-05:00,clerk_001,complete,new_business,high,42.69
case_0826,assigned_to_reviewer,2024-01-08 09:00:00-05:00,,complete,new_business,high,0.0
case_0826,review_in_progress,2024-01-08 09:29:43.348730-05:00,reviewer_004,complete,new_business,high,47.88
case_0826,health_inspection,2024-01-12 09:31:51.953079-05:00,inspector_002,complete,new_business,high,37.85
case_0826,approved,2024-01-19 15:41:19.520469-05:00,,complete,new_business,high,0.0
case_0827,submitted,2024-01-02 09:00:00-05:00,,complete,new_business,normal,0.0
case_0827,intake_validation,2024-01-03 11:41:26.641372-05:00,clerk_001,complete,new_business,normal,69.42
case_0827,assigned_to_reviewer,2024-01-05 09:00:00-05:00,,complete,new_business,normal,0.0
case_0827,review_in_progress,2024-01-05 09:16:19.751516-05:00,reviewer_004,complete,new_business,normal,33.98
case_0827,health_inspection,2024-01-09 09:00:00-05:00,inspector_003,complete,new_business,normal,72.4
case_0827,approved,2024-01-16 09:00:00-05:00,,complete,new_business,normal,0.0
case_0828,submitted,2024-01-02 09:00:00-05:00,,complete,renewal,normal,0.0
case_0828,intake_validation,2024-01-03 15:45:22.972601-05:00,clerk_002,complete,renewal,normal,42.3
case_0828,assigned_to_reviewer,2024-01-05 09:00:00-05:00,,complete,renewal,normal,0.0
case_0828,review_in_progress,2024-01-05 09:20:17.149870-05:00,reviewer_002,complete,renewal,normal,49.33
case_0828,request_additional_info,2024-01-09 15:31:10.859038-05:00,,complete,renewal,normal,0.0
case_0828,applicant_provided_info,2024-01-16 09:00:00-05:00,,complete,renewal,normal,0.0
case_0828,review_in_progress,2024-01-19 09:00:00-05:00,reviewer_003,complete,renewal,normal,46.65
case_0828,health_inspection,2024-01-23 09:00:00-05:00,inspector_002,complete,renewal,normal,42.15
case_0828,approved,2024-01-25 09:00:00-05:00,,complete,renewal,normal,0.0
case_0829,submitted,2024-01-02 09:00:00-05:00,,complete,new_business,high,0.0
case_0829,intake_validation,2024-01-04 09:00:00-05:00,clerk_001,complete,new_business,high,55.69
case_0829,rejected,2024-01-08 09:00:00-05:00,,complete,new_business,high,0.0
case_0830,submitted,2024-01-02 09:00:00-05:00,,complete,new_business,normal,0.0
case_0830,intake_validation,2024-01-04 09:00:00-05:00,clerk_002,complete,new_business,normal,43.44
case_0830,assigned_to_reviewer,2024-01-08 09:00:00-05:00,,complete,new_business,normal,0.0
case_0830,review_in_progress,2024-01-08 09:22:18.322668-05:00,reviewer_001,complete,new_business,normal,43.34
case_0830,health_inspection,2024-01-10 15:27:43.828229-05:00,inspector_001,complete,new_business,normal,50.12
case_0830,approved,2024-01-12 09:00:00-05:00,,complete,new_business,normal,0.0
case_0831,submitted,2024-01-02 09:00:00-05:00,,complete,existing_business,normal,0.0
case_0831,intake_validation,2024-01-03 15:22:06.091898-05:00,clerk_003,complete,existing_business,normal,48.38
case_0831,assigned_to_reviewer,2024-01-05 09:00:00-05:00,,complete,existing_business,normal,0.0
case_0831,review_in_progress,2024-01-05 09:29:42.020122-05:00,reviewer_001,complete,existing_business,normal,35.79
case_0831,request_additional_info,2024-01-08 09:00:00-05:00,,complete,existing_business,normal,0.0
case_0831,applicant_provided_info,2024-01-10 09:00:00-05:00,,complete,existing_business,normal,0.0
case_0831,review_in_progress,2024-01-16 09:00:00-05:00,reviewer_002,complete,existing_business,normal,84.37
case_0831,health_inspection,2024-01-22 11:48:56.065982-05:00,inspector_001,complete,existing_business,normal,42.19
case_0831,approved,2024-01-29 09:00:00-05:00,,complete,existing_business,normal,0.0
case_0832,submitted,2024-01-02 09:00:00-05:00,,complete,new_business,normal,0.0
case_0832,intake_validation,2024-01-04 09:00:00-05:00,clerk_002,complete,new_business,normal,72.83
case_0832,assigned_to_reviewer,2024-01-05 13:39:00.875586-05:00,,complete,new_business,normal,0.0
case_0832,review_in_progress,2024-01-05 14:02:55.248115-05:00,reviewer_002,complete,new_business,normal,50.99
case_0832,health_inspection,2024-01-11 13:18:27.085202-05:00,inspector_001,complete,new_business,normal,37.91
case_0832,approved,2024-01-16 09:00:00-05:00,,complete,new_business,normal,0.0
case_0833,submitted,2024-01-02 09:00:00-05:00,,complete,renewal,low,0.0
case_0833,intake_validation,2024-01-04 09:00:00-05:00,clerk_002,complete,renewal,low,34.93
case_0833,assigned_to_reviewer,2024-01-08 09:00:00-05:00,,complete,renewal,low,0.0
case_0833,review_in_progress,2024-01-08 09:26:39.279811-05:00,reviewer_001,complete,renewal,low,72.95
case_0833,request_additional_info,2024-01-10 12:35:32.100357-05:00,,complete,renewal,low,0.0
case_0833,withdrawn,2024-01-17 09:00:00-05:00,,complete,renewal,low,0.0
case_0834,submitted,2024-01-02 09:00:00-05:00,,complete,existing_business,normal,0.0
case_0834,intake_validation,2024-01-03 13:29:02.255639-05:00,clerk_002,complete,existing_business,normal,25.12
case_0834,assigned_to_reviewer,2024-01-05 13:26:03.927179-05:00,,complete,existing_business,normal,0.0
case_0834,review_in_progress,2024-01-05 13:49:22.066453-05:00,reviewer_003,complete,existing_business,normal,60.59
case_0834,health_inspection,2024-01-08 09:00:00-05:00,inspector_003,complete,existing_business,normal,53.2
case_0834,approved,2024-01-10 09:00:00-05:00,,complete,existing_business,normal,0.0
case_0835,submitted,2024-01-02 09:00:00-05:00,,complete,new_business,normal,0.0
case_0835,intake_validation,2024-01-03 14:05:52.899503-05:00,clerk_002,complete,new_business,normal,35.51
case_0835,assigned_to_reviewer,2024-01-08 09:00:00-05:00,,complete,new_business,normal,0.0
case_0835,review_in_progress,2024-01-08 09:13:57.215171-05:00,reviewer_001,complete,new_business,normal,38.81
case_0835,health_inspection,2024-01-11 14:45:08.830044-05:00,inspector_002,complete,new_business,normal,63.95
case_0835,approved,2024-01-16 09:47:30.368595-05:00,,complete,new_business,normal,0.0
case_0836,submitted,2024-01-02 09:00:00-05:00,,complete,new_business,high,0.0
case_0836,intake_validation,2024-01-03 09:05:26.607259-05:00,clerk_003,complete,new_business,high,41.73
case_0836,assigned_to_reviewer,2024-01-08 09:00:00-05:00,,complete,new_business,high,0.0
case_0836,review_in_progress,2024-01-08 09:24:33.777817-05:00,reviewer_003,complete,new_business,high,56.03
case_0836,health_inspection,2024-01-12 09:00:00-05:00,inspector_003,complete,new_business,high,17.36
case_0836,approved,2024-01-16 09:00:00-05:00,,complete,new_business,high,0.0
case_0837,submitted,2024-01-02 09:00:00-05:00,,complete,renewal,normal,0.0
case_0837,intake_validation,2024-01-04 09:00:00-05:00,clerk_003,complete,renewal,normal,69.18
case_0837,assigned_to_reviewer,2024-01-05 11:30:47.798988-05:00,,complete,renewal,normal,0.0
case_0837,review_in_progress,2024-01-05 11:51:32.481239-05:00,reviewer_002,complete,renewal,normal,50.42
case_0837,health_inspection,2024-01-10 09:00:00-05:00,inspector_003,complete,renewal,normal,33.12
case_0837,rejected,2024-01-16 09:00:00-05:00,,complete,renewal,normal,0.0
case_0838,submitted,2024-01-02 09:00:00-05:00,,complete,renewal,normal,0.0
case_0838,intake_validation,2024-01-04 09:00:00-05:00,clerk_002,complete,renewal,normal,29.51
case_0838,assigned_to_reviewer,2024-01-08 09:00:00-05:00,,complete,renewal,normal,0.0
case_0838,review_in_progress,2024-01-08 09:28:13.445363-05:00,reviewer_002,complete,renewal,normal,65.48
case_0838,request_additional_info,2024-01-12 09:00:00-05:00,,complete,renewal,normal,0.0
case_0838,applicant_provided_info,2024-01-17 09:00:00-05:00,,complete,renewal,normal,0.0
case_0838,review_in_progress,2024-01-22 09:00:00-05:00,reviewer_002,complete,renewal,normal,74.35
case_0838,health_inspection,2024-01-29 09:00:00-05:00,inspector_001,complete,renewal,normal,39.42
case_0838,approved,2024-02-02 14:35:23.747030-05:00,,complete,renewal,normal,0.0
case_0839,submitted,2024-01-02 09:00:00-05:00,,complete,existing_business,normal,0.0
case_0839,intake_validation,2024-01-04 09:00:00-05:00,clerk_003,complete,existing_business,normal,44.72
case_0839,assigned_to_reviewer,2024-01-08 09:00:00-05:00,,complete,existing_business,normal,0.0
case_0839,review_in_progress,2024-01-08 09:20:21.345965-05:00,reviewer_003,complete,existing_business,normal,45.68
case_0839,health_inspection,2024-01-12 09:00:00-05:00,inspector_001,complete,existing_business,normal,34.76
case_0839,approved,2024-01-18 09:00:00-05:00,,complete,existing_business,normal,0.0
case_0840,submitted,2024-01-02 09:00:00-05:00,,complete,renewal,high,0.0
case_0840,intake_validation,2024-01-04 09:00:00-05:00,clerk_001,complete,renewal,high,53.45
case_0840,assigned_to_reviewer,2024-01-08 09:00:00-05:00,,complete,renewal,high,0.0
case_0840,review_in_progress,2024-01-08 09:23:14.785494-05:00,reviewer_004,complete,renewal,high,69.74
case_0840,request_additional_info,2024-01-12 11:19:23.960730-05:00,,complete,renewal,high,0.0
case_0840,applicant_provided_info,2024-01-19 09:00:00-05:00,,complete,renewal,high,0.0
case_0840,review_in_progress,2024-01-22 09:00:00-05:00,reviewer_002,complete,renewal,high,73.15
case_0840,request_additional_info,2024-01-26 09:00:00-05:00,,complete,renewal,high,0.0
case_0840,withdrawn,2024-02-02 09:00:00-05:00,,complete,renewal,high,0.0
case_0841,submitted,2024-01-02 09:00:00-05:00,,complete,existing_business,low,0.0
case_0841,intake_validation,2024-01-04 09:00:00-05:00,clerk_003,complete,existing_business,low,52.38
case_0841,assigned_to_reviewer,2024-01-08 09:00:00-05:00,,complete,existing_business,low,0.0
case_0841,review_in_progress,2024-01-08 09:09:52.726182-05:00,reviewer_002,complete,existing_business,low,32.56
case_0841,health_inspection,2024-01-16 09:00:00-05:00,inspector_003,complete,existing_business,low,49.56
case_0841,approved,2024-01-18 09:00:00-05:00,,complete,existing_business,low,0.0
case_0842,submitted,2024-01-02 09:00:00-05:00,,complete,existing_business,low,0.0
case_0842,intake_validation,2024-01-04 09:00:00-05:00,clerk_002,complete,existing_business,low,72.09
case_0842,assigned_to_reviewer,2024-01-08 09:00:00-05:00,,complete,existing_business,low,0.0
case_0842,review_in_progress,2024-01-08 09:19:48.769752-05:00,reviewer_002,complete,existing_business,low,57.1
case_0842,health_inspection,2024-01-16 09:00:00-05:00,inspector_003,complete,existing_business,low,49.56
case_0842,approved,2024-01-22 09:00:00-05:00,,complete,existing_business,low,0.0
case_0843,submitted,2024-01-02 09:00:00-05:00,,complete,renewal,normal,0.0
case_0843,intake_validation,2024-01-03 13:37:37.725545-05:00,clerk_001,complete,renewal,normal,53.31
case_0843,assigned_to_reviewer,2024-01-04 09:12:12.048670-05:00,,complete,renewal,normal,0.0
case_0843,review_in_progress,2024-01-04 09:21:54.046690-05:00,reviewer_001,complete,renewal,normal,52.8
case_0843,health_inspection,2024-01-08 09:00:00-05:00,inspector_001,complete,renewal,normal,45.56
case_0843,rejected,2024-01-10 09:00:00-05:00,,complete,renewal,normal,0.0
case_0844,submitted,2024-01-02 09:00:00-05:00,,complete,existing_business,normal,0.0
case_0844,intake_validation,2024-01-03 15:40:00.455831-05:00,clerk_003,complete,existing_business,normal,62.51
case_0844,assigned_to_reviewer,2024-01-08 09:00:00-05:00,,complete,existing_business,normal,0.0
case_0844,review_in_progress,2024-01-08 09:08:23.821592-05:00,reviewer_002,complete,existing_business,normal,45.68
case_0844,health_inspection,2024-01-12 09:00:00-05:00,inspector_002,complete,existing_business,normal,36.21
case_0844,approved,2024-01-17 09:00:00-05:00,,complete,existing_business,normal,0.0
case_0845,submitted,2024-01-02 09:00:00-05:00,,complete,existing_business,normal,0.0
case_0845,intake_validation,2024-01-04 09:00:00-05:00,clerk_001,complete,existing_business,normal,72.48
case_0845,assigned_to_reviewer,2024-01-08 09:00:00-05:00,,complete,existing_business,normal,0.0
case_0845,review_in_progress,2024-01-08 09:24:28.569930-05:00,reviewer_002,complete,existing_business,normal,47.61
case_0845,health_inspection,2024-01-16 09:00:00-05:00,inspector_003,complete,existing_business,normal,58.01
case_0845,approved,2024-01-23 09:00:00-05:00,,complete,existing_business,normal,0.0
case_0846,submitted,2024-01-02 09:00:00-05:00,,complete,renewal,high,0.0
case_0846,intake_validation,2024-01-04 09:00:00-05:00,clerk_003,complete,renewal,high,46.16
case_0846,assigned_to_reviewer,2024-01-08 09:00:00-05:00,,complete,renewal,high,0.0
case_0846,review_in_progress,2024-01-08 09:27:59.482032-05:00,reviewer_002,complete,renewal,high,52.5
case_0846,health_inspection,2024-01-12 09:00:00-05:00,inspector_001,complete,renewal,high,35.81
case_0846,rejected,2024-01-16 09:00:00-05:00,,complete,renewal,high,0.0
case_0847,submitted,2024-01-02 09:00:00-05:00,,complete,existing_business,normal,0.0
case_0847,intake_validation,2024-01-03 09:17:26.821493-05:00,clerk_002,complete,existing_business,normal,38.04
case_0847,assigned_to_reviewer,2024-01-08 09:00:00-05:00,,complete,existing_business,normal,0.0
case_0847,review_in_progress,2024-01-08 09:26:16.272579-05:00,reviewer_003,complete,existing_business,normal,21.34
case_0847,health_inspection,2024-01-11 09:40:32.157517-05:00,inspector_001,complete,existing_business,normal,52.35
case_0847,approved,2024-01-16 09:00:00-05:00,,complete,existing_business,normal,0.0
case_0848,submitted,2024-01-02 09:00:00-05:00,,complete,new_business,low,0.0
case_0848,intake_validation,2024-01-04 09:00:00-05:00,clerk_002,complete,new_business,low,44.56
case_0848,assigned_to_reviewer,2024-01-08 09:00:00-05:00,,complete,new_business,low,0.0
case_0848,review_in_progress,2024-01-08 09:21:20.387932-05:00,reviewer_002,complete,new_business,low,67.06
case_0848,request_additional_info,2024-01-11 09:00:00-05:00,,complete,new_business,low,0.0
case_0848,applicant_provided_info,2024-01-17 09:00:00-05:00,,complete,new_business,low,0.0
case_0848,review_in_progress,2024-01-22 09:00:00-05:00,reviewer_001,complete,new_business,low,41.17
case_0848,health_inspection,2024-01-25 09:00:00-05:00,inspector_001,complete,new_business,low,42.01
case_0848,approved,2024-01-29 09:00:00-05:00,,complete,new_business,low,0.0
case_0849,submitted,2024-01-02 09:00:00-05:00,,complete,new_business,normal,0.0
case_0849,intake_validation,2024-01-04 09:00:00-05:00,clerk_001,complete,new_business,normal,48.35
case_0849,assigned_to_reviewer,2024-01-05 09:00:00-05:00,,complete,new_business,normal,0.0
case_0849,review_in_progress,2024-01-05 09:17:18.477584-05:00,reviewer_002,complete,new_business,normal,54.01
case_0849,health_inspection,2024-01-12 09:00:00-05:00,inspector_001,complete,new_business,normal,34.27
case_0849,approved,2024-01-16 09:00:00-05:00,,complete,new_business,normal,0.0
case_0850,submitted,2024-01-02 09:00:00-05:00,,complete,existing_business,low,0.0
case_0850,intake_validation,2024-01-04 09:00:00-05:00,clerk_001,complete,existing_business,low,48.66
case_0850,assigned_to_reviewer,2024-01-08 09:00:00-05:00,,complete,existing_business,low,0.0
case_0850,review_in_progress,2024-01-08 09:25:20.612504-05:00,reviewer_003,complete,existing_business,low,61.69
case_0850,health_inspection,2024-01-11 09:00:00-05:00,inspector_003,complete,existing_business,low,68.21
case_0850,approved,2024-01-16 09:00:00-05:00,,complete,existing_business,low,0.0
case_0851,submitted,2024-01-02 09:00:00-05:00,,complete,existing_business,low,0.0
case_0851,intake_validation,2024-01-04 09:00:00-05:00,clerk_001,complete,existing_business,low,59.49
case_0851,assigned_to_reviewer,2024-01-08 09:00:00-05:00,,complete,existing_business,low,0.0
case_0851,review_in_progress,2024-01-08 09:20:10.111902-05:00,reviewer_003,complete,existing_business,low,36.82
case_0851,health_inspection,2024-01-12 10:23:44.367140-05:00,inspector_002,complete,existing_business,low,70.01
case_0851,approved,2024-01-17 09:21:04.929593-05:00,,complete,existing_business,low,0.0
case_0852,submitted,2024-01-02 09:00:00-05:00,,complete,new_business,normal,0.0
case_0852,intake_validation,2024-01-04 09:00:00-05:00,clerk_002,complete,new_business,normal,34.18
case_0852,assigned_to_reviewer,2024-01-08 09:00:00-05:00,,complete,new_business,normal,0.0
case_0852,review_in_progress,2024-01-08 09:09:39.978070-05:00,reviewer_003,complete,new_business,normal,53.18
case_0852,health_inspection,2024-01-12 09:00:00-05:00,inspector_003,complete,new_business,normal,66.7
case_0852,approved,2024-01-18 16:16:55.557521-05:00,,complete,new_business,normal,0.0
case_0853,submitted,2024-01-02 09:00:00-05:00,,complete,renewal,low,0.0
case_0853,intake_validation,2024-01-04 09:00:00-05:00,clerk_003,complete,renewal,low,66.57
case_0853,assigned_to_reviewer,2024-01-08 09:00:00-05:00,,complete,renewal,low,0.0
case_0853,review_in_progress,2024-01-08 09:19:15.152485-05:00,reviewer_004,complete,renewal,low,32.99
case_0853,health_inspection,2024-01-12 16:08:49.431420-05:00,inspector_003,complete,renewal,low,38.56
case_0853,rejected,2024-01-16 09:00:00-05:00,,complete,renewal,low,0.0
case_0854,submitted,2024-01-02 09:00:00-05:00,,complete,existing_business,normal,0.0
case_0854,intake_validation,2024-01-03 09:57:17.989539-05:00,clerk_001,complete,existing_business,normal,56.22
case_0854,assigned_to_reviewer,2024-01-05 09:00:00-05:00,,complete,existing_business,normal,0.0
case_0854,review_in_progress,2024-01-05 09:17:51.522005-05:00,reviewer_003,complete,existing_business,normal,19.67
case_0854,health_inspection,2024-01-09 16:10:09.292722-05:00,inspector_003,complete,existing_business,normal,82.47
case_0854,approved,2024-01-12 09:00:00-05:00,,complete,existing_business,normal,0.0
case_0855,submitted,2024-01-02 09:00:00-05:00,,complete,renewal,normal,0.0
case_0855,intake_validation,2024-01-04 09:00:00-05:00,clerk_002,complete,renewal,normal,61.74
case_0855,assigned_to_reviewer,2024-01-08 09:00:00-05:00,,complete,renewal,normal,0.0
case_0855,review_in_progress,2024-01-08 09:24:52.345827-05:00,reviewer_003,complete,renewal,normal,66.36
case_0855,request_additional_info,2024-01-11 09:26:37.659576-05:00,,complete,renewal,normal,0.0
case_0855,applicant_provided_info,2024-01-16 09:00:00-05:00,,complete,renewal,normal,0.0
case_0855,review_in_progress,2024-01-19 09:00:00-05:00,reviewer_003,complete,renewal,normal,33.39
case_0855,health_inspection,2024-01-23 15:53:38.730830-05:00,inspector_003,complete,renewal,normal,64.28
case_0855,rejected,2024-01-29 09:00:00-05:00,,complete,renewal,normal,0.0
case_0856,submitted,2024-01-02 09:00:00-05:00,,complete,renewal,normal,0.0
case_0856,intake_validation,2024-01-03 09:52:46.381134-05:00,clerk_002,complete,renewal,normal,61.61
case_0856,assigned_to_reviewer,2024-01-05 09:00:00-05:00,,complete,renewal,normal,0.0
case_0856,review_in_progress,2024-01-05 09:20:33.641352-05:00,reviewer_002,complete,renewal,normal,62.67
case_0856,request_additional_info,2024-01-11 12:45:44.918236-05:00,,complete,renewal,normal,0.0
case_0856,applicant_provided_info,2024-01-16 11:59:50.283455-05:00,,complete,renewal,normal,0.0
case_0856,review_in_progress,2024-01-19 09:00:00-05:00,reviewer_003,complete,renewal,normal,66.76
case_0856,request_additional_info,2024-01-23 09:00:00-05:00,,complete,renewal,normal,0.0
case_0856,withdrawn,2024-01-29 09:00:00-05:00,,complete,renewal,normal,0.0
case_0857,submitted,2024-01-02 09:00:00-05:00,,complete,new_business,low,0.0
case_0857,intake_validation,2024-01-04 09:00:00-05:00,clerk_002,complete,new_business,low,54.78
case_0857,assigned_to_reviewer,2024-01-08 09:00:00-05:00,,complete,new_business,low,0.0
case_0857,review_in_progress,2024-01-08 09:21:47.808240-05:00,reviewer_001,complete,new_business,low,39.87
case_0857,health_inspection,2024-01-11 09:00:00-05:00,inspector_003,complete,new_business,low,68.64
case_0857,approved,2024-01-16 09:00:00-05:00,,complete,new_business,low,0.0
case_0858,submitted,2024-01-02 09:00:00-05:00,,complete,renewal,normal,0.0
case_0858,intake_validation,2024-01-04 09:00:00-05:00,clerk_001,complete,renewal,normal,63.8
case_0858,assigned_to_reviewer,2024-01-08 09:00:00-05:00,,complete,renewal,normal,0.0
case_0858,review_in_progress,2024-01-08 09:13:28.363177-05:00,reviewer_002,complete,renewal,normal,53.98
case_0858,health_inspection,2024-01-12 09:00:00-05:00,inspector_001,complete,renewal,normal,53.15
case_0858,approved,2024-01-16 09:00:00-05:00,,complete,renewal,normal,0.0
case_0859,submitted,2024-01-02 09:00:00-05:00,,complete,existing_business,low,0.0
case_0859,intake_validation,2024-01-04 09:00:00-05:00,clerk_002,complete,existing_business,low,71.45
case_0859,assigned_to_reviewer,2024-01-05 13:30:24.745858-05:00,,complete,existing_business,low,0.0
case_0859,review_in_progress,2024-01-05 13:57:29.557536-05:00,reviewer_002,complete,existing_business,low,79.31
case_0859,request_additional_info,2024-01-10 09:00:00-05:00,,complete,existing_business,low,0.0
case_0859,applicant_provided_info,2024-01-16 09:00:00-05:00,,complete,existing_business,low,0.0
case_0859,review_in_progress,2024-01-19 09:00:00-05:00,reviewer_004,complete,existing_business,low,60.23
case_0859,request_additional_info,2024-01-23 09:00:00-05:00,,complete,existing_business,low,0.0
case_0859,applicant_provided_info,2024-01-30 09:00:00-05:00,,complete,existing_business,low,0.0
case_0859,review_in_progress,2024-02-02 09:00:00-05:00,reviewer_004,complete,existing_business,low,52.19
case_0859,health_inspection,2024-02-05 09:00:00-05:00,inspector_001,complete,existing_business,low,44.89
case_0859,rejected,2024-02-09 09:00:00-05:00,,complete,existing_business,low,0.0
case_0860,submitted,2024-01-02 09:00:00-05:00,,complete,new_business,high,0.0
case_0860,intake_validation,2024-01-04 09:00:00-05:00,clerk_003,complete,new_business,high,39.27
case_0860,assigned_to_reviewer,2024-01-08 09:00:00-05:00,,complete,new_business,high,0.0
case_0860,review_in_progress,2024-01-08 09:24:34.593402-05:00,reviewer_001,complete,new_business,high,30.67
case_0860,health_inspection,2024-01-11 09:00:00-05:00,inspector_003,complete,new_business,high,38.69
case_0860,approved,2024-01-18 09:00:00-05:00,,complete,new_business,high,0.0
case_0861,submitted,2024-01-02 09:00:00-05:00,,complete,renewal,high,0.0
case_0861,intake_validation,2024-01-03 10:39:19.229990-05:00,clerk_002,complete,renewal,high,31.7
case_0861,assigned_to_reviewer,2024-01-08 09:00:00-05:00,,complete,renewal,high,0.0
case_0861,review_in_progress,2024-01-08 09:06:34.511028-05:00,reviewer_002,complete,renewal,high,46.18
case_0861,health_inspection,2024-01-12 16:31:29.552197-05:00,inspector_001,complete,renewal,high,64.27
case_0861,approved,2024-01-17 16:07:25.774470-05:00,,complete,renewal,high,0.0
case_0862,submitted,2024-01-02 09:00:00-05:00,,complete,existing_business,high,0.0
case_0862,intake_validation,2024-01-04 09:00:00-05:00,clerk_002,complete,existing_business,high,35.58
case_0862,assigned_to_reviewer,2024-01-08 09:00:00-05:00,,complete,existing_business,high,0.0
case_0862,review_in_progress,2024-01-08 09:07:50.768500-05:00,reviewer_002,complete,existing_business,high,57.38
case_0862,request_additional_info,2024-01-16 09:00:00-05:00,,complete,existing_business,high,0.0
case_0862,applicant_provided_info,2024-01-23 09:00:00-05:00,,complete,existing_business,high,0.0
case_0862,review_in_progress,2024-01-26 09:00:00-05:00,reviewer_002,complete,existing_business,high,26.95
case_0862,request_additional_info,2024-01-29 12:45:33.583701-05:00,,complete,existing_business,high,0.0
case_0862,applicant_provided_info,2024-02-01 09:00:00-05:00,,complete,existing_business,high,0.0
case_0862,review_in_progress,2024-02-05 09:00:00-05:00,reviewer_004,complete,existing_business,high,52.98
case_0862,health_inspection,2024-02-12 09:00:00-05:00,inspector_002,complete,existing_business,high,23.88
case_0862,approved,2024-02-21 11:45:11.667233-05:00,,complete,existing_business,high,0.0
case_0863,submitted,2024-01-02 09:00:00-05:00,,complete,existing_business,high,0.0
case_0863,intake_validation,2024-01-04 09:00:00-05:00,clerk_002,complete,existing_business,high,10.0
case_0863,assigned_to_reviewer,2024-01-08 09:00:00-05:00,,complete,existing_business,high,0.0
case_0863,review_in_progress,2024-01-08 09:08:47.868085-05:00,reviewer_002,complete,existing_business,high,42.65
case_0863,health_inspection,2024-01-16 09:00:00-05:00,inspector_003,complete,existing_business,high,52.26
case_0863,approved,2024-01-17 09:12:55.350347-05:00,,complete,existing_business,high,0.0
case_0864,submitted,2024-01-02 09:00:00-05:00,,complete,renewal,normal,0.0
case_0864,intake_validation,2024-01-04 09:00:00-05:00,clerk_003,complete,renewal,normal,65.71
case_0864,assigned_to_reviewer,2024-01-08 09:00:00-05:00,,complete,renewal,normal,0.0
case_0864,review_in_progress,2024-01-08 09:06:57.049675-05:00,reviewer_002,complete,renewal,normal,66.31
case_0864,health_inspection,2024-01-16 09:00:00-05:00,inspector_002,complete,renewal,normal,34.53
case_0864,approved,2024-01-18 11:31:58.572189-05:00,,complete,renewal,normal,0.0
case_0865,submitted,2024-01-02 09:00:00-05:00,,complete,new_business,normal,0.0
case_0865,intake_validation,2024-01-04 09:00:00-05:00,clerk_001,complete,new_business,normal,69.17
case_0865,assigned_to_reviewer,2024-01-05 09:51:21.116943-05:00,,complete,new_business,normal,0.0
case_0865,review_in_progress,2024-01-05 09:58:51.357585-05:00,reviewer_002,complete,new_business,normal,30.17
case_0865,request_additional_info,2024-01-09 09:00:00-05:00,,complete,new_business,normal,0.0
case_0865,applicant_provided_info,2024-01-11 09:00:00-05:00,,complete,new_business,normal,0.0
case_0865,review_in_progress,2024-01-16 09:00:00-05:00,reviewer_002,complete,new_business,normal,73.82
case_0865,health_inspection,2024-01-22 09:00:00-05:00,inspector_003,complete,new_business,normal,34.82
case_0865,approved,2024-01-25 09:13:08.878528-05:00,,complete,new_business,normal,0.0
case_0866,submitted,2024-01-02 09:00:00-05:00,,complete,new_business,normal,0.0
case_0866,intake_validation,2024-01-04 09:00:00-05:00,clerk_001,complete,new_business,normal,64.0
case_0866,assigned_to_reviewer,2024-01-05 09:00:00-05:00,,complete,new_business,normal,0.0
case_0866,review_in_progress,2024-01-05 09:25:01.650445-05:00,reviewer_002,complete,new_business,normal,74.36
case_0866,request_additional_info,2024-01-09 09:00:00-05:00,,complete,new_business,normal,0.0
case_0866,withdrawn,2024-01-11 14:59:35.601977-05:00,,complete,new_business,normal,0.0
case_0867,submitted,2024-01-02 09:00:00-05:00,,complete,renewal,normal,0.0
case_0867,intake_validation,2024-01-03 15:08:22.673998-05:00,clerk_002,complete,renewal,normal,45.8
case_0867,assigned_to_reviewer,2024-01-05 11:10:08.929965-05:00,,complete,renewal,normal,0.0
case_0867,review_in_progress,2024-01-05 11:16:10.072782-05:00,reviewer_002,complete,renewal,normal,51.19
case_0867,request_additional_info,2024-01-09 13:49:14.947432-05:00,,complete,renewal,normal,0.0
case_0867,applicant_provided_info,2024-01-11 09:00:00-05:00,,complete,renewal,normal,0.0
case_0867,review_in_progress,2024-01-16 09:00:00-05:00,reviewer_001,complete,renewal,normal,61.39
case_0867,request_additional_info,2024-01-18 09:00:00-05:00,,complete,renewal,normal,0.0
case_0867,applicant_provided_info,2024-01-22 09:00:00-05:00,,complete,renewal,normal,0.0
case_0867,review_in_progress,2024-01-25 09:00:00-05:00,reviewer_001,complete,renewal,normal,51.35
case_0867,health_inspection,2024-01-29 09:00:00-05:00,inspector_002,complete,renewal,normal,48.65
case_0867,approved,2024-02-05 09:00:00-05:00,,complete,renewal,normal,0.0
case_0868,submitted,2024-01-02 09:00:00-05:00,,complete,existing_business,high,0.0
case_0868,intake_validation,2024-01-03 10:26:04.520352-05:00,clerk_002,complete,existing_business,high,56.2
case_0868,assigned_to_reviewer,2024-01-05 09:00:00-05:00,,complete,existing_business,high,0.0
case_0868,review_in_progress,2024-01-05 09:07:33.488999-05:00,reviewer_002,complete,existing_business,high,48.62
case_0868,request_additional_info,2024-01-10 09:00:00-05:00,,complete,existing_business,high,0.0
case_0868,applicant_provided_info,2024-01-11 11:07:43.062303-05:00,,complete,existing_business,high,0.0
case_0868,review_in_progress,2024-01-16 09:00:00-05:00,reviewer_001,complete,existing_business,high,39.96
case_0868,health_inspection,2024-01-18 09:44:36.578057-05:00,inspector_002,complete,existing_business,high,31.35
case_0868,approved,2024-01-22 09:00:00-05:00,,complete,existing_business,high,0.0
case_0869,submitted,2024-01-02 09:00:00-05:00,,complete,renewal,high,0.0
case_0869,intake_validation,2024-01-04 09:00:00-05:00,clerk_003,complete,renewal,high,82.19
case_0869,rejected,2024-01-08 09:00:00-05:00,,complete,renewal,high,0.0
case_0870,submitted,2024-01-02 09:00:00-05:00,,complete,new_business,low,0.0
case_0870,intake_validation,2024-01-04 09:00:00-05:00,clerk_002,complete,new_business,low,65.67
case_0870,assigned_to_reviewer,2024-01-08 09:00:00-05:00,,complete,new_business,low,0.0
case_0870,review_in_progress,2024-01-08 09:06:27.168317-05:00,reviewer_004,complete,new_business,low,62.12
case_0870,health_inspection,2024-01-11 09:00:00-05:00,inspector_002,complete,new_business,low,71.47
case_0870,approved,2024-01-16 09:00:00-05:00,,complete,new_business,low,0.0
case_0871,submitted,2024-01-02 09:00:00-05:00,,complete,new_business,normal,0.0
case_0871,intake_validation,2024-01-04 09:00:00-05:00,clerk_003,complete,new_business,normal,56.75
case_0871,assigned_to_reviewer,2024-01-05 15:45:04.237198-05:00,,complete,new_business,normal,0.0
case_0871,review_in_progress,2024-01-05 15:51:58.033084-05:00,reviewer_002,complete,new_business,normal,73.68
case_0871,request_additional_info,2024-01-11 13:05:11.373809-05:00,,complete,new_business,normal,0.0
case_0871,applicant_provided_info,2024-01-16 09:00:00-05:00,,complete,new_business,normal,0.0
case_0871,review_in_progress,2024-01-19 09:00:00-05:00,reviewer_003,complete,new_business,normal,46.51
case_0871,health_inspection,2024-01-22 09:00:00-05:00,inspector_001,complete,new_business,normal,46.97
case_0871,approved,2024-01-24 09:00:00-05:00,,complete,new_business,normal,0.0
case_0872,submitted,2024-01-02 09:00:00-05:00,,complete,new_business,low,0.0
case_0872,intake_validation,2024-01-04 09:00:00-05:00,clerk_001,complete,new_business,low,48.77
case_0872,assigned_to_reviewer,2024-01-08 09:00:00-05:00,,complete,new_business,low,0.0
case_0872,review_in_progress,2024-01-08 09:09:01.786203-05:00,reviewer_002,complete,new_business,low,38.58
case_0872,request_additional_info,2024-01-16 09:00:00-05:00,,complete,new_business,low,0.0
case_0872,applicant_provided_info,2024-01-22 09:00:00-05:00,,complete,new_business,low,0.0
case_0872,review_in_progress,2024-01-24 15:19:44.447140-05:00,reviewer_002,complete,new_business,low,47.26
case_0872,health_inspection,2024-01-30 16:46:23.884033-05:00,inspector_002,complete,new_business,low,74.66
case_0872,approved,2024-02-05 09:00:00-05:00,,complete,new_business,low,0.0
case_0873,submitted,2024-01-02 09:00:00-05:00,,complete,existing_business,normal,0.0
case_0873,intake_validation,2024-01-04 09:00:00-05:00,clerk_001,complete,existing_business,normal,39.27
case_0873,assigned_to_reviewer,2024-01-08 09:00:00-05:00,,complete,existing_business,normal,0.0
case_0873,review_in_progress,2024-01-08 09:10:15.691649-05:00,reviewer_004,complete,existing_business,normal,51.91
case_0873,request_additional_info,2024-01-11 16:35:44.535990-05:00,,complete,existing_business,normal,0.0
case_0873,applicant_provided_info,2024-01-16 09:00:00-05:00,,complete,existing_business,normal,0.0
case_0873,review_in_progress,2024-01-19 09:00:00-05:00,reviewer_004,complete,existing_business,normal,62.47
case_0873,health_inspection,2024-01-23 13:10:16.654817-05:00,inspector_001,complete,existing_business,normal,37.1
case_0873,approved,2024-01-29 09:00:00-05:00,,complete,existing_business,normal,0.0
case_0874,submitted,2024-01-02 09:00:00-05:00,,complete,new_business,normal,0.0
case_0874,intake_validation,2024-01-04 09:00:00-05:00,clerk_003,complete,new_business,normal,63.32
case_0874,assigned_to_reviewer,2024-01-08 09:00:00-05:00,,complete,new_business,normal,0.0
case_0874,review_in_progress,2024-01-08 09:19:28.117943-05:00,reviewer_003,complete,new_business,normal,43.09
case_0874,request_additional_info,2024-01-11 14:40:49.694393-05:00,,complete,new_business,normal,0.0
case_0874,withdrawn,2024-01-16 09:00:00-05:00,,complete,new_business,normal,0.0
case_0875,submitted,2024-01-02 09:00:00-05:00,,complete,new_business,low,0.0
case_0875,intake_validation,2024-01-04 09:00:00-05:00,clerk_002,complete,new_business,low,57.61
case_0875,assigned_to_reviewer,2024-01-08 09:00:00-05:00,,complete,new_business,low,0.0
case_0875,review_in_progress,2024-01-08 09:16:59.039868-05:00,reviewer_004,complete,new_business,low,46.05
case_0875,health_inspection,2024-01-16 09:00:00-05:00,inspector_001,complete,new_business,low,45.22
case_0875,approved,2024-01-19 09:00:00-05:00,,complete,new_business,low,0.0
case_0876,submitted,2024-01-02 09:00:00-05:00,,complete,new_business,normal,0.0
case_0876,intake_validation,2024-01-04 09:00:00-05:00,clerk_002,complete,new_business,normal,85.28
case_0876,assigned_to_reviewer,2024-01-08 09:00:00-05:00,,complete,new_business,normal,0.0
case_0876,review_in_progress,2024-01-08 09:20:46.912007-05:00,reviewer_004,complete,new_business,normal,51.4
case_0876,request_additional_info,2024-01-11 09:00:00-05:00,,complete,new_business,normal,0.0
case_0876,applicant_provided_info,2024-01-16 09:00:00-05:00,,complete,new_business,normal,0.0
case_0876,review_in_progress,2024-01-19 09:00:00-05:00,reviewer_002,complete,new_business,normal,44.15
case_0876,health_inspection,2024-01-23 09:00:00-05:00,inspector_003,complete,new_business,normal,35.54
case_0876,approved,2024-01-29 09:00:00-05:00,,complete,new_business,normal,0.0
case_0877,submitted,2024-01-02 09:00:00-05:00,,complete,existing_business,low,0.0
case_0877,intake_validation,2024-01-04 09:00:00-05:00,clerk_002,complete,existing_business,low,52.38
case_0877,assigned_to_reviewer,2024-01-08 09:00:00-05:00,,complete,existing_business,low,0.0
case_0877,review_in_progress,2024-01-08 09:23:33.958307-05:00,reviewer_001,complete,existing_business,low,91.35
case_0877,request_additional_info,2024-01-10 13:26:04.285527-05:00,,complete,existing_business,low,0.0
case_0877,applicant_provided_info,2024-01-16 09:00:00-05:00,,complete,existing_business,low,0.0
case_0877,review_in_progress,2024-01-18 13:24:52.721408-05:00,reviewer_004,complete,existing_business,low,44.57
case_0877,request_additional_info,2024-01-23 16:31:39.685499-05:00,,complete,existing_business,low,0.0
case_0877,applicant_provided_info,2024-01-29 09:00:00-05:00,,complete,existing_business,low,0.0
case_0877,review_in_progress,2024-02-01 09:00:00-05:00,reviewer_004,complete,existing_business,low,52.6
case_0877,request_additional_info,2024-02-05 09:00:00-05:00,,complete,existing_business,low,0.0
case_0877,withdrawn,2024-02-12 09:00:00-05:00,,complete,existing_business,low,0.0
case_0878,submitted,2024-01-02 09:00:00-05:00,,complete,existing_business,normal,0.0
case_0878,intake_validation,2024-01-04 09:00:00-05:00,clerk_003,complete,existing_business,normal,56.72
case_0878,assigned_to_reviewer,2024-01-05 14:16:19.884572-05:00,,complete,existing_business,normal,0.0
case_0878,review_in_progress,2024-01-05 14:31:31.790069-05:00,reviewer_002,complete,existing_business,normal,38.05
case_0878,request_additional_info,2024-01-11 09:00:00-05:00,,complete,existing_business,normal,0.0
case_0878,applicant_provided_info,2024-01-16 09:00:00-05:00,,complete,existing_business,normal,0.0
case_0878,review_in_progress,2024-01-19 09:00:00-05:00,reviewer_004,complete,existing_business,normal,38.71
case_0878,request_additional_info,2024-01-22 09:00:00-05:00,,complete,existing_business,normal,0.0
case_0878,applicant_provided_info,2024-01-23 12:57:56.681480-05:00,,complete,existing_business,normal,0.0
case_0878,review_in_progress,2024-01-26 09:00:00-05:00,reviewer_002,complete,existing_business,normal,28.15
case_0878,health_inspection,2024-01-29 09:00:00-05:00,inspector_001,complete,existing_business,normal,37.06
case_0878,approved,2024-02-02 09:00:00-05:00,,complete,existing_business,normal,0.0
case_0879,submitted,2024-01-02 09:00:00-05:00,,complete,existing_business,normal,0.0
case_0879,intake_validation,2024-01-04 09:00:00-05:00,clerk_001,complete,existing_business,normal,25.3
case_0879,assigned_to_reviewer,2024-01-05 15:03:31.428899-05:00,,complete,existing_business,normal,0.0
case_0879,review_in_progress,2024-01-05 15:30:16.993223-05:00,reviewer_002,complete,existing_business,normal,39.61
case_0879,health_inspection,2024-01-08 10:43:16.906596-05:00,inspector_001,complete,existing_business,normal,62.21
case_0879,approved,2024-01-16 09:00:00-05:00,,complete,existing_business,normal,0.0
case_0880,submitted,2024-01-02 09:00:00-05:00,,complete,new_business,low,0.0
case_0880,intake_validation,2024-01-04 09:00:00-05:00,clerk_003,complete,new_business,low,50.8
case_0880,assigned_to_reviewer,2024-01-05 16:13:30.224357-05:00,,complete,new_business,low,0.0
case_0880,review_in_progress,2024-01-05 16:39:58.855101-05:00,reviewer_002,complete,new_business,low,46.26
case_0880,request_additional_info,2024-01-16 09:00:00-05:00,,complete,new_business,low,0.0
case_0880,applicant_provided_info,2024-01-19 09:00:00-05:00,,complete,new_business,low,0.0
case_0880,review_in_progress,2024-01-22 09:00:00-05:00,reviewer_002,complete,new_business,low,48.93
case_0880,health_inspection,2024-01-30 09:00:00-05:00,inspector_001,complete,new_business,low,52.94
case_0880,approved,2024-02-02 09:00:00-05:00,,complete,new_business,low,0.0
case_0881,submitted,2024-01-02 09:00:00-05:00,,complete,new_business,high,0.0
case_0881,intake_validation,2024-01-04 09:00:00-05:00,clerk_001,complete,new_business,high,54.38
case_0881,assigned_to_reviewer,2024-01-08 09:00:00-05:00,,complete,new_business,high,0.0
case_0881,review_in_progress,2024-01-08 09:24:53.574394-05:00,reviewer_003,complete,new_business,high,65.02
case_0881,request_additional_info,2024-01-11 09:00:00-05:00,,complete,new_business,high,0.0
case_0881,applicant_provided_info,2024-01-16 09:00:00-05:00,,complete,new_business,high,0.0
case_0881,review_in_progress,2024-01-19 09:00:00-05:00,reviewer_001,complete,new_business,high,59.07
case_0881,health_inspection,2024-01-23 09:00:00-05:00,inspector_003,complete,new_business,high,23.19
case_0881,approved,2024-01-25 09:00:00-05:00,,complete,new_business,high,0.0
case_0882,submitted,2024-01-02 09:00:00-05:00,,complete,new_business,high,0.0
case_0882,intake_validation,2024-01-03 12:16:52.386645-05:00,clerk_002,complete,new_business,high,46.48
case_0882,assigned_to_reviewer,2024-01-08 09:00:00-05:00,,complete,new_business,high,0.0
case_0882,review_in_progress,2024-01-08 09:17:26.069078-05:00,reviewer_002,complete,new_business,high,45.61
case_0882,request_additional_info,2024-01-16 09:00:00-05:00,,complete,new_business,high,0.0
case_0882,withdrawn,2024-01-18 09:00:00-05:00,,complete,new_business,high,0.0
case_0883,submitted,2024-01-02 09:00:00-05:00,,complete,new_business,normal,0.0
case_0883,intake_validation,2024-01-04 09:00:00-05:00,clerk_002,complete,new_business,normal,65.25
case_0883,assigned_to_reviewer,2024-01-08 09:00:00-05:00,,complete,new_business,normal,0.0
case_0883,review_in_progress,2024-01-08 09:14:21.625574-05:00,reviewer_001,complete,new_business,normal,52.65
case_0883,request_additional_info,2024-01-10 09:00:00-05:00,,complete,new_business,normal,0.0
case_0883,applicant_provided_info,2024-01-16 09:00:00-05:00,,complete,new_business,normal,0.0
case_0883,review_in_progress,2024-01-19 09:00:00-05:00,reviewer_002,complete,new_business,normal,83.62
case_0883,health_inspection,2024-01-23 09:00:00-05:00,inspector_003,complete,new_business,normal,37.03
case_0883,approved,2024-01-25 09:00:00-05:00,,complete,new_business,normal,0.0
case_0884,submitted,2024-01-02 09:00:00-05:00,,complete,renewal,high,0.0
case_0884,intake_validation,2024-01-04 09:00:00-05:00,clerk_002,complete,renewal,high,50.26
case_0884,assigned_to_reviewer,2024-01-08 09:00:00-05:00,,complete,renewal,high,0.0
case_0884,review_in_progress,2024-01-08 09:16:13.323112-05:00,reviewer_002,complete,renewal,high,70.12
case_0884,health_inspection,2024-01-16 09:00:00-05:00,inspector_003,complete,renewal,high,47.71
case_0884,approved,2024-01-22 09:00:00-05:00,,complete,renewal,high,0.0
case_0885,submitted,2024-01-02 09:00:00-05:00,,complete,new_business,high,0.0
case_0885,intake_validation,2024-01-04 09:00:00-05:00,clerk_003,complete,new_business,high,55.71
case_0885,assigned_to_reviewer,2024-01-08 09:00:00-05:00,,complete,new_business,high,0.0
case_0885,review_in_progress,2024-01-08 09:15:42.058562-05:00,reviewer_002,complete,new_business,high,42.32
case_0885,request_additional_info,2024-01-12 09:00:00-05:00,,complete,new_business,high,0.0
case_0885,applicant_provided_info,2024-01-16 09:00:00-05:00,,complete,new_business,high,0.0
case_0885,review_in_progress,2024-01-18 10:59:31.468352-05:00,reviewer_003,complete,new_business,high,45.61
case_0885,health_inspection,2024-01-22 09:00:00-05:00,inspector_003,complete,new_business,high,78.32
case_0885,approved,2024-01-26 09:00:00-05:00,,complete,new_business,high,0.0
case_0886,submitted,2024-01-02 09:00:00-05:00,,complete,renewal,normal,0.0
case_0886,intake_validation,2024-01-04 09:00:00-05:00,clerk_002,complete,renewal,normal,55.91
case_0886,assigned_to_reviewer,2024-01-08 09:00:00-05:00,,complete,renewal,normal,0.0
case_0886,review_in_progress,2024-01-08 09:25:18.058030-05:00,reviewer_001,complete,renewal,normal,35.79
case_0886,health_inspection,2024-01-10 09:00:00-05:00,inspector_002,complete,renewal,normal,60.68
case_0886,approved,2024-01-17 14:31:09.029874-05:00,,complete,renewal,normal,0.0
case_0887,submitted,2024-01-02 09:00:00-05:00,,complete,existing_business,low,0.0
case_0887,intake_validation,2024-01-03 15:48:49.694518-05:00,clerk_002,complete,existing_business,low,58.98
case_0887,assigned_to_reviewer,2024-01-08 09:00:00-05:00,,complete,existing_business,low,0.0
case_0887,review_in_progress,2024-01-08 09:20:32.633793-05:00,reviewer_001,complete,existing_business,low,49.39
case_0887,request_additional_info,2024-01-11 09:00:00-05:00,,complete,existing_business,low,0.0
case_0887,applicant_provided_info,2024-01-16 09:00:00-05:00,,complete,existing_business,low,0.0
case_0887,review_in_progress,2024-01-19 09:00:00-05:00,reviewer_004,complete,existing_business,low,54.19
case_0887,request_additional_info,2024-01-22 09:43:59.368774-05:00,,complete,existing_business,low,0.0
case_0887,applicant_provided_info,2024-01-29 09:00:00-05:00,,complete,existing_business,low,0.0
case_0887,review_in_progress,2024-02-01 09:00:00-05:00,reviewer_004,complete,existing_business,low,60.99
case_0887,health_inspection,2024-02-06 09:00:00-05:00,inspector_003,complete,existing_business,low,68.52
case_0887,rejected,2024-02-09 09:00:00-05:00,,complete,existing_business,low,0.0
case_0888,submitted,2024-01-02 09:00:00-05:00,,complete,renewal,normal,0.0
case_0888,intake_validation,2024-01-04 09:00:00-05:00,clerk_001,complete,renewal,normal,63.01
case_0888,assigned_to_reviewer,2024-01-08 09:00:00-05:00,,complete,renewal,normal,0.0
case_0888,review_in_progress,2024-01-08 09:20:55.765932-05:00,reviewer_003,complete,renewal,normal,63.44
case_0888,request_additional_info,2024-01-11 09:04:03.599209-05:00,,complete,renewal,normal,0.0
case_0888,applicant_provided_info,2024-01-17 14:34:34.311074-05:00,,complete,renewal,normal,0.0
case_0888,review_in_progress,2024-01-22 09:00:00-05:00,reviewer_001,complete,renewal,normal,43.1
case_0888,health_inspection,2024-01-25 09:00:00-05:00,inspector_003,complete,renewal,normal,39.74
case_0888,approved,2024-01-29 09:00:00-05:00,,complete,renewal,normal,0.0
case_0889,submitted,2024-01-02 09:00:00-05:00,,complete,existing_business,normal,0.0
case_0889,intake_validation,2024-01-03 09:32:30.291500-05:00,clerk_002,complete,existing_business,normal,69.07
case_0889,assigned_to_reviewer,2024-01-08 09:00:00-05:00,,complete,existing_business,normal,0.0
case_0889,review_in_progress,2024-01-08 09:17:09.109178-05:00,reviewer_001,complete,existing_business,normal,47.75
case_0889,request_additional_info,2024-01-10 09:00:00-05:00,,complete,existing_business,normal,0.0
case_0889,applicant_provided_info,2024-01-16 09:00:00-05:00,,complete,existing_business,normal,0.0
case_0889,review_in_progress,2024-01-18 15:00:50.199321-05:00,reviewer_002,complete,existing_business,normal,46.28
case_0889,health_inspection,2024-01-22 09:00:00-05:00,inspector_003,complete,existing_business,normal,30.14
case_0889,approved,2024-01-29 09:00:00-05:00,,complete,existing_business,normal,0.0
case_0890,submitted,2024-01-02 09:00:00-05:00,,complete,existing_business,normal,0.0
case_0890,intake_validation,2024-01-03 15:40:41.435600-05:00,clerk_002,complete,existing_business,normal,60.28
case_0890,assigned_to_reviewer,2024-01-08 09:00:00-05:00,,complete,existing_business,normal,0.0
case_0890,review_in_progress,2024-01-08 09:14:37.371993-05:00,reviewer_003,complete,existing_business,normal,32.4
case_0890,health_inspection,2024-01-12 09:00:00-05:00,inspector_001,complete,existing_business,normal,41.84
case_0890,approved,2024-01-16 09:00:00-05:00,,complete,existing_business,normal,0.0
case_0891,submitted,2024-01-02 09:00:00-05:00,,complete,new_business,low,0.0
case_0891,intake_validation,2024-01-04 09:00:00-05:00,clerk_001,complete,new_business,low,64.51
case_0891,assigned_to_reviewer,2024-01-08 09:00:00-05:00,,complete,new_business,low,0.0
case_0891,review_in_progress,2024-01-08 09:19:14.645363-05:00,reviewer_002,complete,new_business,low,62.07
case_0891,request_additional_info,2024-01-16 09:00:00-05:00,,complete,new_business,low,0.0
case_0891,applicant_provided_info,2024-01-22 09:00:00-05:00,,complete,new_business,low,0.0
case_0891,review_in_progress,2024-01-24 16:05:53.747708-05:00,reviewer_004,complete,new_business,low,51.56
case_0891,health_inspection,2024-01-29 09:00:00-05:00,inspector_003,complete,new_business,low,62.19
case_0891,rejected,2024-01-31 11:31:21.867097-05:00,,complete,new_business,low,0.0
case_0892,submitted,2024-01-02 09:00:00-05:00,,complete,new_business,normal,0.0
case_0892,intake_validation,2024-01-03 09:45:57.001195-05:00,clerk_002,complete,new_business,normal,50.7
case_0892,assigned_to_reviewer,2024-01-05 11:22:08.258747-05:00,,complete,new_business,normal,0.0
case_0892,review_in_progress,2024-01-05 11:50:45.166196-05:00,reviewer_001,complete,new_business,normal,37.25
case_0892,request_additional_info,2024-01-08 09:00:00-05:00,,complete,new_business,normal,0.0
case_0892,applicant_provided_info,2024-01-11 16:19:15.136256-05:00,,complete,new_business,normal,0.0
case_0892,review_in_progress,2024-01-16 09:00:00-05:00,reviewer_001,complete,new_business,normal,47.19
case_0892,health_inspection,2024-01-18 09:00:00-05:00,inspector_003,complete,new_business,normal,51.49
case_0892,approved,2024-01-24 09:00:00-05:00,,complete,new_business,normal,0.0
case_0893,submitted,2024-01-02 09:00:00-05:00,,complete,new_business,normal,0.0
case_0893,intake_validation,2024-01-04 09:00:00-05:00,clerk_001,complete,new_business,normal,58.24
case_0893,rejected,2024-01-08 09:00:00-05:00,,complete,new_business,normal,0.0
case_0894,submitted,2024-01-02 09:00:00-05:00,,complete,new_business,normal,0.0
case_0894,intake_validation,2024-01-04 09:00:00-05:00,clerk_002,complete,new_business,normal,43.58
case_0894,assigned_to_reviewer,2024-01-08 09:00:00-05:00,,complete,new_business,normal,0.0
case_0894,review_in_progress,2024-01-08 09:09:08.671625-05:00,reviewer_002,complete,new_business,normal,52.42
case_0894,request_additional_info,2024-01-16 09:00:00-05:00,,complete,new_business,normal,0.0
case_0894,applicant_provided_info,2024-01-19 12:43:20.260517-05:00,,complete,new_business,normal,0.0
case_0894,review_in_progress,2024-01-22 09:00:00-05:00,reviewer_003,complete,new_business,normal,10.0
case_0894,health_inspection,2024-01-24 09:21:24.143951-05:00,inspector_002,complete,new_business,normal,57.21
case_0894,approved,2024-01-26 09:00:00-05:00,,complete,new_business,normal,0.0
case_0895,submitted,2024-01-02 09:00:00-05:00,,complete,new_business,normal,0.0
case_0895,intake_validation,2024-01-04 09:00:00-05:00,clerk_001,complete,new_business,normal,59.08
case_0895,assigned_to_reviewer,2024-01-08 09:00:00-05:00,,complete,new_business,normal,0.0
case_0895,review_in_progress,2024-01-08 09:21:25.901215-05:00,reviewer_003,complete,new_business,normal,62.7
case_0895,request_additional_info,2024-01-12 09:00:00-05:00,,complete,new_business,normal,0.0
case_0895,applicant_provided_info,2024-01-16 09:00:00-05:00,,complete,new_business,normal,0.0
case_0895,review_in_progress,2024-01-18 13:24:40.935601-05:00,reviewer_002,complete,new_business,normal,56.84
case_0895,request_additional_info,2024-01-24 13:56:48.897925-05:00,,complete,new_business,normal,0.0
case_0895,applicant_provided_info,2024-01-29 09:00:00-05:00,,complete,new_business,normal,0.0
case_0895,review_in_progress,2024-02-01 09:00:00-05:00,reviewer_004,complete,new_business,normal,54.93
case_0895,health_inspection,2024-02-05 09:00:00-05:00,inspector_002,complete,new_business,normal,58.65
case_0895,approved,2024-02-09 09:00:00-05:00,,complete,new_business,normal,0.0
case_0896,submitted,2024-01-02 09:00:00-05:00,,complete,new_business,low,0.0
case_0896,intake_validation,2024-01-04 09:00:00-05:00,clerk_002,complete,new_business,low,43.59
case_0896,assigned_to_reviewer,2024-01-08 09:00:00-05:00,,complete,new_business,low,0.0
case_0896,review_in_progress,2024-01-08 09:13:57.356626-05:00,reviewer_003,complete,new_business,low,58.52
case_0896,health_inspection,2024-01-16 09:00:00-05:00,inspector_003,complete,new_business,low,36.16
case_0896,rejected,2024-01-18 13:11:48.789868-05:00,,complete,new_business,low,0.0
case_0897,submitted,2024-01-02 09:00:00-05:00,,complete,renewal,normal,0.0
case_0897,intake_validation,2024-01-04 09:00:00-05:00,clerk_002,complete,renewal,normal,58.73
case_0897,assigned_to_reviewer,2024-01-08 09:00:00-05:00,,complete,renewal,normal,0.0
case_0897,review_in_progress,2024-01-08 09:09:00.031125-05:00,reviewer_001,complete,renewal,normal,53.36
case_0897,health_inspection,2024-01-10 09:00:00-05:00,inspector_002,complete,renewal,normal,45.09
case_0897,approved,2024-01-17 09:00:00-05:00,,complete,renewal,normal,0.0
case_0898,submitted,2024-01-02 09:00:00-05:00,,complete,existing_business,low,0.0
case_0898,intake_validation,2024-01-04 09:00:00-05:00,clerk_001,complete,existing_business,low,53.26
case_0898,assigned_to_reviewer,2024-01-08 09:00:00-05:00,,complete,existing_business,low,0.0
case_0898,review_in_progress,2024-01-08 09:14:02.831475-05:00,reviewer_002,complete,existing_business,low,31.4
case_0898,health_inspection,2024-01-16 09:00:00-05:00,inspector_003,complete,existing_business,low,51.61
case_0898,approved,2024-01-22 09:00:00-05:00,,complete,existing_business,low,0.0
case_0899,submitted,2024-01-02 09:00:00-05:00,,complete,new_business,high,0.0
case_0899,intake_validation,2024-01-03 15:51:56.188832-05:00,clerk_001,complete,new_business,high,53.6
case_0899,assigned_to_reviewer,2024-01-05 15:30:26.214625-05:00,,complete,new_business,high,0.0
case_0899,review_in_progress,2024-01-05 15:58:14.210612-05:00,reviewer_003,complete,new_business,high,50.49
case_0899,health_inspection,2024-01-10 09:20:12.523268-05:00,inspector_002,complete,new_business,high,53.09
case_0899,approved,2024-01-16 09:00:00-05:00,,complete,new_business,high,0.0
case_0900,submitted,2024-01-02 09:00:00-05:00,,complete,new_business,normal,0.0
case_0900,intake_validation,2024-01-04 09:00:00-05:00,clerk_002,complete,new_business,normal,61.21
case_0900,assigned_to_reviewer,2024-01-08 09:00:00-05:00,,complete,new_business,normal,0.0
case_0900,review_in_progress,2024-01-08 09:22:23.536225-05:00,reviewer_003,complete,new_business,normal,60.12
case_0900,health_inspection,2024-01-11 09:00:00-05:00,inspector_001,complete,new_business,normal,40.78
case_0900,approved,2024-01-16 09:00:00-05:00,,complete,new_business,normal,0.0
case_0901,submitted,2024-01-02 09:00:00-05:00,,complete,existing_business,low,0.0
case_0901,intake_validation,2024-01-03 16:01:41.126694-05:00,clerk_003,complete,existing_business,low,71.73
case_0901,assigned_to_reviewer,2024-01-05 09:43:49.809151-05:00,,complete,existing_business,low,0.0
case_0901,review_in_progress,2024-01-05 10:13:40.338564-05:00,reviewer_002,complete,existing_business,low,28.76
case_0901,health_inspection,2024-01-16 09:00:00-05:00,inspector_003,complete,existing_business,low,43.92
case_0901,rejected,2024-01-22 09:00:00-05:00,,complete,existing_business,low,0.0
case_0902,submitted,2024-01-02 09:00:00-05:00,,complete,new_business,normal,0.0
case_0902,intake_validation,2024-01-04 09:00:00-05:00,clerk_003,complete,new_business,normal,38.49
case_0902,assigned_to_reviewer,2024-01-08 09:00:00-05:00,,complete,new_business,normal,0.0
case_0902,review_in_progress,2024-01-08 09:06:31.219521-05:00,reviewer_001,complete,new_business,normal,65.48
case_0902,health_inspection,2024-01-10 09:00:00-05:00,inspector_002,complete,new_business,normal,50.57
case_0902,approved,2024-01-16 09:00:00-05:00,,complete,new_business,normal,0.0
case_0903,submitted,2024-01-02 09:00:00-05:00,,complete,new_business,normal,0.0
case_0903,intake_validation,2024-01-04 09:00:00-05:00,clerk_002,complete,new_business,normal,41.09
case_0903,assigned_to_reviewer,2024-01-08 09:00:00-05:00,,complete,new_business,normal,0.0
case_0903,review_in_progress,2024-01-08 09:24:39.781679-05:00,reviewer_004,complete,new_business,normal,43.75
case_0903,health_inspection,2024-01-16 09:00:00-05:00,inspector_001,complete,new_business,normal,64.88
case_0903,approved,2024-01-22 09:00:00-05:00,,complete,new_business,normal,0.0
case_0904,submitted,2024-01-02 09:00:00-05:00,,complete,existing_business,normal,0.0
case_0904,intake_validation,2024-01-04 09:00:00-05:00,clerk_002,complete,existing_business,normal,33.89
case_0904,assigned_to_reviewer,2024-01-08 09:00:00-05:00,,complete,existing_business,normal,0.0
case_0904,review_in_progress,2024-01-08 09:29:20.350669-05:00,reviewer_002,complete,existing_business,normal,60.4
case_0904,request_additional_info,2024-01-16 09:00:00-05:00,,complete,existing_business,normal,0.0
case_0904,applicant_provided_info,2024-01-22 09:00:00-05:00,,complete,existing_business,normal,0.0
case_0904,review_in_progress,2024-01-25 09:00:00-05:00,reviewer_001,complete,existing_business,normal,39.89
case_0904,request_additional_info,2024-01-29 09:00:00-05:00,,complete,existing_business,normal,0.0
case_0904,applicant_provided_info,2024-02-05 09:00:00-05:00,,complete,existing_business,normal,0.0
case_0904,review_in_progress,2024-02-07 14:49:56.537214-05:00,reviewer_003,complete,existing_business,normal,52.84
case_0904,health_inspection,2024-02-12 09:00:00-05:00,inspector_003,complete,existing_business,normal,54.23
case_0904,approved,2024-02-16 09:00:00-05:00,,complete,existing_business,normal,0.0
case_0905,submitted,2024-01-02 09:00:00-05:00,,complete,existing_business,low,0.0
case_0905,intake_validation,2024-01-04 09:00:00-05:00,clerk_003,complete,existing_business,low,55.64
case_0905,assigned_to_reviewer,2024-01-05 09:12:30.693800-05:00,,complete,existing_business,low,0.0
case_0905,review_in_progress,2024-01-05 09:37:33.730291-05:00,reviewer_004,complete,existing_business,low,35.23
case_0905,request_additional_info,2024-01-11 09:00:00-05:00,,complete,existing_business,low,0.0
case_0905,applicant_provided_info,2024-01-16 09:00:00-05:00,,complete,existing_business,low,0.0
case_0905,review_in_progress,2024-01-18 15:26:31.640935-05:00,reviewer_002,complete,existing_business,low,68.32
case_0905,health_inspection,2024-01-22 16:08:36.795338-05:00,inspector_002,complete,existing_business,low,45.87
case_0905,approved,2024-01-29 09:00:00-05:00,,complete,existing_business,low,0.0
case_0906,submitted,2024-01-02 09:00:00-05:00,,complete,existing_business,high,0.0
case_0906,intake_validation,2024-01-04 09:00:00-05:00,clerk_002,complete,existing_business,high,45.22
case_0906,assigned_to_reviewer,2024-01-08 09:00:00-05:00,,complete,existing_business,high,0.0
case_0906,review_in_progress,2024-01-08 09:28:00.990496-05:00,reviewer_004,complete,existing_business,high,36.1
case_0906,health_inspection,2024-01-12 09:00:00-05:00,inspector_003,complete,existing_business,high,45.56
case_0906,approved,2024-01-16 09:00:00-05:00,,complete,existing_business,high,0.0
case_0907,submitted,2024-01-02 09:00:00-05:00,,complete,new_business,normal,0.0
case_0907,intake_validation,2024-01-04 09:00:00-05:00,clerk_001,complete,new_business,normal,73.35
case_0907,rejected,2024-01-08 09:00:00-05:00,,complete,new_business,normal,0.0
case_0908,submitted,2024-01-02 09:00:00-05:00,,complete,new_business,normal,0.0
case_0908,intake_validation,2024-01-04 09:00:00-05:00,clerk_002,complete,new_business,normal,41.46
case_0908,assigned_to_reviewer,2024-01-08 09:00:00-05:00,,complete,new_business,normal,0.0
case_0908,review_in_progress,2024-01-08 09:18:34.448637-05:00,reviewer_003,complete,new_business,normal,28.05
case_0908,health_inspection,2024-01-12 13:44:37.658422-05:00,inspector_001,complete,new_business,normal,47.62
case_0908,rejected,2024-01-16 09:00:00-05:00,,complete,new_business,normal,0.0
case_0909,submitted,2024-01-02 09:00:00-05:00,,complete,renewal,normal,0.0
case_0909,intake_validation,2024-01-03 13:34:56.540430-05:00,clerk_001,complete,renewal,normal,61.71
case_0909,assigned_to_reviewer,2024-01-05 09:00:00-05:00,,complete,renewal,normal,0.0
case_0909,review_in_progress,2024-01-05 09:13:40.395044-05:00,reviewer_002,complete,renewal,normal,48.34
case_0909,health_inspection,2024-01-12 09:00:00-05:00,inspector_001,complete,renewal,normal,48.36
case_0909,approved,2024-01-16 09:00:00-05:00,,complete,renewal,normal,0.0
case_0910,submitted,2024-01-02 09:00:00-05:00,,complete,renewal,low,0.0
case_0910,intake_validation,2024-01-03 09:53:34.232354-05:00,clerk_003,complete,renewal,low,41.58
case_0910,assigned_to_reviewer,2024-01-05 14:59:44.486882-05:00,,complete,renewal,low,0.0
case_0910,review_in_progress,2024-01-05 15:10:38.543427-05:00,reviewer_002,complete,renewal,low,37.25
case_0910,health_inspection,2024-01-09 09:00:00-05:00,inspector_003,complete,renewal,low,34.38
case_0910,approved,2024-01-11 09:00:00-05:00,,complete,renewal,low,0.0
case_0911,submitted,2024-01-02 09:00:00-05:00,,complete,renewal,normal,0.0
case_0911,intake_validation,2024-01-04 09:00:00-05:00,clerk_001,complete,renewal,normal,48.29
case_0911,assigned_to_reviewer,2024-01-05 09:00:00-05:00,,complete,renewal,normal,0.0
case_0911,review_in_progress,2024-01-05 09:26:45.366029-05:00,reviewer_004,complete,renewal,normal,52.57
case_0911,request_additional_info,2024-01-09 09:00:00-05:00,,complete,renewal,normal,0.0
case_0911,applicant_provided_info,2024-01-16 09:00:00-05:00,,complete,renewal,normal,0.0
case_0911,review_in_progress,2024-01-18 12:35:55.781215-05:00,reviewer_002,complete,renewal,normal,59.38
case_0911,request_additional_info,2024-01-22 09:00:00-05:00,,complete,renewal,normal,0.0
case_0911,applicant_provided_info,2024-01-29 09:00:00-05:00,,complete,renewal,normal,0.0
case_0911,review_in_progress,2024-01-31 15:46:29.740593-05:00,reviewer_003,complete,renewal,normal,77.03
case_0911,health_inspection,2024-02-05 09:00:00-05:00,inspector_002,complete,renewal,normal,68.19
case_0911,approved,2024-02-12 09:00:00-05:00,,complete,renewal,normal,0.0
case_0912,submitted,2024-01-02 09:00:00-05:00,,complete,new_business,normal,0.0
case_0912,intake_validation,2024-01-04 09:00:00-05:00,clerk_001,complete,new_business,normal,53.3
case_0912,assigned_to_reviewer,2024-01-05 11:04:26.357183-05:00,,complete,new_business,normal,0.0
case_0912,review_in_progress,2024-01-05 11:28:32.044876-05:00,reviewer_003,complete,new_business,normal,36.7
case_0912,health_inspection,2024-01-09 10:05:04.904168-05:00,inspector_002,complete,new_business,normal,49.62
case_0912,approved,2024-01-16 09:00:00-05:00,,complete,new_business,normal,0.0
case_0913,submitted,2024-01-02 09:00:00-05:00,,complete,new_business,low,0.0
case_0913,intake_validation,2024-01-04 09:00:00-05:00,clerk_001,complete,new_business,low,44.68
case_0913,assigned_to_reviewer,2024-01-08 09:00:00-05:00,,complete,new_business,low,0.0
case_0913,review_in_progress,2024-01-08 09:17:19.537966-05:00,reviewer_004,complete,new_business,low,33.58
case_0913,request_additional_info,2024-01-11 12:57:32.683578-05:00,,complete,new_business,low,0.0
case_0913,applicant_provided_info,2024-01-18 09:00:00-05:00,,complete,new_business,low,0.0
case_0913,review_in_progress,2024-01-22 09:00:00-05:00,reviewer_004,complete,new_business,low,30.43
case_0913,health_inspection,2024-01-25 09:00:00-05:00,inspector_001,complete,new_business,low,66.87
case_0913,approved,2024-01-30 09:00:00-05:00,,complete,new_business,low,0.0
case_0914,submitted,2024-01-02 09:00:00-05:00,,complete,existing_business,low,0.0
case_0914,intake_validation,2024-01-03 10:59:26.377639-05:00,clerk_003,complete,existing_business,low,67.57
case_0914,assigned_to_reviewer,2024-01-08 09:00:00-05:00,,complete,existing_business,low,0.0
case_0914,review_in_progress,2024-01-08 09:22:12.195382-05:00,reviewer_004,complete,existing_business,low,63.55
case_0914,request_additional_info,2024-01-16 09:00:00-05:00,,complete,existing_business,low,0.0
case_0914,applicant_provided_info,2024-01-22 09:00:00-05:00,,complete,existing_business,low,0.0
case_0914,review_in_progress,2024-01-25 09:00:00-05:00,reviewer_004,complete,existing_business,low,46.91
case_0914,request_additional_info,2024-01-31 09:00:00-05:00,,complete,existing_business,low,0.0
case_0914,applicant_provided_info,2024-02-05 09:00:00-05:00,,complete,existing_business,low,0.0
case_0914,review_in_progress,2024-02-08 09:00:00-05:00,reviewer_002,complete,existing_business,low,52.09
case_0914,request_additional_info,2024-02-12 16:51:42.309021-05:00,,complete,existing_business,low,0.0
case_0914,applicant_provided_info,2024-02-20 09:00:00-05:00,,complete,existing_business,low,0.0
case_0914,review_in_progress,2024-02-23 09:00:00-05:00,reviewer_004,complete,existing_business,low,34.92
case_0914,health_inspection,2024-02-26 09:00:00-05:00,inspector_001,complete,existing_business,low,55.48
case_0914,approved,2024-02-28 09:00:00-05:00,,complete,existing_business,low,0.0
case_0915,submitted,2024-01-02 09:00:00-05:00,,complete,existing_business,normal,0.0
case_0915,intake_validation,2024-01-04 09:00:00-05:00,clerk_003,complete,existing_business,normal,39.1
case_0915,assigned_to_reviewer,2024-01-08 09:00:00-05:00,,complete,existing_business,normal,0.0
case_0915,review_in_progress,2024-01-08 09:20:58.224417-05:00,reviewer_001,complete,existing_business,normal,44.03
case_0915,health_inspection,2024-01-10 09:00:00-05:00,inspector_002,complete,existing_business,normal,33.97
case_0915,rejected,2024-01-16 10:16:50.182017-05:00,,complete,existing_business,normal,0.0
case_0916,submitted,2024-01-02 09:00:00-05:00,,complete,new_business,normal,0.0
case_0916,intake_validation,2024-01-03 10:39:42.577985-05:00,clerk_003,complete,new_business,normal,46.73
case_0916,assigned_to_reviewer,2024-01-04 12:13:52.568192-05:00,,complete,new_business,normal,0.0
case_0916,review_in_progress,2024-01-04 12:37:06.153833-05:00,reviewer_004,complete,new_business,normal,51.82
case_0916,request_additional_info,2024-01-10 09:00:00-05:00,,complete,new_business,normal,0.0
case_0916,applicant_provided_info,2024-01-17 09:00:00-05:00,,complete,new_business,normal,0.0
case_0916,review_in_progress,2024-01-19 16:38:50.885096-05:00,reviewer_003,complete,new_business,normal,30.01
case_0916,health_inspection,2024-01-23 11:51:22.767867-05:00,inspector_002,complete,new_business,normal,74.74
case_0916,approved,2024-01-25 10:56:56.022848-05:00,,complete,new_business,normal,0.0
case_0917,submitted,2024-01-02 09:00:00-05:00,,complete,existing_business,normal,0.0
case_0917,intake_validation,2024-01-04 09:00:00-05:00,clerk_002,complete,existing_business,normal,50.54
case_0917,assigned_to_reviewer,2024-01-08 09:00:00-05:00,,complete,existing_business,normal,0.0
case_0917,review_in_progress,2024-01-08 09:17:52.591456-05:00,reviewer_003,complete,existing_business,normal,58.71
case_0917,health_inspection,2024-01-11 15:46:27.446186-05:00,inspector_001,complete,existing_business,normal,38.6
case_0917,rejected,2024-01-18 09:00:00-05:00,,complete,existing_business,normal,0.0
case_0918,submitted,2024-01-02 09:00:00-05:00,,complete,new_business,low,0.0
case_0918,intake_validation,2024-01-04 09:00:00-05:00,clerk_002,complete,new_business,low,47.17
case_0918,assigned_to_reviewer,2024-01-08 09:00:00-05:00,,complete,new_business,low,0.0
case_0918,review_in_progress,2024-01-08 09:07:11.466473-05:00,reviewer_004,complete,new_business,low,53.27
case_0918,health_inspection,2024-01-12 13:46:11.841517-05:00,inspector_001,complete,new_business,low,37.25
case_0918,approved,2024-01-16 09:00:00-05:00,,complete,new_business,low,0.0
case_0919,submitted,2024-01-02 09:00:00-05:00,,complete,renewal,normal,0.0
case_0919,intake_validation,2024-01-04 09:00:00-05:00,clerk_001,complete,renewal,normal,73.28
case_0919,assigned_to_reviewer,2024-01-08 09:00:00-05:00,,complete,renewal,normal,0.0
case_0919,review_in_progress,2024-01-08 09:25:58.952632-05:00,reviewer_001,complete,renewal,normal,32.77
case_0919,health_inspection,2024-01-11 13:14:05.275205-05:00,inspector_001,complete,renewal,normal,58.6
case_0919,approved,2024-01-16 09:00:00-05:00,,complete,renewal,normal,0.0
case_0920,submitted,2024-01-02 09:00:00-05:00,,complete,renewal,high,0.0
case_0920,intake_validation,2024-01-04 09:00:00-05:00,clerk_002,complete,renewal,high,31.95
case_0920,assigned_to_reviewer,2024-01-08 09:00:00-05:00,,complete,renewal,high,0.0
case_0920,review_in_progress,2024-01-08 09:12:41.297823-05:00,reviewer_004,complete,renewal,high,42.37
case_0920,health_inspection,2024-01-16 09:00:00-05:00,inspector_003,complete,renewal,high,44.44
case_0920,approved,2024-01-22 09:00:00-05:00,,complete,renewal,high,0.0
case_0921,submitted,2024-01-02 09:00:00-05:00,,complete,new_business,normal,0.0
case_0921,intake_validation,2024-01-04 09:00:00-05:00,clerk_002,complete,new_business,normal,53.07
case_0921,assigned_to_reviewer,2024-01-08 09:00:00-05:00,,complete,new_business,normal,0.0
case_0921,review_in_progress,2024-01-08 09:14:22.257777-05:00,reviewer_004,complete,new_business,normal,42.35
case_0921,request_additional_info,2024-01-11 13:24:47.258901-05:00,,complete,new_business,normal,0.0
case_0921,applicant_provided_info,2024-01-16 09:00:00-05:00,,complete,new_business,normal,0.0
case_0921,review_in_progress,2024-01-18 09:05:23.644269-05:00,reviewer_003,complete,new_business,normal,75.19
case_0921,health_inspection,2024-01-23 09:00:00-05:00,inspector_002,complete,new_business,normal,62.57
case_0921,approved,2024-01-26 09:53:13.138487-05:00,,complete,new_business,normal,0.0
case_0922,submitted,2024-01-02 09:00:00-05:00,,complete,renewal,normal,0.0
case_0922,intake_validation,2024-01-04 09:00:00-05:00,clerk_001,complete,renewal,normal,62.26
case_0922,assigned_to_reviewer,2024-01-08 09:00:00-05:00,,complete,renewal,normal,0.0
case_0922,review_in_progress,2024-01-08 09:16:07.954662-05:00,reviewer_004,complete,renewal,normal,64.73
case_0922,health_inspection,2024-01-16 09:00:00-05:00,inspector_003,complete,renewal,normal,35.66
case_0922,approved,2024-01-22 09:00:00-05:00,,complete,renewal,normal,0.0
case_0923,submitted,2024-01-02 09:00:00-05:00,,complete,new_business,high,0.0
case_0923,intake_validation,2024-01-04 09:00:00-05:00,clerk_001,complete,new_business,high,59.68
case_0923,assigned_to_reviewer,2024-01-08 09:00:00-05:00,,complete,new_business,high,0.0
case_0923,review_in_progress,2024-01-08 09:21:57.313921-05:00,reviewer_001,complete,new_business,high,32.63
case_0923,request_additional_info,2024-01-11 09:00:00-05:00,,complete,new_business,high,0.0
case_0923,applicant_provided_info,2024-01-16 09:00:00-05:00,,complete,new_business,high,0.0
case_0923,review_in_progress,2024-01-19 09:00:00-05:00,reviewer_002,complete,new_business,high,24.53
case_0923,request_additional_info,2024-01-24 09:00:00-05:00,,complete,new_business,high,0.0
case_0923,applicant_provided_info,2024-01-26 13:02:20.895379-05:00,,complete,new_business,high,0.0
case_0923,review_in_progress,2024-01-29 09:00:00-05:00,reviewer_004,complete,new_business,high,59.24
case_0923,request_additional_info,2024-02-05 09:00:00-05:00,,complete,new_business,high,0.0
case_0923,applicant_provided_info,2024-02-12 09:00:00-05:00,,complete,new_business,high,0.0
case_0923,review_in_progress,2024-02-14 15:59:39.891316-05:00,reviewer_004,complete,new_business,high,66.56
case_0923,health_inspection,2024-02-20 09:00:00-05:00,inspector_002,complete,new_business,high,41.44
case_0923,approved,2024-02-26 09:00:00-05:00,,complete,new_business,high,0.0
case_0924,submitted,2024-01-02 09:00:00-05:00,,complete,new_business,normal,0.0
case_0924,intake_validation,2024-01-04 09:00:00-05:00,clerk_002,complete,new_business,normal,51.07
case_0924,assigned_to_reviewer,2024-01-08 09:00:00-05:00,,complete,new_business,normal,0.0
case_0924,review_in_progress,2024-01-08 09:28:35.314153-05:00,reviewer_004,complete,new_business,normal,78.13
case_0924,request_additional_info,2024-01-12 09:00:00-05:00,,complete,new_business,normal,0.0
case_0924,withdrawn,2024-01-17 09:00:00-05:00,,complete,new_business,normal,0.0
case_0925,submitted,2024-01-02 09:00:00-05:00,,complete,renewal,high,0.0
case_0925,intake_validation,2024-01-04 09:00:00-05:00,clerk_001,complete,renewal,high,73.08
case_0925,assigned_to_reviewer,2024-01-08 09:00:00-05:00,,complete,renewal,high,0.0
case_0925,review_in_progress,2024-01-08 09:29:26.873681-05:00,reviewer_001,complete,renewal,high,59.91
case_0925,health_inspection,2024-01-10 09:00:00-05:00,inspector_001,complete,renewal,high,39.84
case_0925,rejected,2024-01-16 09:00:00-05:00,,complete,renewal,high,0.0
case_0926,submitted,2024-01-02 09:00:00-05:00,,complete,new_business,high,0.0
case_0926,intake_validation,2024-01-04 09:00:00-05:00,clerk_001,complete,new_business,high,58.23
case_0926,assigned_to_reviewer,2024-01-05 10:43:35.999065-05:00,,complete,new_business,high,0.0
case_0926,review_in_progress,2024-01-05 10:53:11.891767-05:00,reviewer_001,complete,new_business,high,50.87
case_0926,health_inspection,2024-01-08 09:00:00-05:00,inspector_001,complete,new_business,high,14.39
case_0926,approved,2024-01-11 12:44:32.104412-05:00,,complete,new_business,high,0.0
case_0927,submitted,2024-01-02 09:00:00-05:00,,complete,renewal,low,0.0
case_0927,intake_validation,2024-01-04 09:00:00-05:00,clerk_001,complete,renewal,low,32.8
case_0927,assigned_to_reviewer,2024-01-08 09:00:00-05:00,,complete,renewal,low,0.0
case_0927,review_in_progress,2024-01-08 09:06:19.641718-05:00,reviewer_003,complete,renewal,low,58.05
case_0927,health_inspection,2024-01-11 09:00:00-05:00,inspector_003,complete,renewal,low,51.01
case_0927,approved,2024-01-16 09:00:00-05:00,,complete,renewal,low,0.0
case_0928,submitted,2024-01-02 09:00:00-05:00,,complete,renewal,normal,0.0
case_0928,intake_validation,2024-01-04 09:00:00-05:00,clerk_002,complete,renewal,normal,35.58
case_0928,assigned_to_reviewer,2024-01-08 09:00:00-05:00,,complete,renewal,normal,0.0
case_0928,review_in_progress,2024-01-08 09:13:19.308762-05:00,reviewer_004,complete,renewal,normal,77.6
case_0928,request_additional_info,2024-01-12 09:00:00-05:00,,complete,renewal,normal,0.0
case_0928,applicant_provided_info,2024-01-16 09:00:00-05:00,,complete,renewal,normal,0.0
case_0928,review_in_progress,2024-01-19 09:00:00-05:00,reviewer_004,complete,renewal,normal,41.74
case_0928,health_inspection,2024-01-24 09:04:27.245591-05:00,inspector_001,complete,renewal,normal,59.74
case_0928,approved,2024-01-29 09:00:00-05:00,,complete,renewal,normal,0.0
case_0929,submitted,2024-01-02 09:00:00-05:00,,complete,new_business,high,0.0
case_0929,intake_validation,2024-01-04 09:00:00-05:00,clerk_003,complete,new_business,high,48.9
case_0929,assigned_to_reviewer,2024-01-08 09:00:00-05:00,,complete,new_business,high,0.0
case_0929,review_in_progress,2024-01-08 09:28:33.281328-05:00,reviewer_003,complete,new_business,high,59.91
case_0929,health_inspection,2024-01-11 16:21:39.589784-05:00,inspector_002,complete,new_business,high,36.31
case_0929,approved,2024-01-16 09:00:00-05:00,,complete,new_business,high,0.0
case_0930,submitted,2024-01-02 09:00:00-05:00,,complete,existing_business,high,0.0
case_0930,intake_validation,2024-01-04 09:00:00-05:00,clerk_002,complete,existing_business,high,56.01
case_0930,assigned_to_reviewer,2024-01-08 09:00:00-05:00,,complete,existing_business,high,0.0
case_0930,review_in_progress,2024-01-08 09:21:36.639902-05:00,reviewer_003,complete,existing_business,high,55.55
case_0930,health_inspection,2024-01-11 09:00:00-05:00,inspector_002,complete,existing_business,high,77.64
case_0930,approved,2024-01-17 09:00:00-05:00,,complete,existing_business,high,0.0
case_0931,submitted,2024-01-02 09:00:00-05:00,,complete,renewal,normal,0.0
case_0931,intake_validation,2024-01-03 16:39:32.595920-05:00,clerk_003,complete,renewal,normal,59.11
case_0931,assigned_to_reviewer,2024-01-05 09:00:00-05:00,,complete,renewal,normal,0.0
case_0931,review_in_progress,2024-01-05 09:06:11.794392-05:00,reviewer_002,complete,renewal,normal,51.85
case_0931,request_additional_info,2024-01-16 09:00:00-05:00,,complete,renewal,normal,0.0
case_0931,applicant_provided_info,2024-01-22 09:00:00-05:00,,complete,renewal,normal,0.0
case_0931,review_in_progress,2024-01-25 09:00:00-05:00,reviewer_002,complete,renewal,normal,75.22
case_0931,request_additional_info,2024-01-30 09:00:00-05:00,,complete,renewal,normal,0.0
case_0931,withdrawn,2024-02-05 09:00:00-05:00,,complete,renewal,normal,0.0
case_0932,submitted,2024-01-02 09:00:00-05:00,,complete,new_business,normal,0.0
case_0932,intake_validation,2024-01-04 09:00:00-05:00,clerk_003,complete,new_business,normal,81.22
case_0932,assigned_to_reviewer,2024-01-05 14:16:37.404555-05:00,,complete,new_business,normal,0.0
case_0932,review_in_progress,2024-01-05 14:39:21.375330-05:00,reviewer_004,complete,new_business,normal,59.49
case_0932,health_inspection,2024-01-09 12:19:32.204578-05:00,inspector_003,complete,new_business,normal,51.39
case_0932,approved,2024-01-11 09:00:00-05:00,,complete,new_business,normal,0.0
case_0933,submitted,2024-01-02 09:00:00-05:00,,complete,new_business,normal,0.0
case_0933,intake_validation,2024-01-03 14:22:16.053640-05:00,clerk_003,complete,new_business,normal,50.51
case_0933,assigned_to_reviewer,2024-01-08 09:00:00-05:00,,complete,new_business,normal,0.0
case_0933,review_in_progress,2024-01-08 09:09:24.820178-05:00,reviewer_003,complete,new_business,normal,40.33
case_0933,health_inspection,2024-01-11 09:00:00-05:00,inspector_001,complete,new_business,normal,38.61
case_0933,approved,2024-01-16 09:00:00-05:00,,complete,new_business,normal,0.0
case_0934,submitted,2024-01-02 09:00:00-05:00,,complete,new_business,normal,0.0
case_0934,intake_validation,2024-01-03 10:13:36.125086-05:00,clerk_001,complete,new_business,normal,52.87
case_0934,assigned_to_reviewer,2024-01-04 13:23:16.072336-05:00,,complete,new_business,normal,0.0
case_0934,review_in_progress,2024-01-04 13:36:17.352415-05:00,reviewer_002,complete,new_business,normal,51.71
case_0934,request_additional_info,2024-01-11 12:23:11.012807-05:00,,complete,new_business,normal,0.0
case_0934,applicant_provided_info,2024-01-16 09:00:00-05:00,,complete,new_business,normal,0.0
case_0934,review_in_progress,2024-01-18 10:52:53.109576-05:00,reviewer_004,complete,new_business,normal,10.0
case_0934,request_additional_info,2024-01-22 09:00:00-05:00,,complete,new_business,normal,0.0
case_0934,applicant_provided_info,2024-01-24 16:40:06.284465-05:00,,complete,new_business,normal,0.0
case_0934,review_in_progress,2024-01-29 09:00:00-05:00,reviewer_001,complete,new_business,normal,61.26
case_0934,health_inspection,2024-01-31 13:54:54.901289-05:00,inspector_002,complete,new_business,normal,76.7
case_0934,approved,2024-02-09 09:00:00-05:00,,complete,new_business,normal,0.0
case_0935,submitted,2024-01-02 09:00:00-05:00,,complete,renewal,normal,0.0
case_0935,intake_validation,2024-01-04 09:00:00-05:00,clerk_003,complete,renewal,normal,50.8
case_0935,rejected,2024-01-05 13:52:19.829287-05:00,,complete,renewal,normal,0.0
case_0936,submitted,2024-01-02 09:00:00-05:00,,complete,renewal,low,0.0
case_0936,intake_validation,2024-01-04 09:00:00-05:00,clerk_001,complete,renewal,low,38.46
case_0936,assigned_to_reviewer,2024-01-08 09:00:00-05:00,,complete,renewal,low,0.0
case_0936,review_in_progress,2024-01-08 09:08:00.724228-05:00,reviewer_002,complete,renewal,low,52.74
case_0936,health_inspection,2024-01-16 09:00:00-05:00,inspector_003,complete,renewal,low,39.37
case_0936,approved,2024-01-23 09:00:00-05:00,,complete,renewal,low,0.0
case_0937,submitted,2024-01-02 09:00:00-05:00,,complete,existing_business,normal,0.0
case_0937,intake_validation,2024-01-03 12:25:41.261191-05:00,clerk_003,complete,existing_business,normal,45.54
case_0937,assigned_to_reviewer,2024-01-05 09:00:00-05:00,,complete,existing_business,normal,0.0
case_0937,review_in_progress,2024-01-05 09:28:51.266299-05:00,reviewer_004,complete,existing_business,normal,35.02
case_0937,health_inspection,2024-01-10 09:00:00-05:00,inspector_003,complete,existing_business,normal,45.04
case_0937,approved,2024-01-17 09:00:00-05:00,,complete,existing_business,normal,0.0
case_0938,submitted,2024-01-02 09:00:00-05:00,,complete,renewal,normal,0.0
case_0938,intake_validation,2024-01-04 09:00:00-05:00,clerk_003,complete,renewal,normal,62.86
case_0938,assigned_to_reviewer,2024-01-05 15:56:53.273045-05:00,,complete,renewal,normal,0.0
case_0938,review_in_progress,2024-01-05 16:05:27.449480-05:00,reviewer_002,complete,renewal,normal,51.74
case_0938,health_inspection,2024-01-10 15:10:50.302411-05:00,inspector_003,complete,renewal,normal,33.9
case_0938,approved,2024-01-16 09:00:00-05:00,,complete,renewal,normal,0.0
case_0939,submitted,2024-01-02 09:00:00-05:00,,complete,existing_business,high,0.0
case_0939,intake_validation,2024-01-04 09:00:00-05:00,clerk_001,complete,existing_business,high,60.74
case_0939,assigned_to_reviewer,2024-01-08 09:00:00-05:00,,complete,existing_business,high,0.0
case_0939,review_in_progress,2024-01-08 09:21:40.570470-05:00,reviewer_004,complete,existing_business,high,40.28
case_0939,request_additional_info,2024-01-12 09:00:00-05:00,,complete,existing_business,high,0.0
case_0939,applicant_provided_info,2024-01-16 09:00:00-05:00,,complete,existing_business,high,0.0
case_0939,review_in_progress,2024-01-19 09:00:00-05:00,reviewer_003,complete,existing_business,high,42.36
case_0939,request_additional_info,2024-01-24 09:00:00-05:00,,complete,existing_business,high,0.0
case_0939,applicant_provided_info,2024-01-31 09:00:00-05:00,,complete,existing_business,high,0.0
case_0939,review_in_progress,2024-02-02 12:52:52.927636-05:00,reviewer_002,complete,existing_business,high,51.57
case_0939,health_inspection,2024-02-07 09:00:00-05:00,inspector_002,complete,existing_business,high,52.79
case_0939,approved,2024-02-12 09:00:00-05:00,,complete,existing_business,high,0.0
case_0940,submitted,2024-01-02 09:00:00-05:00,,complete,new_business,low,0.0
case_0940,intake_validation,2024-01-03 14:13:40.614990-05:00,clerk_003,complete,new_business,low,70.64
case_0940,assigned_to_reviewer,2024-01-05 09:00:00-05:00,,complete,new_business,low,0.0
case_0940,review_in_progress,2024-01-05 09:18:19.936470-05:00,reviewer_001,complete,new_business,low,41.42
case_0940,request_additional_info,2024-01-08 09:00:00-05:00,,complete,new_business,low,0.0
case_0940,applicant_provided_info,2024-01-11 14:44:06.199939-05:00,,complete,new_business,low,0.0
case_0940,review_in_progress,2024-01-16 09:00:00-05:00,reviewer_001,complete,new_business,low,39.15
case_0940,request_additional_info,2024-01-19 16:17:01.148707-05:00,,complete,new_business,low,0.0
case_0940,applicant_provided_info,2024-01-23 09:00:00-05:00,,complete,new_business,low,0.0
case_0940,review_in_progress,2024-01-25 14:51:24.694365-05:00,reviewer_003,complete,new_business,low,68.81
case_0940,health_inspection,2024-01-29 09:00:00-05:00,inspector_002,complete,new_business,low,33.85
case_0940,approved,2024-02-05 09:00:00-05:00,,complete,new_business,low,0.0
case_0941,submitted,2024-01-02 09:00:00-05:00,,complete,new_business,normal,0.0
case_0941,intake_validation,2024-01-04 09:00:00-05:00,clerk_001,complete,new_business,normal,30.77
case_0941,assigned_to_reviewer,2024-01-08 09:00:00-05:00,,complete,new_business,normal,0.0
case_0941,review_in_progress,2024-01-08 09:23:03.816065-05:00,reviewer_004,complete,new_business,normal,62.53
case_0941,health_inspection,2024-01-12 09:00:00-05:00,inspector_001,complete,new_business,normal,42.4
case_0941,approved,2024-01-16 09:00:00-05:00,,complete,new_business,normal,0.0
case_0942,submitted,2024-01-02 09:00:00-05:00,,complete,new_business,normal,0.0
case_0942,intake_validation,2024-01-03 11:24:47.523859-05:00,clerk_001,complete,new_business,normal,47.56
case_0942,assigned_to_reviewer,2024-01-04 10:28:42.751625-05:00,,complete,new_business,normal,0.0
case_0942,review_in_progress,2024-01-04 10:43:23.544979-05:00,reviewer_001,complete,new_business,normal,40.55
case_0942,request_additional_info,2024-01-08 09:00:00-05:00,,complete,new_business,normal,0.0
case_0942,applicant_provided_info,2024-01-12 12:18:28.620970-05:00,,complete,new_business,normal,0.0
case_0942,review_in_progress,2024-01-16 09:00:00-05:00,reviewer_004,complete,new_business,normal,46.92
case_0942,request_additional_info,2024-01-19 09:33:01.941847-05:00,,complete,new_business,normal,0.0
case_0942,withdrawn,2024-01-22 09:00:00-05:00,,complete,new_business,normal,0.0
case_0943,submitted,2024-01-02 09:00:00-05:00,,complete,new_business,normal,0.0
case_0943,intake_validation,2024-01-03 09:18:11.263260-05:00,clerk_002,complete,new_business,normal,44.01
case_0943,rejected,2024-01-05 10:10:20.849397-05:00,,complete,new_business,normal,0.0
case_0944,submitted,2024-01-02 09:00:00-05:00,,complete,renewal,normal,0.0
case_0944,intake_validation,2024-01-04 09:00:00-05:00,clerk_003,complete,renewal,normal,66.24
case_0944,assigned_to_reviewer,2024-01-08 09:00:00-05:00,,complete,renewal,normal,0.0
case_0944,review_in_progress,2024-01-08 09:14:45.864746-05:00,reviewer_004,complete,renewal,normal,36.42
case_0944,health_inspection,2024-01-11 10:26:28.032649-05:00,inspector_002,complete,renewal,normal,24.81
case_0944,approved,2024-01-16 09:00:00-05:00,,complete,renewal,normal,0.0
case_0945,submitted,2024-01-02 09:00:00-05:00,,complete,renewal,normal,0.0
case_0945,intake_validation,2024-01-03 16:17:39.741444-05:00,clerk_002,complete,renewal,normal,43.46
case_0945,assigned_to_reviewer,2024-01-08 09:00:00-05:00,,complete,renewal,normal,0.0
case_0945,review_in_progress,2024-01-08 09:20:24.057339-05:00,reviewer_002,complete,renewal,normal,44.9
case_0945,request_additional_info,2024-01-12 09:00:00-05:00,,complete,renewal,normal,0.0
case_0945,applicant_provided_info,2024-01-16 09:00:00-05:00,,complete,renewal,normal,0.0
case_0945,review_in_progress,2024-01-19 09:00:00-05:00,reviewer_001,complete,renewal,normal,32.25
case_0945,health_inspection,2024-01-22 09:00:00-05:00,inspector_003,complete,renewal,normal,58.95
case_0945,approved,2024-01-29 09:00:00-05:00,,complete,renewal,normal,0.0
case_0946,submitted,2024-01-02 09:00:00-05:00,,complete,new_business,normal,0.0
case_0946,intake_validation,2024-01-03 11:21:45.698187-05:00,clerk_003,complete,new_business,normal,37.79
case_0946,assigned_to_reviewer,2024-01-08 09:00:00-05:00,,complete,new_business,normal,0.0
case_0946,review_in_progress,2024-01-08 09:22:29.842433-05:00,reviewer_004,complete,new_business,normal,51.71
case_0946,health_inspection,2024-01-11 11:14:06.213685-05:00,inspector_001,complete,new_business,normal,38.62
case_0946,approved,2024-01-16 09:00:00-05:00,,complete,new_business,normal,0.0
case_0947,submitted,2024-01-02 09:00:00-05:00,,complete,new_business,normal,0.0
case_0947,intake_validation,2024-01-04 09:00:00-05:00,clerk_002,complete,new_business,normal,59.3
case_0947,assigned_to_reviewer,2024-01-08 09:00:00-05:00,,complete,new_business,normal,0.0
case_0947,review_in_progress,2024-01-08 09:13:05.551091-05:00,reviewer_003,complete,new_business,normal,74.47
case_0947,health_inspection,2024-01-11 09:00:00-05:00,inspector_001,complete,new_business,normal,48.51
case_0947,approved,2024-01-16 09:00:00-05:00,,complete,new_business,normal,0.0
case_0948,submitted,2024-01-02 09:00:00-05:00,,complete,renewal,normal,0.0
case_0948,intake_validation,2024-01-04 09:00:00-05:00,clerk_002,complete,renewal,normal,52.0
case_0948,assigned_to_reviewer,2024-01-05 15:48:26.486025-05:00,,complete,renewal,normal,0.0
case_0948,review_in_progress,2024-01-05 16:08:55.312028-05:00,reviewer_002,complete,renewal,normal,39.3
case_0948,request_additional_info,2024-01-10 09:00:00-05:00,,complete,renewal,normal,0.0
case_0948,applicant_provided_info,2024-01-16 09:00:00-05:00,,complete,renewal,normal,0.0
case_0948,review_in_progress,2024-01-19 09:00:00-05:00,reviewer_003,complete,renewal,normal,56.98
case_0948,health_inspection,2024-01-23 09:00:00-05:00,inspector_001,complete,renewal,normal,47.64
case_0948,rejected,2024-01-25 09:00:00-05:00,,complete,renewal,normal,0.0
case_0949,submitted,2024-01-02 09:00:00-05:00,,complete,existing_business,normal,0.0
case_0949,intake_validation,2024-01-04 09:00:00-05:00,clerk_002,complete,existing_business,normal,56.07
case_0949,rejected,2024-01-08 09:00:00-05:00,,complete,existing_business,normal,0.0
case_0950,submitted,2024-01-02 09:00:00-05:00,,complete,existing_business,normal,0.0
case_0950,intake_validation,2024-01-04 09:00:00-05:00,clerk_001,complete,existing_business,normal,56.32
case_0950,assigned_to_reviewer,2024-01-08 09:00:00-05:00,,complete,existing_business,normal,0.0
case_0950,review_in_progress,2024-01-08 09:20:42.463650-05:00,reviewer_003,complete,existing_business,normal,34.23
case_0950,request_additional_info,2024-01-12 09:00:00-05:00,,complete,existing_business,normal,0.0
case_0950,applicant_provided_info,2024-01-17 09:00:00-05:00,,complete,existing_business,normal,0.0
case_0950,review_in_progress,2024-01-19 12:52:10.265334-05:00,reviewer_001,complete,existing_business,normal,26.43
case_0950,request_additional_info,2024-01-22 09:00:00-05:00,,complete,existing_business,normal,0.0
case_0950,withdrawn,2024-01-29 09:00:00-05:00,,complete,existing_business,normal,0.0
case_0951,submitted,2024-01-02 09:00:00-05:00,,complete,existing_business,normal,0.0
case_0951,intake_validation,2024-01-04 09:00:00-05:00,clerk_003,complete,existing_business,normal,65.65
case_0951,assigned_to_reviewer,2024-01-08 09:00:00-05:00,,complete,existing_business,normal,0.0
case_0951,review_in_progress,2024-01-08 09:28:58.899084-05:00,reviewer_002,complete,existing_business,normal,46.8
case_0951,health_inspection,2024-01-16 09:00:00-05:00,inspector_001,complete,existing_business,normal,15.26
case_0951,approved,2024-01-19 09:00:00-05:00,,complete,existing_business,normal,0.0
case_0952,submitted,2024-01-02 09:00:00-05:00,,complete,new_business,normal,0.0
case_0952,intake_validation,2024-01-04 09:00:00-05:00,clerk_001,complete,new_business,normal,25.95
case_0952,assigned_to_reviewer,2024-01-08 09:00:00-05:00,,complete,new_business,normal,0.0
case_0952,review_in_progress,2024-01-08 09:26:08.419489-05:00,reviewer_004,complete,new_business,normal,44.68
case_0952,health_inspection,2024-01-16 09:00:00-05:00,inspector_003,complete,new_business,normal,28.98
case_0952,approved,2024-01-22 09:00:00-05:00,,complete,new_business,normal,0.0
case_0953,submitted,2024-01-02 09:00:00-05:00,,complete,existing_business,normal,0.0
case_0953,intake_validation,2024-01-04 09:00:00-05:00,clerk_002,complete,existing_business,normal,57.03
case_0953,assigned_to_reviewer,2024-01-08 09:00:00-05:00,,complete,existing_business,normal,0.0
case_0953,review_in_progress,2024-01-08 09:08:53.569445-05:00,reviewer_001,complete,existing_business,normal,63.13
case_0953,health_inspection,2024-01-11 09:00:00-05:00,inspector_001,complete,existing_business,normal,57.46
case_0953,approved,2024-01-16 09:00:00-05:00,,complete,existing_business,normal,0.0
case_0954,submitted,2024-01-02 09:00:00-05:00,,complete,new_business,normal,0.0
case_0954,intake_validation,2024-01-04 09:00:00-05:00,clerk_001,complete,new_business,normal,39.44
case_0954,assigned_to_reviewer,2024-01-08 09:00:00-05:00,,complete,new_business,normal,0.0
case_0954,review_in_progress,2024-01-08 09:11:37.564820-05:00,reviewer_003,complete,new_business,normal,50.41
case_0954,request_additional_info,2024-01-12 09:00:00-05:00,,complete,new_business,normal,0.0
case_0954,applicant_provided_info,2024-01-17 09:00:00-05:00,,complete,new_business,normal,0.0
case_0954,review_in_progress,2024-01-22 09:00:00-05:00,reviewer_004,complete,new_business,normal,42.3
case_0954,health_inspection,2024-01-25 09:00:00-05:00,inspector_002,complete,new_business,normal,49.15
case_0954,approved,2024-02-02 09:00:00-05:00,,complete,new_business,normal,0.0
case_0955,submitted,2024-01-02 09:00:00-05:00,,complete,new_business,high,0.0
case_0955,intake_validation,2024-01-04 09:00:00-05:00,clerk_001,complete,new_business,high,36.79
case_0955,assigned_to_reviewer,2024-01-08 09:00:00-05:00,,complete,new_business,high,0.0
case_0955,review_in_progress,2024-01-08 09:22:57.602518-05:00,reviewer_001,complete,new_business,high,45.01
case_0955,health_inspection,2024-01-11 09:00:00-05:00,inspector_003,complete,new_business,high,35.81
case_0955,approved,2024-01-17 09:00:00-05:00,,complete,new_business,high,0.0
case_0956,submitted,2024-01-02 09:00:00-05:00,,complete,renewal,normal,0.0
case_0956,intake_validation,2024-01-04 09:00:00-05:00,clerk_003,complete,renewal,normal,35.1
case_0956,assigned_to_reviewer,2024-01-08 09:00:00-05:00,,complete,renewal,normal,0.0
case_0956,review_in_progress,2024-01-08 09:07:06.443699-05:00,reviewer_003,complete,renewal,normal,52.81
case_0956,health_inspection,2024-01-11 09:00:00-05:00,inspector_002,complete,renewal,normal,27.16
case_0956,approved,2024-01-16 09:00:00-05:00,,complete,renewal,normal,0.0
case_0957,submitted,2024-01-02 09:00:00-05:00,,complete,existing_business,normal,0.0
case_0957,intake_validation,2024-01-04 09:00:00-05:00,clerk_002,complete,existing_business,normal,25.79
case_0957,assigned_to_reviewer,2024-01-08 09:00:00-05:00,,complete,existing_business,normal,0.0
case_0957,review_in_progress,2024-01-08 09:18:11.840076-05:00,reviewer_002,complete,existing_business,normal,66.46
case_0957,health_inspection,2024-01-16 09:00:00-05:00,inspector_001,complete,existing_business,normal,46.1
case_0957,approved,2024-01-19 16:04:37.437714-05:00,,complete,existing_business,normal,0.0
case_0958,submitted,2024-01-02 09:00:00-05:00,,complete,new_business,high,0.0
case_0958,intake_validation,2024-01-04 09:00:00-05:00,clerk_002,complete,new_business,high,56.27
case_0958,assigned_to_reviewer,2024-01-08 09:00:00-05:00,,complete,new_business,high,0.0
case_0958,review_in_progress,2024-01-08 09:11:30.529141-05:00,reviewer_002,complete,new_business,high,47.75
case_0958,health_inspection,2024-01-16 09:00:00-05:00,inspector_001,complete,new_business,high,55.44
case_0958,approved,2024-01-22 09:00:00-05:00,,complete,new_business,high,0.0
case_0959,submitted,2024-01-02 09:00:00-05:00,,complete,renewal,normal,0.0
case_0959,intake_validation,2024-01-04 09:00:00-05:00,clerk_002,complete,renewal,normal,46.14
case_0959,assigned_to_reviewer,2024-01-08 09:00:00-05:00,,complete,renewal,normal,0.0
case_0959,review_in_progress,2024-01-08 09:25:24.254170-05:00,reviewer_001,complete,renewal,normal,37.0
case_0959,health_inspection,2024-01-10 14:44:19.983770-05:00,inspector_002,complete,renewal,normal,40.44
case_0959,rejected,2024-01-16 09:00:00-05:00,,complete,renewal,normal,0.0
case_0960,submitted,2024-01-02 09:00:00-05:00,,complete,existing_business,normal,0.0
case_0960,intake_validation,2024-01-04 09:00:00-05:00,clerk_002,complete,existing_business,normal,56.61
case_0960,assigned_to_reviewer,2024-01-08 09:00:00-05:00,,complete,existing_business,normal,0.0
case_0960,review_in_progress,2024-01-08 09:13:40.683349-05:00,reviewer_001,complete,existing_business,normal,67.46
case_0960,request_additional_info,2024-01-11 16:49:14.652122-05:00,,complete,existing_business,normal,0.0
case_0960,applicant_provided_info,2024-01-16 10:37:03.287324-05:00,,complete,existing_business,normal,0.0
case_0960,review_in_progress,2024-01-19 09:00:00-05:00,reviewer_001,complete,existing_business,normal,71.29
case_0960,health_inspection,2024-01-22 09:00:00-05:00,inspector_002,complete,existing_business,normal,34.9
case_0960,rejected,2024-01-25 09:00:00-05:00,,complete,existing_business,normal,0.0
case_0961,submitted,2024-01-02 09:00:00-05:00,,complete,new_business,high,0.0
case_0961,intake_validation,2024-01-04 09:00:00-05:00,clerk_002,complete,new_business,high,64.51
case_0961,assigned_to_reviewer,2024-01-08 09:00:00-05:00,,complete,new_business,high,0.0
case_0961,review_in_progress,2024-01-08 09:11:33.666442-05:00,reviewer_003,complete,new_business,high,43.89
case_0961,request_additional_info,2024-01-10 15:52:44.316009-05:00,,complete,new_business,high,0.0
case_0961,applicant_provided_info,2024-01-16 09:00:00-05:00,,complete,new_business,high,0.0
case_0961,review_in_progress,2024-01-19 09:00:00-05:00,reviewer_004,complete,new_business,high,52.67
case_0961,health_inspection,2024-01-22 13:58:30.871865-05:00,inspector_001,complete,new_business,high,37.47
case_0961,approved,2024-01-25 13:40:06.222464-05:00,,complete,new_business,high,0.0
case_0962,submitted,2024-01-02 09:00:00-05:00,,complete,renewal,low,0.0
case_0962,intake_validation,2024-01-04 09:00:00-05:00,clerk_001,complete,renewal,low,50.76
case_0962,assigned_to_reviewer,2024-01-08 09:00:00-05:00,,complete,renewal,low,0.0
case_0962,review_in_progress,2024-01-08 09:15:08.998473-05:00,reviewer_002,complete,renewal,low,60.23
case_0962,request_additional_info,2024-01-11 09:00:00-05:00,,complete,renewal,low,0.0
case_0962,applicant_provided_info,2024-01-17 09:00:00-05:00,,complete,renewal,low,0.0
case_0962,review_in_progress,2024-01-19 14:58:41.321193-05:00,reviewer_002,complete,renewal,low,44.15
case_0962,health_inspection,2024-01-23 09:00:00-05:00,inspector_002,complete,renewal,low,44.49
case_0962,approved,2024-01-31 09:00:00-05:00,,complete,renewal,low,0.0
case_0963,submitted,2024-01-02 09:00:00-05:00,,complete,existing_business,high,0.0
case_0963,intake_validation,2024-01-04 09:00:00-05:00,clerk_003,complete,existing_business,high,26.09
case_0963,assigned_to_reviewer,2024-01-08 09:00:00-05:00,,complete,existing_business,high,0.0
case_0963,review_in_progress,2024-01-08 09:11:58.183689-05:00,reviewer_004,complete,existing_business,high,30.53
case_0963,health_inspection,2024-01-16 09:00:00-05:00,inspector_001,complete,existing_business,high,74.57
case_0963,approved,2024-01-19 09:00:00-05:00,,complete,existing_business,high,0.0
case_0964,submitted,2024-01-02 09:00:00-05:00,,complete,new_business,normal,0.0
case_0964,intake_validation,2024-01-04 09:00:00-05:00,clerk_002,complete,new_business,normal,66.95
case_0964,assigned_to_reviewer,2024-01-08 09:00:00-05:00,,complete,new_business,normal,0.0
case_0964,review_in_progress,2024-01-08 09:28:25.768507-05:00,reviewer_004,complete,new_business,normal,38.31
case_0964,health_inspection,2024-01-12 09:00:00-05:00,inspector_002,complete,new_business,normal,40.27
case_0964,approved,2024-01-18 09:00:00-05:00,,complete,new_business,normal,0.0
case_0965,submitted,2024-01-02 09:00:00-05:00,,complete,renewal,normal,0.0
case_0965,intake_validation,2024-01-04 09:00:00-05:00,clerk_003,complete,renewal,normal,45.55
case_0965,assigned_to_reviewer,2024-01-08 09:00:00-05:00,,complete,renewal,normal,0.0
case_0965,review_in_progress,2024-01-08 09:07:56.342747-05:00,reviewer_002,complete,renewal,normal,51.99
case_0965,request_additional_info,2024-01-16 09:00:00-05:00,,complete,renewal,normal,0.0
case_0965,applicant_provided_info,2024-01-23 09:00:00-05:00,,complete,renewal,normal,0.0
case_0965,review_in_progress,2024-01-26 09:00:00-05:00,reviewer_002,complete,renewal,normal,37.87
case_0965,request_additional_info,2024-01-31 09:00:00-05:00,,complete,renewal,normal,0.0
case_0965,applicant_provided_info,2024-02-05 09:00:00-05:00,,complete,renewal,normal,0.0
case_0965,review_in_progress,2024-02-07 11:18:07.654027-05:00,reviewer_002,complete,renewal,normal,55.51
case_0965,health_inspection,2024-02-13 09:00:00-05:00,inspector_001,complete,renewal,normal,60.28
case_0965,approved,2024-02-20 09:00:00-05:00,,complete,renewal,normal,0.0
case_0966,submitted,2024-01-02 09:00:00-05:00,,complete,renewal,low,0.0
case_0966,intake_validation,2024-01-04 09:00:00-05:00,clerk_003,complete,renewal,low,87.55
case_0966,assigned_to_reviewer,2024-01-08 09:00:00-05:00,,complete,renewal,low,0.0
case_0966,review_in_progress,2024-01-08 09:22:58.669677-05:00,reviewer_002,complete,renewal,low,47.47
case_0966,health_inspection,2024-01-16 09:00:00-05:00,inspector_001,complete,renewal,low,53.82
case_0966,approved,2024-01-22 09:00:00-05:00,,complete,renewal,low,0.0
case_0967,submitted,2024-01-02 09:00:00-05:00,,complete,new_business,low,0.0
case_0967,intake_validation,2024-01-04 09:00:00-05:00,clerk_001,complete,new_business,low,53.48
case_0967,assigned_to_reviewer,2024-01-08 09:00:00-05:00,,complete,new_business,low,0.0
case_0967,review_in_progress,2024-01-08 09:26:54.662337-05:00,reviewer_002,complete,new_business,low,53.7
case_0967,request_additional_info,2024-01-12 09:00:00-05:00,,complete,new_business,low,0.0
case_0967,applicant_provided_info,2024-01-16 11:02:21.706439-05:00,,complete,new_business,low,0.0
case_0967,review_in_progress,2024-01-19 09:00:00-05:00,reviewer_002,complete,new_business,low,38.18
case_0967,health_inspection,2024-01-25 09:00:00-05:00,inspector_001,complete,new_business,low,34.4
case_0967,approved,2024-01-29 09:00:00-05:00,,complete,new_business,low,0.0
case_0968,submitted,2024-01-02 09:00:00-05:00,,complete,new_business,high,0.0
case_0968,intake_validation,2024-01-03 10:54:25.895151-05:00,clerk_002,complete,new_business,high,32.06
case_0968,assigned_to_reviewer,2024-01-05 09:00:00-05:00,,complete,new_business,high,0.0
case_0968,review_in_progress,2024-01-05 09:06:02.208657-05:00,reviewer_004,complete,new_business,high,40.42
case_0968,request_additional_info,2024-01-10 09:00:00-05:00,,complete,new_business,high,0.0
case_0968,applicant_provided_info,2024-01-16 09:00:00-05:00,,complete,new_business,high,0.0
case_0968,review_in_progress,2024-01-19 09:00:00-05:00,reviewer_001,complete,new_business,high,52.81
case_0968,request_additional_info,2024-01-22 09:00:00-05:00,,complete,new_business,high,0.0
case_0968,applicant_provided_info,2024-01-24 16:03:03.602264-05:00,,complete,new_business,high,0.0
case_0968,review_in_progress,2024-01-29 09:00:00-05:00,reviewer_002,complete,new_business,high,63.06
case_0968,request_additional_info,2024-02-05 09:00:00-05:00,,complete,new_business,high,0.0
case_0968,applicant_provided_info,2024-02-12 09:00:00-05:00,,complete,new_business,high,0.0
case_0968,review_in_progress,2024-02-15 09:00:00-05:00,reviewer_001,complete,new_business,high,52.79
case_0968,request_additional_info,2024-02-20 09:00:00-05:00,,complete,new_business,high,0.0
case_0968,applicant_provided_info,2024-02-27 09:00:00-05:00,,complete,new_business,high,0.0
case_0968,review_in_progress,2024-02-29 14:16:34.249073-05:00,reviewer_002,complete,new_business,high,65.9
case_0968,health_inspection,2024-03-04 09:00:00-05:00,inspector_002,complete,new_business,high,35.72
case_0968,approved,2024-03-11 09:00:00-04:00,,complete,new_business,high,0.0
case_0969,submitted,2024-01-02 09:00:00-05:00,,complete,existing_business,low,0.0
case_0969,intake_validation,2024-01-04 09:00:00-05:00,clerk_002,complete,existing_business,low,21.89
case_0969,assigned_to_reviewer,2024-01-08 09:00:00-05:00,,complete,existing_business,low,0.0
case_0969,review_in_progress,2024-01-08 09:24:33.671882-05:00,reviewer_002,complete,existing_business,low,47.45
case_0969,health_inspection,2024-01-12 09:27:25.229860-05:00,inspector_002,complete,existing_business,low,60.8
case_0969,approved,2024-01-22 09:00:00-05:00,,complete,existing_business,low,0.0
case_0970,submitted,2024-01-02 09:00:00-05:00,,complete,new_business,high,0.0
case_0970,intake_validation,2024-01-04 09:00:00-05:00,clerk_002,complete,new_business,high,35.08
case_0970,rejected,2024-01-08 09:00:00-05:00,,complete,new_business,high,0.0
case_0971,submitted,2024-01-02 09:00:00-05:00,,complete,new_business,normal,0.0
case_0971,intake_validation,2024-01-03 16:23:42.032931-05:00,clerk_001,complete,new_business,normal,58.22
case_0971,assigned_to_reviewer,2024-01-04 14:34:16.585905-05:00,,complete,new_business,normal,0.0
case_0971,review_in_progress,2024-01-04 14:45:15.669802-05:00,reviewer_001,complete,new_business,normal,27.52
case_0971,request_additional_info,2024-01-08 09:00:00-05:00,,complete,new_business,normal,0.0
case_0971,applicant_provided_info,2024-01-16 09:00:00-05:00,,complete,new_business,normal,0.0
case_0971,review_in_progress,2024-01-19 09:00:00-05:00,reviewer_002,complete,new_business,normal,36.06
case_0971,health_inspection,2024-01-23 09:00:00-05:00,inspector_001,complete,new_business,normal,76.78
case_0971,approved,2024-01-29 09:00:00-05:00,,complete,new_business,normal,0.0
case_0972,submitted,2024-01-02 09:00:00-05:00,,complete,renewal,high,0.0
case_0972,intake_validation,2024-01-03 12:07:23.550001-05:00,clerk_003,complete,renewal,high,47.16
case_0972,assigned_to_reviewer,2024-01-08 09:00:00-05:00,,complete,renewal,high,0.0
case_0972,review_in_progress,2024-01-08 09:06:19.409418-05:00,reviewer_002,complete,renewal,high,107.84
case_0972,request_additional_info,2024-01-16 09:00:00-05:00,,complete,renewal,high,0.0
case_0972,applicant_provided_info,2024-01-22 09:00:00-05:00,,complete,renewal,high,0.0
case_0972,review_in_progress,2024-01-25 09:00:00-05:00,reviewer_002,complete,renewal,high,60.62
case_0972,request_additional_info,2024-01-29 09:00:00-05:00,,complete,renewal,high,0.0
case_0972,applicant_provided_info,2024-02-05 09:00:00-05:00,,complete,renewal,high,0.0
case_0972,review_in_progress,2024-02-08 09:00:00-05:00,reviewer_001,complete,renewal,high,75.12
case_0972,health_inspection,2024-02-12 09:00:00-05:00,inspector_003,complete,renewal,high,68.69
case_0972,approved,2024-02-16 09:00:00-05:00,,complete,renewal,high,0.0
case_0973,submitted,2024-01-02 09:00:00-05:00,,complete,new_business,normal,0.0
case_0973,intake_validation,2024-01-04 09:00:00-05:00,clerk_002,complete,new_business,normal,44.06
case_0973,assigned_to_reviewer,2024-01-08 09:00:00-05:00,,complete,new_business,normal,0.0
case_0973,review_in_progress,2024-01-08 09:21:37.293851-05:00,reviewer_002,complete,new_business,normal,39.37
case_0973,health_inspection,2024-01-16 09:00:00-05:00,inspector_002,complete,new_business,normal,60.22
case_0973,approved,2024-01-25 09:07:07.325896-05:00,,complete,new_business,normal,0.0
case_0974,submitted,2024-01-02 09:00:00-05:00,,complete,renewal,low,0.0
case_0974,intake_validation,2024-01-04 09:00:00-05:00,clerk_001,complete,renewal,low,61.33
case_0974,assigned_to_reviewer,2024-01-05 11:39:52.163063-05:00,,complete,renewal,low,0.0
case_0974,review_in_progress,2024-01-05 12:07:40.069186-05:00,reviewer_002,complete,renewal,low,61.92
case_0974,request_additional_info,2024-01-11 09:00:00-05:00,,complete,renewal,low,0.0
case_0974,applicant_provided_info,2024-01-16 09:00:00-05:00,,complete,renewal,low,0.0
case_0974,review_in_progress,2024-01-18 10:36:48.906551-05:00,reviewer_003,complete,renewal,low,30.73
case_0974,health_inspection,2024-01-22 09:00:00-05:00,inspector_003,complete,renewal,low,54.59
case_0974,approved,2024-01-24 09:00:00-05:00,,complete,renewal,low,0.0
case_0975,submitted,2024-01-02 09:00:00-05:00,,complete,new_business,normal,0.0
case_0975,intake_validation,2024-01-03 16:15:31.296977-05:00,clerk_001,complete,new_business,normal,69.52
case_0975,rejected,2024-01-05 09:47:32.521393-05:00,,complete,new_business,normal,0.0
case_0976,submitted,2024-01-02 09:00:00-05:00,,complete,new_business,high,0.0
case_0976,intake_validation,2024-01-04 09:00:00-05:00,clerk_002,complete,new_business,high,52.15
case_0976,assigned_to_reviewer,2024-01-08 09:00:00-05:00,,complete,new_business,high,0.0
case_0976,review_in_progress,2024-01-08 09:24:06.886356-05:00,reviewer_002,complete,new_business,high,63.94
case_0976,health_inspection,2024-01-16 09:00:00-05:00,inspector_001,complete,new_business,high,82.98
case_0976,approved,2024-01-18 09:00:00-05:00,,complete,new_business,high,0.0
case_0977,submitted,2024-01-02 09:00:00-05:00,,complete,new_business,normal,0.0
case_0977,intake_validation,2024-01-04 09:00:00-05:00,clerk_001,complete,new_business,normal,43.57
case_0977,assigned_to_reviewer,2024-01-08 09:00:00-05:00,,complete,new_business,normal,0.0
case_0977,review_in_progress,2024-01-08 09:28:27.357590-05:00,reviewer_002,complete,new_business,normal,53.73
case_0977,request_additional_info,2024-01-16 09:00:00-05:00,,complete,new_business,normal,0.0
case_0977,applicant_provided_info,2024-01-22 09:00:00-05:00,,complete,new_business,normal,0.0
case_0977,review_in_progress,2024-01-25 09:00:00-05:00,reviewer_004,complete,new_business,normal,56.56
case_0977,health_inspection,2024-01-30 09:00:00-05:00,inspector_003,complete,new_business,normal,63.32
case_0977,rejected,2024-02-05 09:00:00-05:00,,complete,new_business,normal,0.0
case_0978,submitted,2024-01-02 09:00:00-05:00,,complete,renewal,normal,0.0
case_0978,intake_validation,2024-01-03 13:16:03.174744-05:00,clerk_003,complete,renewal,normal,48.25
case_0978,assigned_to_reviewer,2024-01-05 09:00:00-05:00,,complete,renewal,normal,0.0
case_0978,review_in_progress,2024-01-05 09:28:54.615228-05:00,reviewer_004,complete,renewal,normal,52.36
case_0978,health_inspection,2024-01-11 09:00:45.462064-05:00,inspector_001,complete,renewal,normal,25.76
case_0978,approved,2024-01-16 09:00:00-05:00,,complete,renewal,normal,0.0
case_0979,submitted,2024-01-02 09:00:00-05:00,,complete,renewal,low,0.0
case_0979,intake_validation,2024-01-03 11:28:01.604090-05:00,clerk_002,complete,renewal,low,21.99
case_0979,assigned_to_reviewer,2024-01-08 09:00:00-05:00,,complete,renewal,low,0.0
case_0979,review_in_progress,2024-01-08 09:23:39.127961-05:00,reviewer_001,complete,renewal,low,56.57
case_0979,health_inspection,2024-01-10 10:42:07.748298-05:00,inspector_001,complete,renewal,low,70.54
case_0979,approved,2024-01-12 09:00:00-05:00,,complete,renewal,low,0.0
case_0980,submitted,2024-01-02 09:00:00-05:00,,complete,renewal,normal,0.0
case_0980,intake_validation,2024-01-04 09:00:00-05:00,clerk_001,complete,renewal,normal,62.53
case_0980,rejected,2024-01-05 09:00:00-05:00,,complete,renewal,normal,0.0
case_0981,submitted,2024-01-02 09:00:00-05:00,,complete,renewal,low,0.0
case_0981,intake_validation,2024-01-04 09:00:00-05:00,clerk_003,complete,renewal,low,32.72
case_0981,assigned_to_reviewer,2024-01-08 09:00:00-05:00,,complete,renewal,low,0.0
case_0981,review_in_progress,2024-01-08 09:15:45.759213-05:00,reviewer_002,complete,renewal,low,61.39
case_0981,health_inspection,2024-01-16 09:00:00-05:00,inspector_001,complete,renewal,low,55.1
case_0981,approved,2024-01-18 09:00:00-05:00,,complete,renewal,low,0.0
case_0982,submitted,2024-01-02 09:00:00-05:00,,complete,existing_business,high,0.0
case_0982,intake_validation,2024-01-04 09:00:00-05:00,clerk_001,complete,existing_business,high,25.84
case_0982,assigned_to_reviewer,2024-01-05 09:00:00-05:00,,complete,existing_business,high,0.0
case_0982,review_in_progress,2024-01-05 09:08:28.289455-05:00,reviewer_001,complete,existing_business,high,44.99
case_0982,health_inspection,2024-01-08 09:00:00-05:00,inspector_001,complete,existing_business,high,36.15
case_0982,approved,2024-01-16 09:00:00-05:00,,complete,existing_business,high,0.0
case_0983,submitted,2024-01-02 09:00:00-05:00,,complete,existing_business,low,0.0
case_0983,intake_validation,2024-01-03 12:12:57.394166-05:00,clerk_002,complete,existing_business,low,67.64
case_0983,assigned_to_reviewer,2024-01-08 09:00:00-05:00,,complete,existing_business,low,0.0
case_0983,review_in_progress,2024-01-08 09:25:27.195187-05:00,reviewer_003,complete,existing_business,low,71.71
case_0983,request_additional_info,2024-01-11 09:00:00-05:00,,complete,existing_business,low,0.0
case_0983,applicant_provided_info,2024-01-16 09:00:00-05:00,,complete,existing_business,low,0.0
case_0983,review_in_progress,2024-01-18 12:30:15.315862-05:00,reviewer_003,complete,existing_business,low,23.11
case_0983,health_inspection,2024-01-22 15:30:36.851378-05:00,inspector_002,complete,existing_business,low,50.58
case_0983,approved,2024-01-25 09:00:00-05:00,,complete,existing_business,low,0.0
case_0984,submitted,2024-01-02 09:00:00-05:00,,complete,existing_business,normal,0.0
case_0984,intake_validation,2024-01-04 09:00:00-05:00,clerk_002,complete,existing_business,normal,47.46
case_0984,assigned_to_reviewer,2024-01-08 09:00:00-05:00,,complete,existing_business,normal,0.0
case_0984,review_in_progress,2024-01-08 09:27:54.531357-05:00,reviewer_002,complete,existing_business,normal,41.58
case_0984,request_additional_info,2024-01-12 13:02:00.895838-05:00,,complete,existing_business,normal,0.0
case_0984,withdrawn,2024-01-17 09:00:00-05:00,,complete,existing_business,normal,0.0
case_0985,submitted,2024-01-02 09:00:00-05:00,,complete,new_business,normal,0.0
case_0985,intake_validation,2024-01-03 13:28:13.410452-05:00,clerk_001,complete,new_business,normal,42.04
case_0985,assigned_to_reviewer,2024-01-08 09:00:00-05:00,,complete,new_business,normal,0.0
case_0985,review_in_progress,2024-01-08 09:09:32.284590-05:00,reviewer_002,complete,new_business,normal,33.9
case_0985,health_inspection,2024-01-11 09:00:00-05:00,inspector_001,complete,new_business,normal,57.27
case_0985,approved,2024-01-16 09:00:00-05:00,,complete,new_business,normal,0.0
case_0986,submitted,2024-01-02 09:00:00-05:00,,complete,existing_business,normal,0.0
case_0986,intake_validation,2024-01-04 09:00:00-05:00,clerk_002,complete,existing_business,normal,22.63
case_0986,rejected,2024-01-08 09:00:00-05:00,,complete,existing_business,normal,0.0
case_0987,submitted,2024-01-02 09:00:00-05:00,,complete,renewal,normal,0.0
case_0987,intake_validation,2024-01-04 09:00:00-05:00,clerk_002,complete,renewal,normal,46.14
case_0987,assigned_to_reviewer,2024-01-08 09:00:00-05:00,,complete,renewal,normal,0.0
case_0987,review_in_progress,2024-01-08 09:14:30.363558-05:00,reviewer_002,complete,renewal,normal,40.62
case_0987,request_additional_info,2024-01-16 09:00:00-05:00,,complete,renewal,normal,0.0
case_0987,withdrawn,2024-01-22 09:00:00-05:00,,complete,renewal,normal,0.0
case_0988,submitted,2024-01-02 09:00:00-05:00,,complete,renewal,normal,0.0
case_0988,intake_validation,2024-01-04 09:00:00-05:00,clerk_001,complete,renewal,normal,20.89
case_0988,assigned_to_reviewer,2024-01-08 09:00:00-05:00,,complete,renewal,normal,0.0
case_0988,review_in_progress,2024-01-08 09:26:14.418085-05:00,reviewer_001,complete,renewal,normal,74.28
case_0988,health_inspection,2024-01-10 09:00:00-05:00,inspector_002,complete,renewal,normal,65.18
case_0988,approved,2024-01-16 09:00:00-05:00,,complete,renewal,normal,0.0
case_0989,submitted,2024-01-02 09:00:00-05:00,,complete,existing_business,normal,0.0
case_0989,intake_validation,2024-01-03 14:08:37.166275-05:00,clerk_002,complete,existing_business,normal,41.91
case_0989,assigned_to_reviewer,2024-01-08 09:00:00-05:00,,complete,existing_business,normal,0.0
case_0989,review_in_progress,2024-01-08 09:18:30.319772-05:00,reviewer_004,complete,existing_business,normal,47.57
case_0989,health_inspection,2024-01-16 09:00:00-05:00,inspector_002,complete,existing_business,normal,30.93
case_0989,approved,2024-01-23 09:06:42.558981-05:00,,complete,existing_business,normal,0.0
case_0990,submitted,2024-01-02 09:00:00-05:00,,complete,new_business,high,0.0
case_0990,intake_validation,2024-01-04 09:00:00-05:00,clerk_002,complete,new_business,high,77.9
case_0990,assigned_to_reviewer,2024-01-08 09:00:00-05:00,,complete,new_business,high,0.0
case_0990,review_in_progress,2024-01-08 09:19:32.735181-05:00,reviewer_001,complete,new_business,high,24.68
case_0990,request_additional_info,2024-01-11 09:00:00-05:00,,complete,new_business,high,0.0
case_0990,applicant_provided_info,2024-01-16 09:00:00-05:00,,complete,new_business,high,0.0
case_0990,review_in_progress,2024-01-19 09:00:00-05:00,reviewer_003,complete,new_business,high,53.61
case_0990,health_inspection,2024-01-22 09:00:00-05:00,inspector_003,complete,new_business,high,21.77
case_0990,approved,2024-01-25 13:55:43.083416-05:00,,complete,new_business,high,0.0
case_0991,submitted,2024-01-02 09:00:00-05:00,,complete,new_business,high,0.0
case_0991,intake_validation,2024-01-04 09:00:00-05:00,clerk_003,complete,new_business,high,50.46
case_0991,assigned_to_reviewer,2024-01-08 09:00:00-05:00,,complete,new_business,high,0.0
case_0991,review_in_progress,2024-01-08 09:16:28.977015-05:00,reviewer_002,complete,new_business,high,42.75
case_0991,request_additional_info,2024-01-16 09:00:00-05:00,,complete,new_business,high,0.0
case_0991,withdrawn,2024-01-22 09:00:00-05:00,,complete,new_business,high,0.0
case_0992,submitted,2024-01-02 09:00:00-05:00,,complete,existing_business,normal,0.0
case_0992,intake_validation,2024-01-04 09:00:00-05:00,clerk_002,complete,existing_business,normal,38.23
case_0992,assigned_to_reviewer,2024-01-08 09:00:00-05:00,,complete,existing_business,normal,0.0
case_0992,review_in_progress,2024-01-08 09:14:02.001051-05:00,reviewer_002,complete,existing_business,normal,51.51
case_0992,health_inspection,2024-01-12 15:57:54.968625-05:00,inspector_002,complete,existing_business,normal,53.12
case_0992,approved,2024-01-19 09:00:00-05:00,,complete,existing_business,normal,0.0
case_0993,submitted,2024-01-02 09:00:00-05:00,,complete,existing_business,normal,0.0
case_0993,intake_validation,2024-01-03 15:38:03.906397-05:00,clerk_001,complete,existing_business,normal,36.95
case_0993,assigned_to_reviewer,2024-01-05 13:18:53.389864-05:00,,complete,existing_business,normal,0.0
case_0993,review_in_progress,2024-01-05 13:46:11.134382-05:00,reviewer_002,complete,existing_business,normal,46.63
case_0993,request_additional_info,2024-01-10 14:35:06.115199-05:00,,complete,existing_business,normal,0.0
case_0993,applicant_provided_info,2024-01-16 09:00:00-05:00,,complete,existing_business,normal,0.0
case_0993,review_in_progress,2024-01-18 14:22:35.306011-05:00,reviewer_002,complete,existing_business,normal,56.8
case_0993,request_additional_info,2024-01-23 09:00:00-05:00,,complete,existing_business,normal,0.0
case_0993,withdrawn,2024-01-29 09:00:00-05:00,,complete,existing_business,normal,0.0
case_0994,submitted,2024-01-02 09:00:00-05:00,,complete,existing_business,normal,0.0
case_0994,intake_validation,2024-01-03 14:42:07.157980-05:00,clerk_003,complete,existing_business,normal,85.59
case_0994,assigned_to_reviewer,2024-01-05 09:00:00-05:00,,complete,existing_business,normal,0.0
case_0994,review_in_progress,2024-01-05 09:26:02.501143-05:00,reviewer_001,complete,existing_business,normal,61.52
case_0994,health_inspection,2024-01-08 09:00:00-05:00,inspector_002,complete,existing_business,normal,44.08
case_0994,approved,2024-01-12 09:00:00-05:00,,complete,existing_business,normal,0.0
case_0995,submitted,2024-01-02 09:00:00-05:00,,complete,new_business,normal,0.0
case_0995,intake_validation,2024-01-04 09:00:00-05:00,clerk_002,complete,new_business,normal,42.91
case_0995,assigned_to_reviewer,2024-01-08 09:00:00-05:00,,complete,new_business,normal,0.0
case_0995,review_in_progress,2024-01-08 09:12:05.817265-05:00,reviewer_001,complete,new_business,normal,68.45
case_0995,health_inspection,2024-01-11 09:00:00-05:00,inspector_001,complete,new_business,normal,60.57
case_0995,approved,2024-01-17 09:00:00-05:00,,complete,new_business,normal,0.0
case_0996,submitted,2024-01-02 09:00:00-05:00,,complete,existing_business,high,0.0
case_0996,intake_validation,2024-01-03 14:48:29.734824-05:00,clerk_002,complete,existing_business,high,29.86
case_0996,assigned_to_reviewer,2024-01-05 09:00:00-05:00,,complete,existing_business,high,0.0
case_0996,review_in_progress,2024-01-05 09:16:00.233573-05:00,reviewer_002,complete,existing_business,high,64.58
case_0996,request_additional_info,2024-01-08 16:28:15.649347-05:00,,complete,existing_business,high,0.0
case_0996,applicant_provided_info,2024-01-12 09:00:00-05:00,,complete,existing_business,high,0.0
case_0996,review_in_progress,2024-01-16 09:00:00-05:00,reviewer_002,complete,existing_business,high,44.63
case_0996,health_inspection,2024-01-19 09:00:00-05:00,inspector_003,complete,existing_business,high,33.29
case_0996,approved,2024-01-25 11:46:10.227158-05:00,,complete,existing_business,high,0.0
case_0997,submitted,2024-01-02 09:00:00-05:00,,complete,renewal,normal,0.0
case_0997,intake_validation,2024-01-04 09:00:00-05:00,clerk_002,complete,renewal,normal,34.08
case_0997,assigned_to_reviewer,2024-01-08 09:00:00-05:00,,complete,renewal,normal,0.0
case_0997,review_in_progress,2024-01-08 09:29:32.805856-05:00,reviewer_004,complete,renewal,normal,33.77
case_0997,request_additional_info,2024-01-16 09:00:00-05:00,,complete,renewal,normal,0.0
case_0997,applicant_provided_info,2024-01-22 09:00:00-05:00,,complete,renewal,normal,0.0
case_0997,review_in_progress,2024-01-25 09:00:00-05:00,reviewer_003,complete,renewal,normal,20.69
case_0997,health_inspection,2024-01-29 09:00:00-05:00,inspector_001,complete,renewal,normal,58.72
case_0997,approved,2024-02-01 09:00:00-05:00,,complete,renewal,normal,0.0
case_0998,submitted,2024-01-02 09:00:00-05:00,,complete,new_business,normal,0.0
case_0998,intake_validation,2024-01-04 09:00:00-05:00,clerk_002,complete,new_business,normal,63.97
case_0998,assigned_to_reviewer,2024-01-08 09:00:00-05:00,,complete,new_business,normal,0.0
case_0998,review_in_progress,2024-01-08 09:19:30.110225-05:00,reviewer_001,complete,new_business,normal,25.4
case_0998,health_inspection,2024-01-11 09:00:00-05:00,inspector_001,complete,new_business,normal,29.45
case_0998,approved,2024-01-16 09:00:00-05:00,,complete,new_business,normal,0.0
case_0999,submitted,2024-01-02 09:00:00-05:00,,complete,new_business,normal,0.0
case_0999,intake_validation,2024-01-04 09:00:00-05:00,clerk_001,complete,new_business,normal,39.92
case_0999,assigned_to_reviewer,2024-01-08 09:00:00-05:00,,complete,new_business,normal,0.0
case_0999,review_in_progress,2024-01-08 09:21:27.493612-05:00,reviewer_002,complete,new_business,normal,35.11
case_0999,request_additional_info,2024-01-12 11:09:42.270515-05:00,,complete,new_business,normal,0.0
case_0999,applicant_provided_info,2024-01-16 09:00:00-05:00,,complete,new_business,normal,0.0
case_0999,review_in_progress,2024-01-18 16:16:18.541555-05:00,reviewer_003,complete,new_business,normal,55.9
case_0999,health_inspection,2024-01-23 09:00:00-05:00,inspector_003,complete,new_business,normal,34.6
case_0999,approved,2024-01-29 09:00:00-05:00,,complete,new_business,normal,0.0
case_1000,submitted,2024-01-02 09:00:00-05:00,,complete,renewal,high,0.0
case_1000,intake_validation,2024-01-04 09:00:00-05:00,clerk_002,complete,renewal,high,57.02
case_1000,assigned_to_reviewer,2024-01-08 09:00:00-05:00,,complete,renewal,high,0.0
case_1000,review_in_progress,2024-01-08 09:22:39.264374-05:00,reviewer_001,complete,renewal,high,54.94
case_1000,request_additional_info,2024-01-11 09:00:00-05:00,,complete,renewal,high,0.0
case_1000,withdrawn,2024-01-16 09:00:00-05:00,,complete,renewal,high,0.0
